barcode,product_name,brands,categories,ingredients,energy_kcal,fat_g,saturated_fat_g,carbohydrates_g,sugars_g,fiber_g,protein_g,salt_g,sodium_g,nutriscore_grade,nutriscore_score,nova_group
6111242100992,Perly,Jaouda,"Snacks, Plain fermented dairy desserts with cream","milk cream, cream, sugar, banana, bacteria",97,3,0,9.4,9.4,0,8,0,0,a,0,3 - Processed foods
8901719134845,Parle-G Biscuit,Parle,Dry biscuits,"REFINED WHEAT FLOUR (MAIDA) 68%, SUGAR, REFINED PALM OIL, INVERT SUGAR SYRUP (SUGAR, CITRIC ACID), IODISED SALT, RAISING AGENTS [INS 503(ii), 500(ii)], MILK SOLIDS, FLOUR TREATMENT AGENTS [INS 1101(ii)] AND EMULSIFIER OF VEGETABLE ORIGIN [INS 472e] CONTAINS ADDED FLAVOURS (ARTIFICIAL FLAVOURING SUBSTANCE - VANILLA)mm",454,13,6,77.3,25.5,0,6.9,0.74,0.296,e,20,4 - Ultra processed food and drink products
8901719134852,Parle G biscuit,Parle,Biscuits,Energy.protrin.carbohydrate.,3.4,13,6,77.3,25.5,0,6.9,0,0,d,13,
8901063139329,bourbon,britannia,Biscuits,"Flavoured Sandwich BiscuitsINGREDIENTS: REFINED WHEAT FLOUR (MAIDAL SUGAR (331 Nutr REFINED PALM OIL, EDIBLE MAIZE STARCH, COCOA SOLIDS (2:7% Per 1 MILK SOLIDS, RAISING AGENTS (500i)& 503(0)1, EMULSIRERS r (471& 322(0)) AND IODISED SALT, CONTAINS PERMITTED HATURAL (150a&150d)&SYNTHETIC (122,110, 133&102) FOOD COLOURS AND ADDED FLAVOURS (NATURE IDENTICAL&ARTIFICIAL (VANILLA, CHOCOLATE MILK MILKY COCOA) FLAVOURING SUBSTANCES (Numbers in brackets as per International Numbering System CONTAINS WHEAT, MILK AND SOYA STORE IN A CO00L, HYGIENIC AND DRY PLACE TRANSFER wChole CONTENTS T0 A CLEAN AIRTIGHT CONTAINER ONCE OPENEDof wFatEner",492,19.9,7.7,73.4,37,0,4.7,295,118,e,43,4 - Ultra processed food and drink products
8906010500764,balaji wafers chataka pataka,Balaji,"Biscuits, Crisps, Crackers (Appetizers), namkeen","RICE MEAL (43%), EDIBLE VEGETABLE OIL (PALMOLEIN, RICE BRAN), CORN MEAL (3%), CHICKPEA FLOUR, EDIBLE COMMON SALT, SPICES & CONDIMENTS 2% (CUMIN, CHILLI BLACK PEPPER, DRY MANGO), DEHYDRATED VEGETABLE POWDER (ONION, GARLIC) SUGAR, ACIDITY REGULATOR (INS 330), ANTICAKING AGENT (INS 551), FLAVOUR ENHANCER (INS 627, INS 631), NATURAL AND NATURE IDENTICAL FLAVOURING SUBSTANCES (GARLIC, BLACK PEPPER), PAPRIKA EXTRACT (INS 160C)",514,25,12,63.3,2,0,7,0.868,0.3472,e,20,4 - Ultra processed food and drink products
8901063093522,Good Day - Cashew Cookies,Britannia,"Biscuits or cookies variety packs, Biscuit mixes, Biscuits/Cookies (Shelf Stable)","INGREDIENTS REFINED WHEAT FLOUR (MAIDA), EDIBLE VEGETABLE OIL (PALM), SUGAR, CASHEW NUTS (4.5%), INVERT SYRUP, MILK SOLIDS, BUTTER (96%), RAISING AGENTS (503&5000TH 100ISED SALT AND EMULSIFIERS (322,471,472) CONTAINS ADDED FLAVOURS (NATURE IDENTICAL AND ARTIFICIAL (MILK AND VANILLA) FLAVOURING SUBSTANCES! (Numbers in brackets as per laternational Numbering System) CONTAINS WHEAT, NUTS, MILK AND SOYA.",512,24,11,67,22,0,7,0,0,unknown,0,4 - Ultra processed food and drink products
8901063162914,Marie Gold Biscuit,Britannia,Biscuits,"REFINED WHEAT FLOUR (MAIDA) (73%), SUGAR, REFINED PALM OIL, INVERT SUGAR SYRUP, MILK PRODUCTS (MILK SOLIDS & SWEETENED CONDENSED PARTLY SKIMMED MILK), RAISING AGENTS [503(i)&500), 10DISED SALT, MINERALS, ARTIFICIAL (MILK & VANILLA) & NATURE IDENTICAL FLAVOURING SUBSTANCES, EMULSIFIER (472e), DOUGH CONDITIONER (223) VITAMINS AND COLOUR (150d).",445,10.6,5.1,79.5,21.2,0,7.9,0.79,0.316,e,19,4 - Ultra processed food and drink products
8906010500245,Balaji Wafers Masala Sev Murmura,Balaji Wafers,Wafers,,482,23.2,10.5,53.8,9.4,7,10.9,2.0275,0.811,e,24,
8906010502232,Balaji wafers panjabi tadka,Balaji,"Crisps, Namkeen","EDIBLE VEGETABLE OIL (PALMOLEIN, RICE BRAN), POTATO FLAKES (23%), CHICKPEA FLOUR (19%), MOTH BEAN FLOUR, STARCH, BLACK SALT, EDIBLE COMMON SALT, SUGAR, DEHYDRATED VEGETABLE POWDER ONION GARLIC, SPICES & CONDIMENTS (CHILLI, DRY MANGO, CUMIN, CORIANDER TURMERIC, NUTMEG, MACE), MILK SOLIDS (WHEY) (0.06%), HYDROLYZED VEGETABLE PROTEIN (SOYA), ACIDITY REGULATOR (INS 296, INS 330 ANTICAKING AGENT (INS 551), FLAVOUR ENHANCER (INS 627, INS 631 TURAL & NATURE IDENTICAL FLAVOURING SUBSTANCES (CHILLI, CUMIN",608,43.9,20.7,42.3,2,6.5,7.7,2.5825,1.033,e,25,4 - Ultra processed food and drink products
8906010500900,wheels,Balaji,Appetizers,"REFINED WHEAT FLOUR (MAIDA) (60%), EDIBLE VEGETABLE OIL (PALMOLEIN, RICE BRAN), TAPIOCA STARCH, CORN FLOUR, EDIBLE COMMON SALT, DEHYDRATED VEGETABLE POWDER (ONION, GARLIC, TAMARIND), SPICES & CONDIMENTS 2% (DRY MANGO, CHILLI, PEPPER, CUMIN), SUGAR, YEAST EXTRACT, ACIDITY REGULATOR (INS 296, INS 330, INS 334), NATURAL & NATURE IDENTICAL FLAVOURING SUBSTANCES (MASALA), FLAVOUR ENHANCER (INS 627, INS 631), ANTICAKING AGENT (INS 551, INS 341 (III)), PAPRIKA EXTRACT (INS 160C).",484,21.5,10.3,62.6,3,0,75,355942.5,142377,e,36,4 - Ultra processed food and drink products
8906010500023,POTATO WAFERS,Balaji,"Appetizers, POTATO WAFERS","POTATO (89%), EDIBLE VEGETABLE OIL (PALMOLEIN), EDIBLE COMMON SALT (0.4%).",0,32.9,15.7,53.4,0.8,7.2,7.7,962.5,385,e,27,3 - Processed foods
7622202225512,Original Oreo,Cadbury,"Filled biscuits, Des","Refined Wheat Flour (Maida), Sugar, Fractionated Fat, Palmolein, Invert Sugar, Cocoa Solids (2%) Lening Agents 50g (i), 503(ii), Starch, lodised Salt, Emulsifies Naturetical Flavouring Substances. Allergen Inition Contains Wheat, Sulphite, Soy. May Contain and Barley. T&C apply €40 e 2025/7/18 21:04",483,19.6,9.7,71.9,38.9,0,5.2,1.05,0.42,e,31,4 - Ultra processed food and drink products
8901063092853,Good Day cashew cookie,Britannia,Biscuits,"REFINED WHEAT FLOUR, SUGAR, EDIBLE VEGETABLE OIL (PALM), SUGAR, CASHEW BUTS (4.5%), INTERESTERIFIED VEGETABLE FAT, COCOA SOLIDS (3%), INVERT SYRUP, MILK SOLIDS, BUTTER (0.6%) RAISING AGENTS [503(II), 500(II), IODISED SALT AND EMULSIFIER(322, 471, 472E). CONTAINS ADDED FLAVOURS [NATURE IDENTICAL AND ARTIFICIAL FLAVOURING SUBSTANCES - MILK AND VANILLA]",504,24,11,65,22,0,7,0.545,0.218,e,24,4 - Ultra processed food and drink products
8901719129988,Happy happy - Parl,Parle,"Biscuits, Happy happy biscuit","REFINED WHEAT FLOUR(MAIDA), SUGAR, REFINED PALM OIL, CHOCO CHIPS(8.4%), [SUGAR, EDIBLE VEGETABLE FAT (HYDROGENATED OILS), COCOA SOLIDS, DEXTROSE, EMULSIFIER (SOY LECITHIN) AND ARTIFICIAL FLAVOURING SUBSTANCES (VANILLA)], INVERT SUGAR SYRUP, COCOA SOLIDS (0.5%), IODISED SALT, RAISING AGENTS [503 (ii), 500 (ii)] AND EMULSIFIER OF VEGETABLE ORIGIN (472e) CONTAINS PERMITTED NATURAL FOOD COLOURS [ 150c, 150d ] AND ADDED FLAVOUR (ARTIFICIAL FLAVOURING SUBSTANCES - CHOCOLATE).",469,15.9,8.6,75.2,31,0,6.1,0,0.205,e,21,4 - Ultra processed food and drink products
7622202334009,dairy milk,"Cadbury, Dairy Milk",Milk chocolates,,525,27.9,18.7,62.6,58.8,0,6.8,0.2675,0.107,e,32,
8906010500627,Chataka Pataka Tangy Tomato,Balaji,"Crisps, Chatapataka, Chis","Rice meal (42%), edible vegetable oil (palmolein, rice bran), corn meal (13%), chickpea flour, sugar, edible common salt, dehydrated vegetable powder (tomato (0.8%), onion, garlic), chilli powder, anticaking agent (ins 551), emulsifier (ins 414), flavour enhancer (ins 627, ins 631), natural & nature identical flavouring substances (tomato).",554,33.2,16,56.2,5,0,6.5,1.775,0.71,e,25,4 - Ultra processed food and drink products
8901491100519,Kurkure,Kurkure,"Crisps, Namkeen","Cereal Products (66%) (Rice Meal (43.5%), Corn Meal (23%)), Edible Vegetable Oil (Palmolein),*Seasoning (~Spices and Condiments, lodised Salt, Sugar, Flavour (Natural and Nature Identical Flavouring Substances), Black Salt, Tomato Powder, Acidity Regulators (330, 296, 334), Colour(160c), Maltodextrin) , Gram Meal (0.5%).",557,33.7,7.7,57.7,2.2,0,6,1.99,0.796,e,22,4 - Ultra processed food and drink products
8901063029255,Jimjam 57g (57),Britannia,Biscuits,"REFINED WHEAT FLOUR (MAIDA), SUGAR (24%), REFINED PALM OIL & INTERESTERIFIED VEGETABLE FAT, INVERT SUGAR SYRUP, DEXTROSE, MILK PRODUCTS (MILK SOLIDS & SWEETENED CONDENSED MILK), EDIBLE MAIZE STARCH, MALTODEXTRIN, FRUIT PRODUCTS (0.7%) (APPLE JUICE CONCENTRATE, BANANA POWDER & PLUM JUICE CONCENTRATE), IODISED SALT, EMULSIFIERS [322(i) & 471], RAISING AGENTS [503(ii) & 500(ii)], NATURE IDENTICAL AND ARTIFICIAL (MIXED FRUIT, VANILLA & BUTTER) FLAVOURING SUBSTANCES, ACIDITY REGULATORS (330 & 331), GELLING AGENT (440) AND COLOUR (122). (Numbers in brackets as per International Numbering System) CONTAINS WHEAT, MILK AND SOYA. ydrate-73g, of which Total 31 Total Fat-19g/141 no unsaturated fatty acids-7.29 fss Lic. No. 10015 100120260N For Mfg unit address & Lic. No. read the last two characters of CWALIOR 474005, MADHYA PRADESH Lic. No. the &quot;Lot No. and see address panel. 06-1.8. MANGHARAM FOODS 01129",483,19,9.5,73,32.9,0,5,0,211,d,18,4 - Ultra processed food and drink products
8906010502119,Chataka pataka,Balaji,"Crisps, Chataka pataka",,551,32.7,15,55.5,1,1,6.8,1,0.4,d,14,
8906010502294,Flaming hot nachos,,Crisps,"CORN (74%), EDIBLE VEGETABLE OIL (PALMOLEIN, RICE BRAN), EDIBLE COMMON SALT, CHILLI POWDER, BLACK SALT, MALTODEXTRIN, DEHYDRATED VEGETABLE POWDER (GARLIC, ONION, LEMON), HYDROLYZED VEGETABLE PROTEIN (SOYA), ACIDITY REGULATOR (INS 330), FLAVOUR ENHANCER (INS 627, INS 631), YEAST EXTRACT, OREGANO, ANTICAKING AGENT (INS 551), NATURAL & NATURE IDENTICAL FLAVOURING SUBSTANCES (CHILLI, LEMON), PAPRIKA EXTRACT (INS 160C).",557,30.9,14,57,0.1,0,9,1.79,0.716,e,24,4 - Ultra processed food and drink products
8906010500078,Balaji Farali Chivda,Balaji Namkeen,Snacks,"POTATO (75%) ROASTED PEANUT (12%), EDIBLE VEGETABLE OIL, SUGAR, ROCK SALT, SPICES & CONDIMENTS (CHILLI, TURMERIC, DRY MANGO, CLOVE, CAROM SEED, CARDAMOM NUTMEG, MACE, BAY LEAVES).",589,38.9,14,8,8,7.6,15.2,1.01,0.404,d,17,3 - Processed foods
8901491366052,Puffcorn,Kurkure,"Crackers (Appetizers), Corn chips, Puffed salty snacks","Cereal Products (67%) (Corn Meal (53%). Rice Meal), Edible Vegetable Oil (Palmolein), ++Seasoning (Sugar, lodised Salt, Maltodextrin, &quot;Spices and Condiments, Milk Solids, Cheese, Salt Substitute (Potassium Chloride), Flavour (Natural and Nature Identical Flavouring Substances), Flavour Enhancers (627, 631), Acidity Regulators (296, 330), Emulsifying & Stabilising Agent (331 (iii), 471, 327), Gram Meal, Firming Agent (170(i)), lodised Salt. **As flavouring agent. ~Contains Onion and Garlic ALLERGEN ADVICE: Contains Soy, Milk, Wheat",555,34.5,16,56.2,1,0,6,2.23,0.892,e,27,4 - Ultra processed food and drink products
8901719135248,Krackjack,Parle,Biscuits,"REFINED WHEAT FLOUR (MAIDA), REFINED OILS (PALMOLEIN AND PALM), SUGAR (19.1%), RAISING AGENTS [ 503 (ii), 10 (ii), 341 (i) ], INVERT SUGAR SYRUP, IODISED SALT(0.9%) YEAST, ACIDITY REGULATORS [270,296], FLOUR TREATMENT AGENTS [223,1101 (ii),1100(i)], EMULSIFIER OF VEGETABLE ORIGIN [472e] CONTAINS ADDED FLAVOURS (ARTIFICIAL FLAVOURING SUBSTANCE-VANILLA, BUT ER)",489,19.9,9.4,70.5,19.6,0,6.8,0.9275,0.371,e,24,4 - Ultra processed food and drink products
8906010501570,Balaji Wafers Crunchex,Balaji,"Crisps, Salty snacks made from potato, Kurkure","POTATO (84%), EDIBLE VEGETABLE OIL (CONTAINS ONE OR MORE OF THE FOLLOWINGS: PALMOLEIN, GROUNDNUT), **SEASONING [SUGAR, MALTODEXTRIN, SALT, SPICES & CONDIMENTS (CHILLI (0.5%), PEPPER), DEHYDRATED VEGETABLE POWDER (ONION, GARLIC, TOMATO), BLACK SALT, ACIDITY REGULATOR (INS 330, INS 296, INS 334), MILK SOLIDS (0.1%), HYDROLYZED VEGETABLE PROTEIN SOYA), ANTICAKING AGENT (INS 551), FLAVOUR ENHANCER (INS 627, INS 631) FLAVOUR (NATURAL & NATURE IDENTICAL FLAVOURING SUBSTANCES), PAPRIKA EXTRACT (INS 160C), STABILIZER (INS 340), EMULSIFIER (INS 470)]",545,30.7,14.4,55,3.8,9.3,7.5,0.002418,0.000967,d,12,4 - Ultra processed food and drink products
8996001312506,Malkist Cheese Flavoured Crunchy Layered Cracker Biscuits,Mayora,"Biscuits, Crackers (Appetizers), cream-biscuit","Refined Wheat Flour Edible Vegetable Oil (Palmolein) Sugar (15.8%), Whey Powder, Glucose Syrup, Milk Solids (1.67%)(SMP), Cheese Powder (Cheese, Maltodextrin)(1.62%), Tapioca Starch, Leavening Agent (E503(ii), E500(ii)), Edible Common Salt, Baker's Yeast, Malt Extract (0.42%), Butter, Artificial Flavouring Substance (Cheese), Emulsifier (Soy Lecithin E322(i)), Vitamin Premix (Thiamine Mononitrate, Riboflavin, Pyridoxine Hydrochloride, Cyanocobalamin), Permitted Synthetic Food Colour (E102, E110).",491,22.8,15.3,63.7,16.5,0,7.7,1.3575,0.543,e,26,4 - Ultra processed food and drink products
8901058005233,Kitkat mini chocolate coated wafer,"KitKat, Nestle nutrition","Chocolate candies, Bars, Chocolate biscuits, Dark chocolate bar","Sugar, Milk Solids. Fractionated vegetable Fat, Hydrogenated Vegetable fats, Refined Wheat flour (Maida), Cocoa solids (4.5%), Emulsifier (Soya lecithin), Yeast, Raising agent, Artificial flavouring substance (vanilla), Iodised salt, Flour treatment agent (516) and Nature Identical flavoring substance",438,24.8,24.5,47.4,35.1,0,6.4,0.2435,0.0974,e,26,4 - Ultra processed food and drink products
8901063023901,Marie Gold,Britannia,"Biscuits, Snack biscuit with fruits filling","REFINED WHEAT FLOUR (MAIDA)(73%), SUGAR, REFINED PALM OIL, INVERT SUGAR SYRUP, MILK SOLIDS, RAISING AGENTS [503(ii) & 500 (ii)], IODIZED SALT, EMULSIFIER(472e), CALCIUM SALT, DOUGH CONDITIONER(223), VITAMINS*, FERROUS SALT AND POTASSIUM IODATE. CONTAINS PERMITTED NATURAL COLOUR (150d) AND ADDED FLAVOURS NATURE IDENTICAL & ARTIFICIAL (MILK & VANILLA) FLAVOURING SUBSTANCES] (Numbers in brackets as per International Numbering System) CONTAINS WHEAT, MILK AND SULPHITE.",445,10.7,5.2,78.9,21.9,0,8.4,0.7975,0.319,e,19,4 - Ultra processed food and drink products
8901719135118,MONACO,Parle,"Appetizers, Biscuits, Monaco-biscuit",Biscuit,492,20.9,9.7,68,8.4,0,7.9,0,0,d,12,3 - Processed foods
8901063162532,Marie gold,Britannia,Biscuits,,445,10.6,5.1,79.5,21.2,0,7.9,0,0,d,16,
8901491361026,Kurkure Masala Munch,"Kurkure, PepsiCo","Crisps, Crackers (Appetizers), Puffed salty snacks, Masala-munch-with-gingelly-oil","Cereal Products(61%)(Rice Meal(42%),Corn Meal(19%),Edible vegetable oil(palmolein,sesame oil),*Seasoning(~spices and condiments,iodised salt,maltodextrin,sugar,black salt,acidity regulators(330,296,334),tomato powder,hydrolysed soy protein,flavour(natiral and nature identitical flavouring substances),Dxtrose,emulsfier(414),milk solids,edibile starch,flavour enhancers(627&631)),Gram meal(3%) *as flavouring agent . ~contains onion and garlic",558,34.7,15.6,55.2,1,0,6.4,2.23,0.892,e,27,4 - Ultra processed food and drink products
8906010500863,Shing Bhujiya - Nimbu Chatka,Balaji Wafers,"Appetizers, Bhujia, Shing-bhujiq",,616,44.2,11.4,28.1,3.1,0,20.2,2.7725,1.109,e,30,
8906010500214,Balaji Wafers Sev Murmura,Balaji Wafers,"Snacks, Puffed rice","PUFFED RICE (50%), CHICKPEA FLOUR (24%), EDIBLE VEGETABLE OIL (PALMOLEIN, RICE BRAN, CORN), RICE FLOUR, EDIBLE COMMON SALT, SPICES&CONDIMENTS (TURMERIC, CHILLI, CLOVE, GINGER, ASAFOETIDA, CURRY LEAVES), REFINED WHEAT FLOUR (MAIDA), GUM ACACIA.",507,23.4,11,60.6,0,5,10.9,2.02,0.808,e,24,4 - Ultra processed food and drink products
8906032018513,Doodh Biscuits,Patanjali,Biscuits,"Wheat Flour (Atta )- 58.6%, Edible Vegetable Oil (Palm), Sugar, Liquid Glucose, Milk Solids (1.7%), lodized Salt, Leavening agents [INS-500(ii), INS 503(ii), INS - 341(1), Cheese, Dough Conditioner (INS 223), Antioxidant (INS 319), Emulsifier [INS 322). Natural, Nature Identical Artificial Flavouring Substances (Milk & Vanilla). CONTAINS WHEAT, MILK, SOY, SULPHITE",468,17,8.3,72,24,6,7.2,0.8725,0.349,e,20,4 - Ultra processed food and drink products
8906010500016,Simply Salted,Balaji Wafers,Crisps,"Potato (89%), Edible Vegetable Oil (Palmolein), Iodized Salt (0.4%).",554,32.9,15.7,53.4,0.8,7.2,7.7,0.9625,0.385,d,16,3 - Processed foods
8901491001168,Masala munch,,Appetizers,,558,34.6,15.6,55.2,1,0,6.4,2.23,0.892,e,27,
8901725118938,Bingo Tedhe Medhe,Bingo,"Crisps, Plain salty snacks",chili powder extra,546,32.8,15.5,57.3,1.7,0,5.5,1.846,0.7384,e,25,
0716270001660,Ginger Crystallized In Dark Chocolate,Chocolove,"Candied fruits, Ginger, Crystallized ginger, Groceries","dark chocolate (cocoa liquor*, sugar, cocoa butter*, soy lecithin, vanilla), crystallized ginger (ginger, sugar)",500,33.33,20,53.33,40,10,6.67,0,0,not-applicable,0,4 - Ultra processed food and drink products
8901719105913,parle hide & seek 120g,PARLE,Chocolate biscuits,"Refined wheat flour (maida), chocolate 23% (sugar, cocoa solids, cocoa butter, dextrose), sugar, refined palm oil, invert sugar syrup, raising agent, cocoa solids, iodised salts",479,18,9.4,73.4,32.2,0,5.9,0,0,e,23,4 - Ultra processed food and drink products
8901719121630,20-20,Parle,"Confectioneries, Biscuits",,482,18.6,8.5,71.9,24.1,0,6.7,0.6,0.24,e,23,
8901719130014,Happy happy biscuit - Parle - Parle,Parle,"Biscuits, Happy happy",,489,20.1,10.6,71.5,31,0,5.5,0,0,d,18,
8901491101844,Lay's Potato Chips,Lay's,Flavoured potato crisps,"potato, edible vegetable oil (sunflower oil, corn oil, and/or canola oil), spices and condiments (onion powder, chilli powder, dry mango powder, coriander powder, ginger powder, garlic powder, black pepper powder, turmeric powder, cumin powder, salt, black salt, sugar, tomato powder, citric acid, tartaric acid, natural flavors (e160b)",538.981835,33.1,14.5,53.4,2.5,0,6.9,2.065,0.826,e,26,4 - Ultra processed food and drink products
8904004400731,Aloo bhujia,Haldiram's,"Snacks, Namkeen","Potato, Refined Palmolein Oil, Bengal Gram Hour (Besan), Potato Flakes,Potato Starch Tapioca Starch, Tapary Beans (Moth Dal) Flour, iodised Salt, Red Chilli Powder, Black Salt, Acidity Regulator (INS 330), Black Pepper, Clove, Cardamom, Dried Ginger Powder, Dried Garlic Powder, Refined Sugar, Cumin Powder, Bay Leaves, Nutmeg, Cinnamon and Mint Leaves CONTAINS ADDED NATURAL, NATURE IDENTICAL",569,38.12,16.5,46.1,0.25,3.56,8.68,1.5375,0.615,e,23,3 - Processed foods
8904004400236,Haldiram's Soya sticks,Haldirams,"Snacks, Soya snack","Tapioca Starch, Edible Vegetable Oil (Palmolein, Cotton Seed, Corn, Sunflower, Rice Bran), Soya Flour (9%), Split Pulse Urad (Urad Dal) Flour, Mixed Spices (Refined Sugar, lodised Salt, Maltodextrin, Black Salt, Red Chilli Powder, Dried Mango Powder, Onion Powder, Glucose Powder, Preservative (INS 262 i), Coriander Powder, Cumin Powder, Fennel, Whey Powder, Ginger Powder, Garlic Powder, Clove Powder, Yeast Extract, Pipal, Black Pepper, Acidity Regulator (INS 296), Flavour Enhancer (INS 627, INS 631), Turmeric Powder, Anticaking Agent (INS 551), Bay Leaves, Acidity Regulator (INS 330), Colour (INS 160 c), Nutmeg, Capsicum Powder, Cinnamon & Asafoetida), Hydrogenated Vegetable Oil (Vanaspati), Natural Flavouring Substance And Nature Identical Flavouring Substance Allergen: Contains Soy & Milk May Contains Wheat & Nut.",554,38.21,18.56,45,1.86,5.26,7.46,0,0,c,4,4 - Ultra processed food and drink products
8904004403718,Moong Dal,Haldiram's,"Crisps, Mung beans, Vegan, Vegetarian","Split Pulse Moong (Moong Dal) (77 %), Cotton Seed Oil Refined & lodised Salt.",476,20.93,5.64,50.66,0,7.52,21.31,0.975,0.39,c,3,3 - Processed foods
8901719117183,Hide & Seek,Parle,Biscuits,,470,18.6,9.4,73.4,32.5,0,5.9,0.285,0.114,e,24,
8901491101837,Lays Classics Salted 20rs,Lay's,Potato crisps,"Potato, Edible Vegetable Oil  (Palmolein Oil), &quot;Seasoning (Maltodextrin, lodised Salt, &quot;Spices & Condiments, Sugar, Flavour (Natural and Nature Identical Flavouring Substances), Anticaking Agent (551), Flavour Enhancers (627, 631), Edible Vegetable Oil (Palm)).  &quot;As flavouring agent. &quot;Contains Onion & Garlic",554,35.5,14,51.7,2.6,0,7,0.51,0.204,d,18,4 - Ultra processed food and drink products
8906010501228,Scoopitos Masala Flavour,Balaji Wafers,Crisps,,519,27.8,0,57.8,40,4.8,7.1,3.3825,1.353,unknown,0,
8901719135217,Krackjack,Parle,Biscuits,"REFINED WHEAT FLOUR (MAIDA), REFINED OILS (PALM AND PALMOLEIN), SUGAR (17%), RAISING AGENTS [ 503 (ii), 500 (ii),341 (i) ], INVERT SUGAR SYRUP, IODISED SALT (0.9%), YEAST, ACIDITY REGULATORS [ 270, 296 ], FLOUR TREATMENT AGENTS [223, 1101 (ii), 1100(i) ], EMULSIFIER OF VEGETABLE ORIGIN [DIACETYLTARTARIC AND FATTY ACID ESTERS OF GLYCEROL ] CONTAINS ADDED FLAVOURS (ARTIFICIAL FLAVOURING SUBSTANCES - VANILLA, BUTTER).",489,19.9,9.4,70.5,19.6,0,0,0.9275,0.371,unknown,0,4 - Ultra processed food and drink products
8901063093287,Good Day Cashew Cookies,Britannia,Biscuits,"REFINED WHEAT FLOUR, SUGAR, EDIBLE VEGETABLE OIL (PALM), CASHEW NUTS (4.5%), BUTTER (3%), INVERT SYRUP, MILK SOLIDS, RAISING AGENTS (INS 503, INS 500), EDIBLE COMMON SALT AND EMULSIFIERS (INS 322, INS 471, INS 472e)",504,24,11,65,22,0,7,0,0,e,22,4 - Ultra processed food and drink products
8904004402261,PHALHARI CHIWDA,Haldiram,Appetizers,"Potato, (Peanuts), Refined Palmolein Oil, Refined Sugar, Rock Salt, Red Chilli, Black Pepper, Poppy Seed, Dried Ginger Powder, Clove Powder, Cumin, Nutmeg, Cardamom & Cinnamon. Groundnut",595.555556,42,8.666667,38,10,4.444444,14.222222,0.5588,0.22352,d,17,3 - Processed foods
8901491503051,West Indies' Hot 'n' Sweet Chilli Potato Chips,Lay's,Potato crisps,"Potato, Edible Vegetable Oil (Palmolein Oil), *Seasoning (Sugar, Maltodextrin, lodised Salt, Flavour (Natural and Nature Identical Flavouring Substances), &quot;Spices & Condiments, Flavour Enhancers (627 & 631), Edible Vegetable Oil (Palm, Sunflower, Peanut), Hydrolysed Vegetable Protein, Anticaking agent (551), Cocoa Solids, Lactose). &quot;As flavouring agent. &quot;Contains Onion and Garlic",534,31.9,0,55.4,0,0,6.3,0,0,unknown,0,4 - Ultra processed food and drink products
8901491101813,Lays american cream onion,"Lay's, PepsiCo",Flavoured potato crisps,"Potato (83%). Edible Vegetable Oil&quot;.  *Seasoning (Sugar, lodised Salt, Milk Solids (1.2%), Spices and Condiments, Maltodextrin, Flavour (Natural and Nature Identical Flavouring Substances), Cheese Powder (0.3%), Hydrolysed Vegetable Protein, Flavour Enhancers (627, 631), Edible Vegetable Oil (Palm, Coconut)).  As flavouring agent.  To know the specific type of oil used and its saturated fat value, match the symbol or # with the last character of batch number where ◊ denotes Palmolein and # denotes Rice Bran Oil.",537,33.1,12.5,53,3.4,0,6.7,1.6075,0.643,e,24,4 - Ultra processed food and drink products
8901058903164,KitKat win gold,Nestlé,"fr:Barre chocolatée biscuitée type KitKat, Sweet snacks candies","Sugar, Milk solids (16.2%),Fractionated vegetable fat,  Hydrogenated vegetable fats,Refined Wheat flour (Maida), Cocoa solids (4.5%), Emulsifier (Soya lecithin), Yeast,Raising agent (500(ii))Artificial (Vanilla)flavouring substance, lodized salt, Flour treatment agent (516), and Nature-Identical flavouring substances Contains Wheat, Milk, Sesame and Soy. May Contains Nut.",436.363636,24.935065,24.935065,47.792208,35.324675,0,6.233766,0.244156,0.097662,e,26,4 - Ultra processed food and drink products
8901725015275,Dark Fantasy,Sunfeast is sold by ITC Limited,"Biscuits, Chocolates","CHOCO CRÈME (38.0%) (SUGAR, REFINED PALMOLEIN, REFINED PALM OIL, COCOA SOLIDS, EMULSIFIER [LECITHIN (FROM SOYABEAN)], NATURE IDENTICAL FLAVOURING SUBSTANCES (CHOCOLATE), ARTIFICIAL FLAVOURING SUBSTANCES (VANILLA)), MAIDA (REFINED WHEAT FLOUR), HYDROGENATED VEGETABLE OIL, SUGAR, INVERT SYRUP, LIQUID GLUCOSE, RAISING AGENTS [INS 503(ii), INS 500(ii), INS 450(i)], COCOA SOLIDS (0.7%), BUTTER, MILK SOLIDS, IODIZED SALT, NATURE IDENTICAL FLAVOURING SUBSTANCES (MILK CHOCOLATE), COLOURS (INS 150c, INS 150d), EMULSIFIERS [LECITHIN (FROM SOYABEAN), MONO AND DIGLYCERIDES OF FATTY ACIDS (FROM PALM OIL)], ARTIFICIAL FLAVOURING SUBSTANCES (MILK, VANILLA). CONTAINS WHEAT, MILK, SOY. MAY CONTAIN NUT, SULPHITE.",507,27.3,12.7,61.1,35.7,0,7.3,0.45375,0.1815,e,28,4 - Ultra processed food and drink products
8901725118921,tedha medha,bingo,Crisps,"CEREALS AND PULSES MIX {RICE GRITS, DEGERMED CORN GRITS, BENGAL GRAM GRITS, PEA GRITS), *EDIBLE VEGETABLE OIL AND SEASONING {ONION POWDER, SPICES AND CONDIMENTS, IODIZED SALT, MALTODEXTRIN, BLACK SALT FLAVOUR ENHANCERS (508, 635), ACIDITY REGULATORS (MALIC ACID, CITRIC ACID, TARTARIC ACID), TOMATO POWDER, SUGAR, HYDROLYZED VEGETABLE PROTEIN, GARLIC POWDER, NATURE IDENTICAL FLAVOURING SUBSTANCES AND NATURAL FLAVOURS AND NATURAL FLAVOURING SUBSTANCES}. *TO KNOW THE SPECIFIC TYPE OF OIL USED, MATCH THE SYMBOL (^ OR AA WITH THE LAST CHARACTER OF BATCH NUMBER WHEREIN A DENOTES REFINED PALMOLEIN AND AA DENOTES REFINED RICE BRAN OIL. USED AS FLAVOURING AGENTS. CONTAINS SOY. MAY CONTAIN MILK, WHEAT, BARLEY. es DO NOT BUY THIS PACK IF FOUND TAMPERED WITH.",541,32.8,14.8,55.9,1.8,0,6.9,0,0,d,16,4 - Ultra processed food and drink products
8901491503037,American Style Cream & Onion 10rs,"Lay's, PepsiCo",Flavoured potato crisps,"Potato, Edible Vegetable Oil (Palmolein, Rice Bran Oil), *Seasoning (Sugar, Iodised Sat, _Milk_ Solids, ~Spices & Condiments, Maltodextrin, Flavour (Natural and Nature Identical Flavouring Substances), Cheese Powder, Hydrolysed Vegetable Protein, Flavour Enhancers (627, 631), Edible Vegetable Oil (Palm, Coconut), Anticaking agent (551)). *As fiavouring agent. ~Contains Onion ALLERGEN ADVICE: Contains _Soy_, _Milk_ May Contain _Sulphite_",537,33.1,12.5,53,3.4,0,6.7,1.6075,0.643,e,24,4 - Ultra processed food and drink products
8901719135088,Monaco,Parle,Appetizers,,492,20.6,9.7,68.8,8.4,0,7.9,2.2275,0.891,e,28,
8410076601445,Nature valley crunchy,Nature Valley,"Cereal bars, barres-de-céréales, snacks-sucrés","Avoine complète (56%), sucre, huile de tournesol, beurre de cacahuètes (8%) (cacahuète, sel), morceaux de cacahuètes (2%), mélasse, miel. sel, poudre à lever: bicarbonate de sodium; émulsifiant: lécithine de tournesol.",479,20.7,2.4,59.8,25.6,6.6,10.2,0.89,0.356,d,14,4 - Ultra processed food and drink products
8901123001214,Lotte Choco Pie,Lotte,"Confectioneries, Biscuits, Treat","CHOCO COVERING (25%) [SUGAR, HYDROGENATED VEGETABLE FAT (PALM), COCOA SOLIDS, MILK SOLIDS. MULSIFIERS (322,476), ARTIFICIAL IDENTICAL FLAVOURING SUBSTANCE (VANILLA)], REFINED WHEAT FLOUR (MAIDA), SUGAR, LIQUID GLUCOSE, ENTERESTERIFIED & HYDROGENATED VEGETABLE FAT (PALM), HUMECTANTS (420, 422), RAISING AGENTS [500(ii), 503(ii)], MILK SOLIDS, DEXTROSE, PRESERVATIVES (202, 281), EDIBLE COMMON SALT, STABILIZERS (407, 406, 440, 401, 461, 415), ACIDITY REGULATOR [341(i)] AND ARTIFICIAL FLAVOURING SUBSTANCE (MILK). Allergen Information: Contains Wheat(Gluten),Milk & Soya.  Polyols may have laxative effects",433,17,13,66,37,0,4,0.625,0.185,e,28,4 - Ultra processed food and drink products
8901063019188,Little Hearts,Brotannica,Biscuits,,486,19.5,9.4,70,24,0,7.4,0,0,unknown,0,
8906010500047,masala masti,Balaji,Potato crisps,"potato 87%, edible vegetable oil, sugar, spices and condiments, edible common salt, black salt",539,29.5,14,56.9,5.5,8.5,7.4,1.9,0.76,e,21,3 - Processed foods
8901764175091,Fruit drink,Maaza,Confectioneries,"NGREDIENTS: WATER, MANGO PULP(11.5%), SUGAR, ACIDITY REGULATORS 030 33 STABILIZER (466), ANTIOXIDANT 300 ,SWEETENER (960), COLOUR (110), MANGO FLAVOURS NATURE-DENTICAL & ARTIFICIAL FLAVORING SUBSTANCES",44,0,0,11,10.7,0,0,0.0221,0.00884,c,3,4 - Ultra processed food and drink products
8901063014299,Britannia Vita Marie Gold Biscuits,Britannia Industries Ltd.,"Biscuits, Breakfast cereals","REFINED WHEAT FLOUR (MAIDA) (66%), SUGAR, REFINED PALM OIL, MILK PRODUCTS [MILK SOLIDS&SWESTENED CONDENSED PARTLY SKIMMED MILK, INVERT SUGAR SYRUP, RAISING AGENTS [503(m) & 500(i)], IODISED SALT, EMULSIFIERS [471 & 322(i)] ARTIFICIAL (MILK, BUTTER&VANILLA) FLAVOURING SUBSTANCES, VITAMINS, DOUGH CONDITIONER (223), MINERALS AND IMPROVER [110101 (Numbers in brackets as per International Numbering System) CONTAINS WHEAT, MILK, SOYA AND SULPHITE.",449,11.4,5.5,79.3,25.5,0,7.3,0.6375,0.255,e,20,4 - Ultra processed food and drink products
8901063139213,Brit bourbon 150g (sys),Britannia,Chocolate biscuits,"REFINED WHEAT FLOUR (MAIDA) SUGAR (33%) REFINED PALM OIL EDIBLE MAIZE STARCH COLOURS (150a. 150d. 122, 110, 133 & 102) COCOA SOLIDS (2.72) MILK SOLIDS RAISING AGENTS (500m) & 503@] EMULSIFIERS 471 & 322@] MILK CHOCOLATE (0.12) EMULSIFIER (3220))) NATURE IDENTICAL & ARTIFICIAL (VANILLA, CHOCOLATE MILK & MILKY COCOA) FLAVOURING SUBSTANCES IODISED SALT",493.5,20.3,10.1,72.7,37,0,5,0.2975,0.119,e,27,4 - Ultra processed food and drink products
8901063019201,8901063019201,Britannia,Biscuits,,486,19.5,9.4,70,24,0,7.4,0.7725,0.309,e,24,
8901491503020,Lays India's Magic Masala,Lay's,Flavoured potato crisps,"Potato (83%), Edible Vegetable Oil, *Seasoning (Spices and condiments, Maltodextrin, lodised Salt, Sugar, Flavour (Natural and Nature Identical Flavouring Substances), Edible Vegetable Oil (Sunflower Oil, Palm Oil), Flavour Enhancers (627, 631)).",531,33,14.9,51.9,1.6,0,6.6,1.6925,0.677,e,24,4 - Ultra processed food and drink products
8904004403725,Moong Dal,Haldiram's,"Salty snacks, Namkeen","Split Pulse Moong (Moong Dal) (77%), Refined Cotton Seed Oil & Edible Common Salt.",476,20.93,5.64,50.66,0,0,21.31,0.4,0.16,c,9,3 - Processed foods
8901262070546,Chocominis,Amul,"Chocolate Sculptures, Milk chocolate molds","Sugar, hydrogenated edible vegetable oil (palm kernel oil), milk solids, cocoa solids, emulsifiers (492, 322), artificial flavouring substances (cocoa, vanilla). Allergen Information: Contains milk.",526,29.3,28.3,61.1,56.6,0,5.3,0.15,0.06,e,31,4 - Ultra processed food and drink products
8901063029279,Jimjam,Britannia,Biscuits,"REFINED WHEAT FLOUR (MAIDA), SUGAR (24%), REFINED PALM OIL & INTERESTERIFIED VEGETABLE FAT, INVERT SUGAR SYRUP, DEXTROSE, MILK PRODUCTS (MILK SOLIDS & SWEETENED CONDENSED MILK), EDIBLE MAIZE STARCH, MALTODEXTRIN, FRUIT PRODUCTS (0.7%) (APPLE JUICE CONCENTRATE, BANANA POWDER & PLUM JUICE CONCENTRATE), IODISED SALT, EMULSIFIERS [322(i)& 471), RAISING AGENTS (503(ii) & 500(ii)], NATURE IDENTICAL AND ARTIFICIAL (MIXED FRUIT, VANILLA & BUTTER) FLAVOURING SUBSTANCES, ACIDITY REGULATORS [330 & 331 (iii)], GELLING AGENT (440) AND COLOUR (122)",483,19,9.5,73,33.5,0,5,0.535,0.214,e,26,4 - Ultra processed food and drink products
8906010504625,8906010504625,Gippi,"Crisps, Balaji","550 BAI ASCHEIN, IL RATED VEG SEASONINE TO COMMON SALT SUGAR ARN MEAL (63 (CONTAINS ONE OR MORE OF THE FOLLOWINGS MALTODI UNORTED VEGETABLE PER UN GARLIC, TOMATO CHILL IDENTICAL FLAVOURING SURED VEGETABLE PROTEIN (SOYA) FLANTICA NATURAL & NATURE EMULSIFIER (INS 471, INS 470), MILK SOLIDS (0.1%), PAPRIKA EXTRACT (INS 1600), FLAVOUR ENHANCER (INS 627, INS 631, (NS 621) ACIDITY REGULATOR (INS 330, INS 296, INS 334|| **AS FLAVOURING & SEASONING AGENT GLUTAMATE THE TORNADO FLAMIN' CHILLI MASALA CONTAINS ADDED MONSUM G NOT RECOMMENDED FOR INFANTS BELOW 12 MONTHS AND PRENOMEN. READY-TO-EAT SAVOURIES | PROPRIETARY FOOD | INDIAN SNACKS & SAVOURES NAMKEEN ALLERGEN ADVICE: CONTAINS SOY & MILK SOLIDS PRODUCT OF INDIA",502,24.5,11.4,62.1,7.9,0,6.9,2.4975,0.999,e,30,4 - Ultra processed food and drink products
80768258,健達奇趣蛋(女孩版),"Ferrero, Kinder",Chocolate candies,price 4.50,550,30,15,55,50,0,10,1.56,0.624,e,37,
8901725007102,Bingo,Itc,Potato crisps,"POTATO (60.0%), REFINED PALMOLEIN, SEASONING (IODIZED SALT, RED CHILLI POWDER (1.1%), MALTODEXTRIN, *SPICES AND CONDIMENTS, ONION POWDER, REFINED WHEAT FLOUR (MAIDA), NATURE IDENTICAL FLAVOURING SUBSTANCES, BLACK SALT, MILK SOLIDS, NATURAL FLAVOURS AND NATURAL FLAVOURING SUBSTANCES, SUGAR, TOMATO POWDER, HYDROLYZED VEGETABLE PROTEIN, GARLIC POWDER AND FLAVOUR ENHANCER (INS 508)} AND IODIZED SALT. FUSED AS FLAVOURING AGENTS. CONTAINS SOY, MILK, WHEAT",531,33.4,14.2,50.5,1.5,0,7.1,2.0615,0.8246,e,26,4 - Ultra processed food and drink products
8901063142664,britannia,Britannia,Biscuits,"WHEAT FLOUR (ATTA) (65.5%), REFINED PALM OIL, SUGAR, WHEAT BRAN (2.6%), MALTODEXTRIN, MILK PRODUCTS [MILK SOLIDS & WHEY POWDER], INVERT SUGAR SYRUP, RAISING AGENTS [503(ii) & 500(ii)], IODISED SALT, EMULSIFIERS [322(i) & 471], MALT EXTRACT, NATURE IDENTICAL & ARTIFICIAL (VANILLA) FLAVOURING SUBSTANCES AND DOUGH CONDITIONER [223].",483,20.8,10.3,68,12.7,6.7,9.3,0.905,0.362,e,19,4 - Ultra processed food and drink products
8906010502041,Bhel Mix,Balaji Wafers,Crisps,"EDIBLE VEGETABLE OIL (PALMOLEIN, RICE BRAN, CORN), CHICKPEA FLOUR, PUFFED RICE (27%), SUGAR, SPICES & CONDIMENTS 2% (CHILLI, CUMIN, CLOVE, CINNAMON, CORIANDER DRY MANGO, GINGER, CARDAMOM, BLACK PEPPER, MUSTARD, FENNEL, TURMERIC), EDIBLE COMMON SALT, DEHYDRATED VEGETABLE POWDER (GARLIC, LIME, GREEN CHILLI, ONION, TAMARIND), ACIDITY REGULATOR (INS 330), FLAVOUR ENHANCER (INS 635), ANTICAKING AGENT (INS 551), NATURAL & NATURE IDENTICAL FLAVOURING SUBSTANCES (CHILLI, LIME). ALLERGEN ADVICE: CONTAINS MUSTARD.",538,27.5,12.8,60.2,4.4,6.1,9.5,1.9325,0.773,e,23,4 - Ultra processed food and drink products
8904004400694,Aloo Bhujia,Haldiram's,"Snacks, Potato preparations","Potato, Refined Palmolein Oil, Bengal Gram Flour (Besan), Potato Flakes, Potato Starch, Tapioca Starch, Tepary Beans (Moth Dal) Flour, lodised Salt, Red Chilli Powder, Black Salt, Acidity Regulator (INS 330), Black Pepper, Clove, Cardamom, Dried Ginger Powder, Dried Garlic Powder, Refined Sugar, Cumin Powder, Bay Leaves, Nutmeg, Cinnamon & Mint Leaves.",562,38.12,13.64,46.1,0.25,0.83,8.68,1.5621,0.62484,e,24,3 - Processed foods
8904071704527,Plantain Chips (Yellow Banana Chips),,Snacks,"Plantain Banana (64%), Edible Vegetable Oil (Palmolein), Rock Salt. INGREDIENTS: Banane plantain (64%), huile végétale comestible (palmoléine), sel gemme. المكونات : موز الموز (٦٤) ، زت نا صالح للأل (النخل) ، ملح صخري ergy Advice Product is packed in a factory that handles Peanuts, Tree Nuts, Milk, Wheat, Sesame, Mustard and Soya. produit est emballé dans une usine qui traite des arachides, es noix, du lait, du blé, du sésame, de la moutarde et du soja. يتم تعبئة هذا المنتج في مصنع يتعامل مع الفول السوداني والمكسرات والحليب والقمح والسمسم والخردل وفول الصويا.",535.714286,28.571429,10.714286,64.285714,0,3.571429,3.571429,2.196429,0.878571,e,23,
8906010500276,Balaji Wafers Shing Bhujia,Balaji Wafers,Appetizers,"PEANUT (63%), CHICKPEA FLOUR (13%), EDIBLE VEGETABLE OIL (PALMOLEIN, RICE BRAN), CORN FLOUR, BLACK GRAM FLOUR SPICES & CONDIMENTS 2% (CHILLI, BLACK PEPPER, GINGER, DRY MANGO, CLOVE, CAROM SEEDS, TAMARIND), EDIBLE COMMON SALT, ACIDITY REGULATOR (INS 330).",640,47.4,12,26.5,2,0,20.3,1.995,0.798,e,26,3 - Processed foods
8901491103084,Green chutney style,Kurkure,"Appetizers, Botanas, Snacks salados","Cereal Products (57%) (Rice Meal (38%), Corn Meal (19%)), Edible Vegetable Oil (Palmolein), *Seasoning (~Spices & Condiments, lodised Salt, Sugar, Tamarind Powder, Flavour (Natural, Nature Identical and Artificial (Spearmint) Flavouring Substances), Maltodextrin, Acidity Regulator (330), Emulsifier (414), Color (160c), Flavour Enhancers (627, 631)), Gram Meal (6%). *As flavouring agent. ~Contains Onion and Garlic enhances 627,631",561,34.7,15.6,56.3,2.1,0,5.9,2.3975,0.959,e,27,4 - Ultra processed food and drink products
8901491100533,Chilli Chatka 20rs,Kurkure,"Crisps, Crispy biscuits","Rice meal (43.2%), edible vegetable oil (palmolein oil), corn meal (20.0%), gram meal (3.3%), spices and condiments (chilli powder, onion powder, fennel powder, ajwain powder, cumin powder, garlic powder, coriander powder, black pepper powder, spice extract, fenugreek powder), sugar, salt, citric acid (330).",562,35.1,15.8,55.8,2,0,5.6,1.8075,0.723,e,25,3 - Processed foods
8901491503013,Yellow Salted Lays,Lay's,Potato crisps in sunflower oil,"Potato, edible vegetable oil (palmolein rice bran oil), lodised salt",553,35.1,15.8,52.6,0.6,0,6.7,0,0,unknown,0,3 - Processed foods
8906010500894,Chataka pataka,Balaji Wafers,Puff pastry appetizers,,546,31.6,15,57.4,3,2.8,6.6,1622.5,0.649,e,36,
8906010500030,Malasa Masti,Balaji Wafers,"Potato crisps, Wafers","POTATO (87%), EDIBLE VEGETABLE OIL (PALMOLEIN), SUGAR, SPICES & CONDIMENTS 1% (CHILLI, DRY MANGO, CORIANDER, CUMIN, BLACK PEPPER, GINGER, CLOVE), EDIBLE COMMON SALT, BLACK SALT",539,29.5,14,56.9,5.2,8.5,7.4,1.9,0.76,e,21,3 - Processed foods
8901725016296,Dark Fantasy Bourbon Biscuit,Sunfeast,Chocolate biscuits,"MAIDA (REFINED WHEAT FLOUR), SUGAR (35.0%), REFINED PALM OIL, COLOURS (150a, 150c, 150d, 129), STARCH, COCOA SOLIDS (1.8%), RAISING AGENTS [503(ii), 500(ii), 450(i)], ARTIFICIAL FLAVOURING SUBSTANCES (VANILLA, CHOCOLATE), EMULSIFIERS [MONO AND DIGLYCERIDES OF FATTY ACIDS (FROM PALM OIL), LECITHIN (SOY), POLYSORBATE 60 (FROM PALM)], IODIZED SALT, NATURE IDENTICAL FLAVOURING SUBSTANCES (CHOCOLATE), PLAIN CHOCOLATE (0.01%).",469,17.9,8.9,72.3,38.4,0,5.9,0.1375,0.055,e,24,4 - Ultra processed food and drink products
0070970474088,Chewy spicy candies,"Hot Tamales, Hot Tamale",Candies,"Sugar, corn syrup, modified food starch, contains less than 0.5% of the following ingredients; fumaric acid, natural and artificial flavors, sodium citrate, dextrin, citric acid, malic acid, artificial color, confectioners glaze, red #40, carnauba wax, medium chain triglycerides, yellow #5 (tartrazine), yellow #6, blue #1.",350,0,0,90,62.5,0,0,0.1875,0.075,e,19,4 - Ultra processed food and drink products
4000417224002,Ritter Sport Noir Noisettes Entières,Ritter Sport,Dark chocolates with hazelnuts,"Sucre, pâte de cacao, _noisettes_, beurre de cacao, beurre concentré (_lait_), émulsifiant : lécithine (de _soja_), arôme naturel.",577,40,16,40,37,0,8.2,0.012192,0.004877,e,27,4 - Ultra processed food and drink products
8992760221028,17000725 Oreo Original (Vanilla),BABYMONSTER OREO,Chocolate sandwich cookies,"wheat  flour, sugar, non-hydrogenated vegetable oil (palm), cocoa powder, fructose syrup, sodium bicarbonate (ins500), ammonium bicarbonate (ins503), corn starch, salt,  soy  lecithin (ins322), vanilla flavor,",471.014493,21.73913,9.057971,72.463768,39.855072,3.623188,3.623188,1.268116,0.507246,e,31,4 - Ultra processed food and drink products
8000500347508,Kinder Cards 3шт,Kinder,"Confectioneries, Chocolate biscuits","LOSSIPULBER (28%), suhkur, palmiõli, NISUJAHU (15,5%), vähendatud rasvasisaldusega kakaopulber (4%), päevalilleõli, emulgaator: letsitiinid (SOJA), sool, kergitusaine (naatriumvesinikkarbonaat), vanilliin. Võib sisaldada SARAPUUPÄHKLEID.",510,26.3,13.5,55.9,42.9,0,11.5,0.445,0.178,e,30,4 - Ultra processed food and drink products
8904004407617,Taka-tak,Haldiram's,Crisps,,551,34.06,14.44,55.2,1.5,0,5.99,1.369,0.5476,e,22,
8901262071864,99% Cacao Ultimate Dark Chocolate,Amul,Dark chocolate bar,"Cocoa solids, emulsifiers (322,476). Nutritional Information 12 servings per container CACAO ULTIMATE DARK CHOCOLATE Serving size 10 g Amount per 100 g % RDA* Energy (kcal) 522 3% Total Fat (g) 40.8 6% Saturated Fat (g) 23.1 10% Trans Fat (g) 0.0 0% Cholesterol (mg) 0 Carbohydrate (g) 28.4 Total Sugars (g) 1.2 Added Sugars (g) 0.0 0% Protein (g) 14.7 Sodium (mg) 60 0% #RDA stands for Recommended Dietary Allowance per serving * Average values Chocolate Indulgence It's the pinnacle of dark chocolate that Contains 99% cacao sourced from some of the finest cocoa producing regions of the world. This is pure bliss for the true chocolate connoisseur. Manufactured by: Kaira District Co-operative Milk Producers' Union Ltd., Anand 388 001, Gujarat, India. At Food Complex Mogar, Mogar-388 340, India. Lic. No. 10014021001010. Marketed by: Gujarat Co-operative Milk Marketing Federation Ltd., Anand - 388 001, Gujarat, India. Website: www.amul.com fssai Lic. No. 10012021000071 We appreciate your feedback. Contact our Customer Care Executive at: 1800 258 3333 (Toll free) [6 AM-9PM] customercare@amul.coop 2 GCMMF Ltd., Anand - 388 001 Follow us on: f/amul.coop, @amul coop, famul india To know more about AMUL, please point your device here. Net Weight: 125 g STORE IN COOL, DRY AND HYGIENIC PLACE. AFTER OPENING, REFRIGERATE AND USE THE CONTENT WITHIN 2 MONTHS OR EXPIRY DATE, WHICHEVER IS EARLIER. Important: Temperature and humidity shocks may cause white layer without affecting quality of product for consumption. For MRP (incl. of all taxes), Date of Packaging (Pkd.) & Expiry (Exp.), Batch No. (BN), see below. #160.00 Fkd. 08 MAY/2 EXP 07 MAY 2 BN. :KIL1283 Amul The Taste of Ledia 8 901262 071864",552,40.8,23.1,28.4,1.2,0,14.7,0.15,0.06,d,16,
8901063162648,Britannia Marie Gold,Britannia,Biscuits,"REFINED WHEAT FLOUR (MAIDA) (73%), SUGAR, REFINED PALM OIL, INVERT SUGAR SYRUP MILK PRODUCTS (MILK SOLIDS & SWEETENED CONDENSED PARTLY SKIMMED MILK), RAISING AGENTS [503 & 500(i)], 10DISED SALT, MINERALS**, ARTIFICIAL (MILK & VANILLA) & NATURE IDENTICAL FLAVOURING SUBSTANCES, EMULSIFIER (472e), DOUGH CONDITIONER (223), VITAMINS, COLOUR (150d) AND IMPROVER (1101(i)). (Numbers in brackets as per International Numbering System)",445,10.6,5.1,79.5,21.2,0,7.9,0.79,0.316,e,19,4 - Ultra processed food and drink products
8906010501198,Crunchem Pizzy Masala,Balaji,"Crisps, Chips","POTATO (88%), EDIBLE VEGETABLE OIL (PALMOLEIN), SUGAR EDIBLE COMMON SALT, DEHYDRATED VEGETABLE POWDER 0.6% (ONION, GARLIC, TOMATO), MILK SOLIDS (WHEY (0.1%) SPICES & CONDIMENTS (CHILLI, PEPPER, OREGANO), PARSLEY ANTICAKING AGENT (INS 551, INS 414), NATURAL & NATURE IDENTICAL FLAVOURING SUBSTANCES (PIZZA). PROPRIETARY FOOD POTATO WAFERS INDIAN SNACKS & SAVOURIES ALLERGEN ADVICE: CONTAINS MILK SOLID",575,37.8,18.1,47.4,2.3,7,7.7,1960,784,e,33,4 - Ultra processed food and drink products
8906009079165,Unibic Choco Chip Cookies,Unibic,Chocolate chip cookies,"Refined Wheat Flour (Maida), Chocolate Chips (21%) [Sugar, Cocoa Solids, Cocoa Butter, Dextrose, Emulsifiers (INS 322 from Soy, INS 476)], Sugar, Edible Vegetable Oil (Palm), Desiccated Coconut, Butter, Milk Solids, Leavening Agents (INS 503 i INS 500 i), Emulsifier (INS 322 from Soy), lodised Salt, Artificial Flavouring Substance (Vanillin). Allergen Advice: Contains Wheat, Milk and Soy. May contain traces of Nut.",471,19.5,12.2,68,29,0,5.8,0.5325,0.213,e,25,4 - Ultra processed food and drink products
8906010450021,Budhani Bros Potato Wafers,Budhani Bros,"Crisps, Chips, Plain salted Chips","Potatoes, Refined Palmolien Oil, Edible Peanut Oil, Iodized Salt.",548.2,35,10,47.75,0.5,0,8.48,1.775,0.71,e,23,3 - Processed foods
8886467124723,Pringles sour cream 40g,,Stacked extruded potato crisps,,541,30.9,15,57.6,3.2,1.5,5,1.605,0.642,e,24,
80135890,Kinder joy boy,Ferrero,"Chocolate candies, Easter eggs, Hollow chocolate eggs",,550,32,14.5,56.5,51,0,8.2,0.318,0.1272,e,31,
8904004405415,Haldiram's Soan Papdi (indian Sweets),Haldiram's,"Pastries, Candies, Indian sweets","Refined Sugar, Refined Wheat Flour (Maida), Refined Palmolein Oil, Bengal Gram Flour (Besan), Hydrogenated Vegetable Oil (Vanaspati), Liquid Glucose, Cardamom, Almond & Pistachio Nuts. Allergen: Contains Almonds, Pistachios & Wheat May Contains Coconut, Cashew, Milk, Soy, Peanut & Sesame Seed.",490,23.06,13.8,63.35,46.06,0,5.33,8,3.2,e,49,4 - Ultra processed food and drink products
8901719101038,Parle - G,Parle,Biscuits,,460.992908,12.411348,6.205674,78.014184,24.822695,1.77305,7.092199,0.753546,0.301418,e,21,
8904071700024,Salt-n-Pepper Banana Chips,Chheda's,"Crisps, Nuts, Dried bananas, Banana chip","INGREDIENTS: Banana (60%), Vegetable Oil (Palmolein), Spices (Black Pepper Powder, Coriander Powder, Salt, Mango Powder). INGRÉDIENTS: Banane (60%), huile végétale (palmoléine), épices (poudre de poivre noir,poudre de coriandre, sel, poudre de mangue). مكونات موز (٦٠٪) ، زيت نباتي (نخيل)، بهارات مسحوق) فلفل أسود، مسحوق الكزبرة، الملح، مسحوق المانجو). Allergy Advice: This product is packed in a factory that handles peanuts, nuts, milk, wheat, sesame, soya and mustard. INDIA",552,35.6,16.6,55,0,2,2.9,0.87,0.348,e,20,
8901058861921,Milky bar,Nestlé,"Chocolate candies, Milk chocolate bar","Milk solids (35%), Sugar, Hydrogenated vegetable fats, Fractionated vegetable fat, Emulsifier (Soya lecithin) and Nature-Identical flavouring substance.",524,30,28.7,50.1,40.9,0,11.1,0.29275,0.117,e,28,4 - Ultra processed food and drink products
8886467122446,Pringles - South African Style Periperi Flavour,Pringles,Stacked extruded potato crisps,"Dried Potato (44%), Edible Vegetable Oil (Palm Oil), Corn Flour, Starch, Peri Peri Seasoning (6.5%) [Maltodextrin, Salt, Sugar, Flavouring Substances (Natural & Nature Identical), Vegetable Powder (5%) (Garlic), Vinegar, Spices (Red Chilli Pepper (3%), Cumin), Acidity Regulator (INS 296), Flavour Enhancer (INS 635), Anticaking Agents (INS 341(iii), 551), Spice Extracts (0.6%) (Green Chilli, Garlic, Paprika), Herb Extract (Oregano)], Emulsifier (INS 471), Maltodextrin, Acidity",522,28.5,15,61.5,2,0,5.2,1.48,0.592,e,23,4 - Ultra processed food and drink products
8906009531533,Choco Classic Bar,Max Protein,Protein Energy Bars,"Protein Blend (29%) (Soy Nuggets, Whey Protein Concentrate, Soy Concentrate), Brown Rice Syrup (Liquid Glucose), Milk Compound (19%) (Sugar, Edible Vegetable Oil (Hydrogenated Vegetable Oil), Milk Solids, Cocoa Solids, Emulsifier (Soy Lecithin), Vanilla Flavours), Dietary Fiber (9%) (Fructooligosaccharide, Chicory Root Fiber), Edible Vegetable Oil (Hydrogenated Vegetable Oil), Almonds (5.5%), Whole Grain Rolled Oats (4.5%), Raisins (4%), Cashew Nut (3%), Humectant (Glycerine), Dextrose Monohydrate, Flaxseeds, Tribasic Calcium Phosphate, Fructose, Soy Protein Isolate, Emulsifier (Soy Lecithin), Binding Agent (Guar Gum), Salt and Citric Acid, Antioxidants (Vitamin C), Added Vitamins and Minerals",412,15.8,5.8,53.6,15.8,8,20,0.695,0.278,not-applicable,0,4 - Ultra processed food and drink products
8901725015015,8901725015015,Sunfeast,Biscuits,"REFINED WHEAT FLOUR (MAIDA), MILK CHOCO COVERING (22.9%) (SUGAR, INTERESTERIFIED VEGETABLE FAT, MILK SOLIDS (2.75%), COCOA SOLIDE (1.37%), HYDROGENATED VEGETABLE OILS, ARTIFICIAL FLAVOURING SUBSTANCES (VANILLA)), SUGAR, LIQUID GLUCOSE, REFINED PALMOLEIN, HUMECTANT (INS 422) INVERT SYRUP, CAKE GEL (EMULSIFIERS [MONO - AND DI-GLYCERIDES OF FATTY ACIDS (FROM PALM OIL), SALTS OF MYRISTIC, PALMITIC AND STEARIC ACIDS WITH AMMONIA CALCIUM, POTASSIUM AND SODIUM (FROM PALM OIL), PROPYLENE GLYCOL ESTERS OF FATTY ACIDS (FROM PALM OIL)], HUMECTANT (INS 422)), MILK SOLIDS (1.61%), RAISING AGENTS [INS 500(ii), INS 450(1), INS 450 (vi), INS 503)], EMULSIFIERS (POLYGLYCEROL ESTERS OF FATTY ACID (FROM PALM OIL), LECITHIN (FROM SOYABEAN). STABILIZERS (INS 407, INS 415), ACIDITY REGULATOR (INS 330), PRESERVATIVE (INS 202), HYDROLYSED VEGETABLE PROTEIN, NATURE IDENTICAL FLAVOURING SUBSTANCES, IODIZED SALT, FLOUR TREATMENT AGENT (INS 223) AND COLOUR (INS 102). CONTAINS WHEAT, MILK, SOY, SULPHITE. MAY CONTAIN NUT",425,16.4,10.7,63.9,33.1,0,5.4,0.367,0.1468,e,25,4 - Ultra processed food and drink products
8901719135767,Parle-G ROYALE,Parle,Dry biscuits,"REFINED WHEAT FLOUR (MAIDA) (61%), SUGAR REFINED PALM OIL, INVERT SUGAR SYRUP* [SUGAR, CITRIC ACID], RAISING AGENTS [503(ii), 500(ii)], MILK SOLIDS, IODISED SALT, EMULSIFIER OF VEGETABLE ORIGIN [472e] AND FLOUR TREATMENT AGENT [1101(ii)] CONTAINS ADDED FLAVOUR (ARTIFICIAL FLAVOURING SUBSTANCES-VANILLA) (D-GLUCOSE, LEVULOSE) CONTAINS: WHEAT, MILK",469,16.5,7.6,73.6,27.3,0,6.4,0.67,0.268,e,23,4 - Ultra processed food and drink products
8909081005053,8909081005053,dark fantasy,Biscuit (cookie) snack w chocolate filling,"CHOCO CRÈME (38.0%) {SUGAR, REFINED PALMOLEIN, REFINED PALM OIL, COCOA SOLIDS, EMULSIFIER [LECITHIN (FROM SOYABEAN)], NATURE IDENTICAL FLAVOURING SUBSTANCES (CHOCOLATE), ARTIFICIAL FLAVOURING SUBSTANCES (VANILLA)}, MAIDA (REFINED WHEAT FLOUR), HYDROGENATED VEGETABLE OIL, SUGAR, INVERT SYRUP, LIQUID GLUCOSE, RAISING AGENTS [503(ii), 500(ii), 450(i)], COCOA SOLIDS (0.7%), BUTTER, MILK SOLIDS, IODIZED SALT, NATURE IDENTICAL FLAVOURING SUBSTANCES (*MILK CHOCOLATE), COLOURS (150c, 150d), EMULSIFIERS PKD.: [LECITHIN (FROM SOYABEAN), MONO AND DIGLYCERIDES OF FATTY ACIDS (FROM PALM OIL)], ARTIFICIAL FLAVOURING SUBSTANCES (MILK, VANILLA)",507,27.3,12.7,61.1,35.7,0,7.3,0.45375,0.1815,e,28,4 - Ultra processed food and drink products
8901058010749,Maggie,"Fassi, Fssai, Maggie","Confectioneries, Maggie","Maida ,palm oil ,lodized salt,wheat gluten,thikeners, avidity regulator humectant",384,12.5,8.2,59.6,1.8,0,8.2,2.5,1,e,24,4 - Ultra processed food and drink products
8901071701372,Hershey's spreads,hershey's,"Sweet spreads, Confectioneries","Sugar, Edible vegetable oil (palm oil), Milk solids, Cocoa solids (4.7%), Älmond paste (3.0%), Antioxidant 3220, Hydrogenated vegetable fat (palm oil & sesame oil) and Edible common salt. Carbohy (of whic Protein Fat",10,2,25,339,250,2,50,2,0.8,e,34,4 - Ultra processed food and drink products
8901063142466,Nutri Choice Digestive,Britannia,Biscuits,"Refined wheat flour (maida), wheat flour(atta) (20%),refined palm oil, sugar, wheat bran(4.7%),Liquid glucose, milk solids, maltodextrin ,raising agents[503(ii)&500(ii)], IODISED salt ,emulsifiers[32(i),471&472e],malt extract and dough conditioner(233).contains added flavours [nature identical & artificial (vanillin) flavouring substances]",497,21,10.2,68.4,14.4,6,8.6,0,0,unknown,0,4 - Ultra processed food and drink products
8901393019452,Happydent Gum,Happydent,Sugar-free chewing gum,"Polyols (Maltitol, Xylitol (7%), Sorbitol), Gum Base, Humectant (INS 422), Thickeners (INS 1405, INS 1412, INS 415 & INS 466), Flavours [Natural, Nature-Identical and Artificial (Mint) Flavouring Substances}, Sweetener (INS 951), Emulsifiers (INS 322, INS 473), Glazing Agents (INS 903, INS 901, INS 904), Antioxidant (INS 321), Colours (INS 102, INS 133)",178,0,0,73.2,0,0,0,0,0,not-applicable,0,4 - Ultra processed food and drink products
8901063139336,Britannia bourbon 100g,Britannia,Biscuits,"REFINED WHEAT FLOUR (MAIDA), SUGAR (33%), REFINED PALM OIL, EDIBLE MAIZE STARCH, COLOURS (150a, 150d, 122, 110,133&102), COCOA SOLIDS (2.7%), MILK SOLIDS, RAISING AGENTS [500(ii)&503(ii)], NATURE IDENTICAL&ARTIFICIAL (VANILLA, CHOCOLATE MILK&MILKY COCOA) SUBSTANCES, FLAVOURING EMULSIFIERS [471 & 322(1)], MILK CHOCOLATE (0.1%) [EMULSIFIER (322(1))) AND IODISED SALT. (Numbers in brackets as per International Numbering System) CONTAINS WHEAT, MILK AND SOYA.",493.5,20.3,10.1,72.7,38.3,0,5,0.119,0.0476,e,27,4 - Ultra processed food and drink products
8901063004139,Britannia Good day Chocolate Cookies 400g,Britannia,"Chocolate biscuits, Chocolate biscuity bars","REFINED WHEAT FLOUR (MAIDA), SUGAR, REFINED PALM OIL, DARK CHOCOLATE CHIPS (13%) SUGAR COCOA SOLIDS, COCOA BUTTER, DEXTROSE, EMULSIFIER [322(i)] AND NATURE IDENTICAL FLAVOURING SUBSTANCES, DAK CHOCOCHIPS (5.8%) [SUGAR, HYDROGENATED VEGETABLE FAT, COCOA SOLIDS, DEXTROSE, EMULSIFIER [22] A NATURE IDENTICAL FLAVOURING SUBSTANCES], MILK CHOCOCHIPS (5.8%) [SUGAR, HYDROGENATED VEGETABLE FAT, MIK SOLIDS, COCOA SOLIDS, EMULSIFIER [322(i)] AND NATURAL FLAVOURING SUBSTANCES], INVERT SUGAR SYRUP, W SOLIDS, RAISING AGENTS [503 (ii), 500(ii)], COCOA SOLIDS (0.4%), IODISED SALT, EMULSIFIERS [322(i), 471 & 472 COLOUR (150c) AND NATURE IDENTICAL & ARTIFICIAL (MILKY COCOA AND VANILLIN) FLAVOURING SUBSTANCES.",512,24,14.1,68,33.4,0,6.1,0.51,0.204,e,27,4 - Ultra processed food and drink products
8901123005403,Lotto Choco Pie With Rich Marshmallow,Lotte,"Chocolates, Chocolate biscuits","CHOCO COVERING (25%) [SUGAR, HYDROGENATED VEGETABLE FAT (PALM), COCOA SOLIDS, MILK SOLIDS, EMULSIFIERS (322,476), ARTIFICIAL FLAVOUR (VANILLA)], WHEAT FLOUR (MAIDA), SUGAR, LIQUID GLUCOSE, INTERESTERIFIED & HYDROGENATED VEGETABLE FAT (PALM), HUMECTANTS(420, 422), RAISING AGENTS 1500(ii), 503(ii)]. MILK SOLIDS, DEXTROSE, PRESERVATIVES (202, 281), 1ODISED SALT, STABILIZERS (407, 406, 440, 401, 461, 415), ACIDITY REGULATOR 1341(i)] AND ARTIFICIAL FLAVOUR (MILK). cal diet)",434.478285,17.142857,12.857143,66.071429,37.142857,0,3.928571,1.910714,0.764286,e,35,4 - Ultra processed food and drink products
8901063032446,Britannia Treat croissant coco cream bauli,Britannia,"Croissants, Chocolate croissant","Serving size - 48.5 g, 1 serving,  Per 100 g - energy - 451 kcal, protein - 6.3g, carbohydrates - 51.1g, of which total sugar - 20.3g, added sugar - 19.6g, total fat - 24.6g,",459,0,0,0,0,0,6.4,0,0,unknown,0,
8906010503482,Tomato Twist,,Crisps,,550,35,0,55,5,0,5,1.25,0.5,d,13,
8901719117220,Parle Hide &seek 200g(30),Parle,Chocolate biscuits,,474,17,11.4,74.2,32.6,0,6,0.3,0.12,e,25,
8904071702349,Mix Farsan,,Appetizers,"Gram Flour, Palm Oil, Bengal Gram, Edible Starch, Red Chilli Powder, Bishops Weed, Curry Leaves, Salt.",590,42.3,19,38.7,3.3,7.4,13.6,0.25,0.1,d,14,3 - Processed foods
8908008674808,Wafer,Nabati,"Chocolate biscuits, Stuffed wafers","Cream (Sugar, Refined Palm Olein, Whey Powder, Cocoa Powder (Cocoa Solids (3.6%)), Corn Starch, Emulsifier (INS 322), lodized Salt, Acidity Regulator (INS 330)). Wafer Sheet (Refined Wheat Flour (Maida), Cocoa Powder (Cocoa Solids (2.4%)), Refined Palm Olein, Flour Treatment Agent (INS 1101 (i))), lodized Salt, Raising Agent (INS 500(ii)), Emulsifier (INS 322)). Numbers in the bracket as per international numbering system Allergen:contains wheat, milk, and soya.",473,17,10,73,34,0,7,0.475,0.19,e,25,4 - Ultra processed food and drink products
8901058022087,Munch,Nestlé,Candy chocolate bars,,435,23.4,23.1,50,32.9,0,6,0.22325,0.0893,e,25,
8901063362710,CAKE GOBBLES,Britannia,Cakes,"REFINED WHEAT FLOUR (MAIDA), SUGAR, EGG, VANASPATI, INTERESTERIFIED VEGETABLE FAT, HUMECTANT 422, LIQUID GLUCOSE, REFINED PALMOLEIN OIL, DEXTROSE, COCOA SOLIDS (2.1%), FRUCTOOLIGOSACCHARIDES, HIGH MALTOSE SYRUP, COLOURS (150c, 150d, 102, 122, 132, 133], CAKE GEL (EMULSIFIERS (471,477,470(i)) & HUMECTANT (1520, 422), RAISING AGENTS (341), 500), 450(vi) & 450), NATURE IDENTICAL (CHOCOLATE) & ARTIFICIAL (CREAMY VANILLA) FLAVOURING SUBSTANCES, INVERT SUGAR SYRUP, IODIZED SALT, PRESERVATIVES [202, 282], ACIDITY REGULATOR (330), BAKING POWDER, EMULSIFIER (475) AND STABILIZER (415).",418,18.5,10.1,57.9,27.7,0,6.2,0.4375,0.175,e,25,4 - Ultra processed food and drink products
8901719134937,Parle g dark biscuits,Parle,"Biscuits, Parle g biscuit","FINED WHEAT FLOUR (MAIDA), SUGAR, REFINED PALM OIL, INVE SUGAR SYRUP, COCOA SOLIDS, IODISED SALT, RAISING AGENT(503(ii), 500(ii)] AND EMULSIFIER OF VEGETABLE ORIGIN [SOY LETHIN). CONTAINS PERTTED NATURAL FOOD COLOURS [1501500) AND ADDED FLAVOURS (NATURE IDENTAL. AND ARTIFICIAL FLAVOURING SUBSTANCES-HOCOLATE, VANILLA) CONTAINS: WHAT AND 07 9017",457,13.4,6.3,77.5,33.8,0,6.4,0,0,unknown,0,4 - Ultra processed food and drink products
8904071701090,Small Bhakarwadi,,"Snacks, Bhakarwadi","Wheat Flour, Palm Oil, Gram Flour, Ground Spices, White Sesame, Green Chili, Dry Mango Powder, Turmeric Powder, Tamarind & Salt",271.428571,15.714286,7.142857,28.571429,4.285714,1.428571,4.285714,0.339286,0.135714,d,12,3 - Processed foods
8901764048319,Charged berry bolt,Thums Up,"Sweet snacks, Energy drinks, Carbonated fruit soft drink with sugar and artificial sweeteners and with less than 10% of fruit juice, Caffeine beverage","CARBONATED WATER, SUGAR, ACIDITY REGULATORS (330, 331(), CAFFEINE, COLOUR (129) AND FLAVOURS (NATURE IDENTICAL FLAVOURING SUBSTANCES)",30,0,0,7.4,7.3,0,0,0.0215,0.0086,d,8,4 - Ultra processed food and drink products
8904004401073,Haldiram khatta mitha,haldiram,"Snacks, Rice-flakes-and-peanut-based-snacks","Refined Palmolein Oil, Rice Flakes (22%), Bengal Gram Flour (Besan) (21%), Refined Sugar, Split Pulse Bengal Gram (Chana Dal) (7%), Groundnuts (Peanuts) (5%). Sago (4%), Red Lentils (Masur Whole) (2.5%), Green peas, Iodised Salt, Black Salt, Turmeric, Acidity Regulator (INS 330), Red Chilli, Ajwain, Raising Agent (INS 500 ii) & Asafoetida. Allergen: Contains Peanuts May Contains Tree nuts, Wheat, Milk, Soy, Mustard Seed & Sesame Seed",530,29.25,12.48,0.05738,13.1,4.01,9.26,0,0,d,15,3 - Processed foods
8901719125478,Parle-G gold 75g,Parle,"Plain biscuit, Gluco biscuit","REFINED WHEAT FLOUR (MAIDA) (68%), SUGAR, REFINED PALM OIL, INVERT SUGAR SYRUP* [SUGAR, CITRIC ACID], IODISED SALT, RAISING AGENTS [503 (ii), 500 (ii)], MILK SOLIDS, FLOUR TREATMENT AGENT [1101 (ii)] AND EMULSIFIER OF VEGETABLE ORIGIN [472e] CONTAINS ADDED FLAVOUR (ARTIFICIAL FLAVOURING SUBSTANCES VANILLA) (D-GLUCOSE, LEVULOSE) CONTAINS: WHEAT, MILK",454,13,6,77.3,25.5,0,6.9,0.74,0.296,e,20,4 - Ultra processed food and drink products
8901058903966,Milkybar Moosha,Nestlé,Milk chocolate bar with nougat,"Nougat + Caramel (70%) (Sugar, Liquid glucose, Hydrogenated vegetable fats, Malt extract, *Milk solids (3.7%), Emulsifiers (471 and Soya Lecithin), Acidity regulator (330), Stabilizer (501), lodized salt, Nature - Identical flavouring substances and Artificial (Vanilla) flavouring substances) and MILKYBAR^ Coating (30%) (*Milk solids (10.6%), Sugar, Hydrogenated vegetable fats, Fractionated vegetable fat, Emulsifier (Soya lecithin) and Nature-Identical flavouring substances). Contains Barley, Milk, Sesame, Soy and Wheat.",426,16.8,13.6,65.5,49.2,0,3.8,0.216,0.0864,e,30,4 - Ultra processed food and drink products
8901123005410,Lotte Choco Pie,Lotte,Snacks,"CHOCO COVERING (25%) [SUGAR, HYDROGENATED VEGETABLE FAT (PALM), COCOA SOLIDS, MILK SOLIDS, EMULSIFIERS (322,476), ARTIFICIAL FLAVOUR (VANILLA)], REFINED WHEAT FLOUR (MAIDA), SUGAR, LIQUID GLUCOSE, INTERESTERIFIED & HYDROGENATED VEGETABLE FAT (PALM), HUMECTANTS (420, 422), RAISING AGENTS (500(ii), 503(ii)], MILK SOLIDS, DEXTROSE, PRESERVATIVES (202, 281), IODISED SALT, STABILIZERS (407, 406, 440, 401, 461, 415), ACIDITY REGULATOR [341(i)] AND ARTIFICIAL FLAVOUR (MILK). (Numbers indicated in bracket as per International Numbering System) Allergen Information: Contains Wheat(Gluten), Milk & Soya",433,17,13,66,37,0,4,0.4625,0.185,e,27,4 - Ultra processed food and drink products
8902433005763,70%coCÓA,Galaxy,Dark chocolates,,568,43.1,25.8,30.8,26.9,0,7.5,0.016,0.0064,e,23,
8901491101820,lays,Lay's,Potato crisps,Find us on: facebook.com/laysindia 8 901491 101820,528,32,12,56,8,0,8,1.59,0.636,e,25,
7622202245558,Cadbury Dairy Milk,Cadbury,"Confectioneries, Chocolates",,532,29.2,0,60.4,0,0,7.8,0,0,unknown,0,
8901512562807,Butter flavour popcorn,ACT 2,Popcorn,"Popped Corn (88.7%), Refined Edible Palmolein Oil (Antioxidant (TBHQ)), lodized Salt, Nature Identical Flavour (Butter), Table Butter (0.07%) & Colour (Beta Carotene).",449,19,7,66,0,11,9,2.25,0.9,d,18,4 - Ultra processed food and drink products
8906010500238,BALAJI Mung Dal,,Snacks,"MUNG BEAN SPLITS (84%), EDIBLE VEGETABLE OIL (CONTAINS ONE OR MORE OF THE FOLLOWINGS PALMOLEIN, RICE BRAN, CORN, COTTONSEED), **SEASONING [EDIBLE CUMIN SALT, BLACK SALT).  **AS SEASONMENT",504,17.5,8,54.5,1,0,22.7,0.9625,0.385,d,16,3 - Processed foods
8901063325227,Toast Tea Rusk,Britannia,Snacks,"REFINED WHEAT FLOUR (MAIDA) (71%), PALMOLIN OIL, SEMOLINA (SUI) (1.8%), SUGAR, REFINED PALM AND INVERT SUGAR SYRUP IODISED SALT EMULSIFIERS (472e, 471), BREAD IMPROVER (STARCH, SOYA FLOUR 1104, 1102)), WHEAT FIBRE, NATURE IDENTICAL & ARTIFICIAL (300) SPICE (0.3%) (GREEN SUBSTANCES AND ANTIOXIDANT (Numbers in brackets as per International Numbering System) CONTAINS WHEAT AND SOY",432.4,8,2.7,80.9,20.3,0,9.2,0.5335,0.2134,d,15,4 - Ultra processed food and drink products
4008400351926,Hanuta Minis,Ferrero,"Pastries, Stuffed wafers","Zucker, pflanzliche Fette (Palm, Shea), _Haselnüsse_ (13 %), _Weizenmehl_ (12,5 %), _Süssmolkenpulver_, fettarmer Kakao, _Vollmilchschokolade_ (Zucker, _Vollmilchpulver_, Kakaobutter, Kakaomasse, Emulgator Lecithine (_Soja_), Vanillin), _Magermilchpulver_, _Butterreinfett_, Aromen, Salz, Halbbitterschokolade (Zucker, Kakaomasse, Kakaobutter, Emulgator Lecithine (_Soja_), Vanillin), Emulgator Lecithine (_Soja_), Traubenzucker, Backtriebmittel Natriumhydrogencarbonat, Vanilin.",542,31.9,13.7,54,42.6,0,7.6,0.43,0.17,e,30,4 - Ultra processed food and drink products
8901063093355,Good Day Cashew Cookies Medium Pack 600g,Britannia,Biscuits,"REFINED WHEAT FLOUR (MAIDA), REFINED PALM OIL, SUGAR, CASHEW NUTS (1.8%), INVERT SUGAR MILK SOLIDS, BUTTER (0.6%), RAISING AGENTS [503(ii) & 500(ii)], IODISED SALT, EMULSIFIERS (322(i), 471 & 472e] AND FLAVOURS [NATURE IDENTICAL AND ARTIFICIAL (MILK AND VANILLA) FLAVOURING SUBSTANCES].",504,24,11,65,22,0,7,0,0,e,22,4 - Ultra processed food and drink products
8901262070454,Amul Dark Chocolate,Amul,"Chocolate candies, Dark chocolates","SUGAR, COCOA SOLIDS, COCOA BUTTER, PERMITTED EMULSIFIERS (E322, E476), ARTIFICIAL FLAVOURING SUBSTANCES (COCOA, VANILLA)",521,33.1,18.6,51.4,42,0,6.4,0.095,0.038,e,28,4 - Ultra processed food and drink products
8886467122392,PRINGLES ( ORIGINAL ),"Pringles, Kellanova",Stacked extruded potato crisps,"Dried Potato (48%), Edible Vegetable Oil (Palm Oil), Corn Flour, Starch, Emulsifier (INS 471), Maltodextrin, Salt, Acidity Regulator (INS 330)",523,27.9,14,62.8,0.4,0,5,1.17,0.468,e,21,4 - Ultra processed food and drink products
8908005144649,Muesli+ (Fruits + Nuts & Seeds),Yoga Bar,"Mueslis, Protein Energy Bars","60% Whole Grains (Rolled Oats, Brown Rice Flakes, Quinoa Flakes), 17% Dried Fruits (Raisins, Apricots, Cranberry, Blackcurrants), 14% Seeds & Nuts (Pumpkin, Almonds, Chia, Flax), Strawberry Powder, Date Syrup, Jaggery, Rice Bran Oil, Himalayan Pink Salt.  CONTAINS ADDED NATURAL FLAVOUR",418,9.5,1.9,70,4.8,7.4,13,0.153,0.0612,not-applicable,0,4 - Ultra processed food and drink products
8904004402032,All In One,Haldiram's,Snacks,"Refined Palmolein Oil, Bengal Gram Flour (Besan) 8.5%, Rice Flakes (6.17%), Tepary Beans, Moth Dal Flour (4.37%), Split Pulse Moong (Moong Dal) (4.32 %), Potato, Groundnut (3.7%), Raisins (3.7%), Split Pulse Bengal Gram (Chana Dal) (3.7%), Red Lentils (Masur Whole) (3.7%), Cashew Nuts, Corn Flakes, Sago, Refined Wheat Flour (Maida), Tapioca Starch, Green Peas, Spinach, Refined Sugar, Iodised Salt, Dried Mango Powder, Red Chilli, Black Pepper, Black Salt, Clove Powder, Acidity Regulator (INS 330), Nutmeg, Bay Leaf, Sesame seed, Cinnamon, Turmeric Powder, Ajwain Powder, Cardamom, Curry Leaves, Asafoetida & Colour (INS 141).",558,36.5,15.33,42.13,2.25,2.82,15.36,1.4675,0.587,e,24,4 - Ultra processed food and drink products
8901063017702,50 50 Gol Maal,Britannia,"Confectioneries, Biscuits, Bars","REFINED WHEAT FLOUR (MAIDA), REFINED PALM & PALMOLEIN OIL, SUGAR (20.5%), RAISING AGENTS (503(ii), 500(ii) & 341(i)), CUMIN BLACK (KALONJI) (0.9%), IODISED SALT, INVERT SUGAR SYRUP, MILK SOLIDS, EMULSIFIERS [322(1) & 4711, NATURE IDENTICAL FLAVOURING SUBSTANCES, DOUGH CONDITIONER (223), IMPROVER [1101(i)] AND COLOUR (102).",508,23.2,11.2,68.4,21.8,0,6.4,1.145,0.458,e,27,4 - Ultra processed food and drink products
8901063162600,Marie Gold,Britannia,Biscuits,"REFINED WHEAT FLOUR (MAIDA) (73%), SUGAR, REFINED PALM OIL, INVERT SUGAR SYRUF, MILK PRODUCTS (MILK SOLIDS&SWEETENED CONDENSED PARTLY SKIMMED MILK), RAISING AGENTS [(503(ii) & 500(ii)], 1ODISED SALT MINERALS ARTIFICIAL (MILK & VANILLA) & NATURE IDENTICAL FLAVOURING SUBSTANCES, EMULSIFIER (479 DOUGH CONDITIONER (223), VITAMINS, COLOUR (150d) AND IMPROVER (1101(i)). Numbers in brackets as per International Numbering System) CONTAINS WHEAT, MILK AND SULPHITE. Vitamins+ Minerals*",445,10.6,5.1,79.5,42,0,7.9,790,316,e,42,4 - Ultra processed food and drink products
8904004400755,Aloo Bhujia sev,Haldiram,Snacks,"Potato, Edible Vegetable Oil (Palmolein, Cotton Seed, Corn, Sunflower, Rice Bran), Bengal Gram Flour (Besan), Potato Flakes, Potato Starch, Tapioca Starch, Tepary Beans (Moth Dal) % Flour, lodised Salt, Red Chilli Powder, Black Salt, Acidity Regulator (INS 330), Black Pepper, Clove, Dried Ginger Powder, Dried Garlic Powder, Cumin Powder, Bay Leaf, Nutmeg, Cinnamon, Turmeric, Mint Leaves, Natural Flavouring Substances & Nature Identical Flavouring Substances.  Allergen: May Contains Peanut, Tree Nuts, Sesame Seed, Milk, Soy, Mustard Seed & Wheat",572,37.4,16.5,46.1,0,4.04,8.97,0,0,d,16,4 - Ultra processed food and drink products
7622201762063,Dairy milk chocolate,Cadbury,Milk chocolate bar,,531,29,19.6,60.4,57,0,7.9,0.3225,0.129,e,32,
8901719130243,Moong Dal,Parle,"Snacks, Mung beans","MOONG DAL [SPLIT MUNG PULSE (88%)], REFINED OIL (S), IODISED SALT, BLACK SALT & CITRIC ACID (330) LAST CHARACTER OF THE BATCH INDICATES NAME OF THE OIL @-Refined Palmolein Oil $-Refined Cotton Seed Oil Refined Palmolein & Cotton Seed Oil",493,21,23.02,54.5,0,0,21.5,1337.5,535,unknown,0,3 - Processed foods
8901512540805,Popcorn,,"Popcorn, Papaver seeds","Popping Corn (60.3%), Refined Edible Palmolein Oil (TBHQ), lodized Salt, Artificial Flavour (Butter), Table Butter (0.03%) & Beta Carotene. Contains Milk and its products. Freshly Popped Popcorn. (15.1 Instant Popcom: Ready to Cook Com Product A PROPRIETARY FOOD ACT II and movie marquee logo are registered trademarks of ConAgra Foods RDM Inc., USA. 8 901512 540805 See top panel for MRP (inclusive of all taxes), Unit Sale Price (USP), Net Quantity (in g), Batch No. and Date of Manufacture (MFD) and Use by Date (UBD). Registered Office and Consumer Care Cell details: Agro Tech Foods Ltd., 31, Sarojini Devi Road, Secunderabad: 500003 (TS), India or e-mail us at feedback@atfoods.com or call 1800 425 2903/099595 52903 or visit our website www.atfoods.com Manufactured for Agro Tech Foods Limited 31, Sarojini Devi Road, Secunderabad: 500003 (TS). fssat Lic.No.10014047000183 For Manufacturer's Lic No., see first three characters of batch no. and see below: 381: Lic. No. 10014047000046 353: Lic. No. 10013012000240 106: Lic. No. 10013021000891 109: Lic. No. 10018051002702 110: Lic. No. 10017071000952 112: Lic. No. 10020044001936 101704-C23 Mtrl. Mfd. By: GLS Films Industries Pvt. Ltd., Regn. No. HSPCB/313102619GUSOCTO6192696 Dated:2019 2024/5/17 15:15",559,39,17,49,0,8,7,0,0.9,c,6,4 - Ultra processed food and drink products
8996001312490,Mayora Malkist Chocolate Flavored Sandwich Cracker Biscuits,Mayora,Chocolate biscuits,"Refined Wheat Flour, Edible Vegetable Oil (Palmolein Oil)-contains Antioxidant (SHA), Sugar (33 Glucose Syrup, Milk Solids (4.729%) (SMP), Cocoa Powder (3.72%), Tapioca Starch, Leavening Agents, Edible Common Salt, Bakers Yeast, Malt Extract (0.48%), Butter, Emulsifier (Soy Lecithin), Vitamin Premix (Thiamine Mononitrate, Riboflavin, Pyridoxine Hydrochloride, Cyanocobalamin), Artificial Flavouring Substance (Chocolate)",488,21.3,14.2,66.4,21.3,16.8,7.6,1.3175,0.527,e,23,4 - Ultra processed food and drink products
7622202325991,50% Dark Chocolate,Cadbury Bournville,Dark chocolates,,543,34.3,23,56.9,45.1,0,5.6,0.0395,0.0158,e,29,
8906009532363,MAX protein bar,Ritebite,"Bars, Protein bars, Choco berry bar","Protein Blend (30%) (Soy Nuggets, Whey Protein Concentrate, Calcium Caseinate, Soy Concentrate), Dietary Fiber (17%) (Fructooligosacharide), Dark Compound No Added Sugar (19%) (Maltitol, Edible Vegetable Fat (Hydrogenated). Cocoa Solids, Milk Solids, Emulsifier (Soy Lecithin)), Maltitol, Cranberries (7%), Brown Rice Crispy, Rice Bran Oil. Strawberry Preserve (6%) (No Added Sugar), Whole Grain Rolled Oats (5.5%), Yogurt Powder Humectant (Glycerine), Flaxseeds, Emulsifier (Soy Lecithin), Soy Protein Isolate, Binding Agent (Guar Gum), Salt and Citric Acid. Antioxidants (Vitamin C), Added Vitamins and Minerals.",346,11.6,2.4,55.6,18.2,10,20,0.69,0.276,not-applicable,0,4 - Ultra processed food and drink products
7622202307171,shots,Cadbury,"Chocolate candies, Chocolates","Sugar ,humydronated oil,milk solids, Glazing agent, Maltodextrin",475,18.2,18,77.7,73.4,0,1.6,0.025,0.01,e,30,4 - Ultra processed food and drink products
8906010500566,Balaji Wafers Tikha Mitha Mix,Balaji Wafers,"Salty snacks, Indian snacks","EDIBLE VEGETABLE OIL (CONTAINS ONE OR MORE OF THE FOLLOWINGS: PALMOLEIN, RICE BRAN, CORN, COTTONSEED), CHICKPEA FLOUR (17%), **SEASONING (SUGAR, SPICES & CONDIMENTS 4% (CHILLI, CORIANDER, SESAME SEEDS, TURMERIC, BLACK PEPPER, CUMIN, DRY MANGO, CAROM SEED, BAY LEAVES, CARDAMOM, NUTMEG, MACE, CINNAMON, FENNEL, CURRY LEAVES, GINGER, CLOVE), EDIBLE COMMON SALT, ACIDITY REGULATOR (INS 330), RAISING AGENT (INS 500(1))], RICE FLAKES (9%), ROASTED PEANUT (7%), CHICKPEA SPLITS (6%), REFINED WHEAT FLOUR (MAIDA), CORN FLAKES, PEAS, RICE FLOUR. **AS SEASONING AGENT AMVEENL",575,34,13.3,0.001,8,0,14.9,2.04,0.816,e,29,3 - Processed foods
8904063200051,BHUJIA,Haldiram's,"Snacks, Fried foods, Flour fried","Tepary Beans Flour, Edible Vegetable Oil (Cotton Seed, Corn, Palmolein, Ground Nut and Rice Bran), Gram Pulse Flour, lodised Salt, *Spices & Condiments (Red Chilli Powder, Black Pepper Powder, Ginger Powder, Clove Powder, Mace Powder, Nutmeg Powder and Cardamom Powder). *Used as natural flavouring substances. Allergen Information: Contains Nut.",564,40,10,31,0,0,20,1.4,0.56,e,22,3 - Processed foods
8901262071048,Amul Sugar free chocolate,Amul,"Chocolate candies, Chocolates, Sugar free chocolate","Cocoa solids, maltitol, cocoa butter, emulsifiers (322, 476), artificial flavouring substances (cocoa, vanilla). 'CONTAINS NATURALLY OCCURRING SUGARS'.",558,33.8,20.7,56.7,0.5,0,6,0.095,0.038,d,16,4 - Ultra processed food and drink products
8901491001069,India’s Magic Masala 30,Lay's,Crisps,,546,33.2,14.9,54.9,1.1,0,6.9,1.6575,0.663,e,24,
8908005077084,Honey Bell vanilla cake,,Cakes,,448,23.5,23.5,51.9,51,0,7.1,0,0,e,29,
8901491990219,Doritos,Doritos,Corn chips,,499,23.4,9,65.1,4.5,0,7.1,1.5125,0.605,e,22,
8908005144359,Breakfast protein bar,Yoga Bar,"Cereal bars, Protein Energy Bars","Whole Grains 20% (Rolled Oats 10%, Brown Rice, Foxtail millet 6%, Quinoa 4%), Seeds 17% (Sunflower, Sesame, Flax, Watermelon, Pumpkin, Chia), Honey, Prebiotic fibre (Fructo-oligosaccharide), Nuts (Almonds 7%, Peanuts), Rice crisps, Soy crisps, Dried Cranberry, Dried Blueberry 2%, Banana & Strawberry puree. Apple fibre, Gum Acacia, Himalayan pink salt. CONTAINS ADDED NATURAL FLAVOUR (Rosemary extract, Blueberry extract)",368.888889,8,1.555556,67.111111,16.222222,9.777778,12.222222,0.681111,0.272444,not-applicable,0,4 - Ultra processed food and drink products
8886467122415,Pringles Pizza Flavour Potato Crisps,Pringles,Stacked extruded potato crisps,"Approximate Recommended Dietary Allowance Regulators (INS 296, 330), Flavour Enhancer (INS 635)/E 635, A Emulsifier (INS 471)/E 471, Maltodextrin, Acidity Regulator (INS 33 Contains wheat and milk READY TO EAT SAVOURIES TARY FOOD) OD SUNLIGHT",514,27.4,14,61.1,2.4,0,5.7,1.6925,0.677,e,24,4 - Ultra processed food and drink products
8901063139374,BOURBON,Britannia,Chocolate biscuits,"EDIBLE MAIZI CH, 122, 110, 13 & 102), COCOA SOLIDS (2.7%), MILK SOUDS, RAISING AGENTS (500) & 503(1) NATURE IDENTICAL & ARTIFICIAL (VANILU CHOCOLATE MILK & MILKY COCOA) FLAVOUING SUBSTANCES, EMULSIFIERS [471 & 322(1), M.K CHOCOLATE (0.1%) [EMULSIFIER (322(1) AD IODSED SALT.",493.5,20.3,10.1,72.7,37,0,5,0.2975,0.119,e,27,4 - Ultra processed food and drink products
8904004400014,Bhujia Sev,Haldirams,"Snacks, Spices","Tepary Beans Flour, Refined Cotton Seed Oil, Bengal Gram Flour, Edible Common Salt, Red Chilli Powder, Clove Powder, Black Pepper, Dried Ginger Powder, Cardamom, Bay Leaf, Nutmeg & Cinnamon.",600,43.529412,11.529412,37.117647,0,4.823529,12.941176,1.9275,0.771,not-applicable,0,3 - Processed foods
8906010501259,Masala sev murmura,Balaji Wafers,"Appetizers, Namkeen","PUFFED RICE (45%), CHICKPEA FLOUR, EDIBLE VEGETABLE OIL (CONTAINS ONE OR MORE OF THE FOLLOWINGS: PALMOLEIN, RICE BRAN, CORN, COTTONSEED), RICE FLOUR, **SEASONING [SPICES & CONDIMENTS 4% (CHILLI, BLACK PEPPER, CURRY LEAVES, OREGANO, COMPOUNDED ASAFOETIDA (WHEAT FLOUR, GUM ACACIA, ASAFOETIDA), CUMIN, DRY MANGO, GINGER), DEHYDRATED VEGETABLE POWDER (GARLIC, TAMARIND, ONION), EDIBLE COMMON SALT, BLACK SALT, SUGAR HYDROLYZED VEGETABLE PROTEIN (SOYA), FLAVOUR (NATURAL & NATURE IDENTICAL FLAVOURING SUBSTANCES), ACIDITY REGULATOR (INS 330), YEAST EXTRACT, ANTICAKING AGENT (INS 551), FLAVOUR ENHANCER (INS 627, INS 631) **AS FLAVOURING & SEASONING AGENT",482,23.2,10.5,53.8,9.4,7,10.9,2.0275,0.811,e,24,4 - Ultra processed food and drink products
8906002484003,Snickers,Mars,"Chocolate candies, Bars, Chocolates","Sugar, Milk Solids,  Cocoa Butter, Cocoa Solids, Edible vegetable fats &lt; 5% (Sal fat, Palm oil), Dextrose, Emulsifier (E322); Liquid Glucose, Peanuts (14%), Sugar, Hydrogenated vegetable oil (Palm oil), Milk Solids, Iodized Salt, Cocoa Butter, Cocoa Solids, Edible vegetable fats &lt; 5% (Sal fat, Palm oil), Dextrose, Emulsifier (E322).",477,22.65,10.2,61,55.9,0,7.2,0.5775,0.231,e,32,4 - Ultra processed food and drink products
8902433003134,SNICKERS BUTTERSCOTCH FLAVOUR,SNICKERS,"Filled chocolates, fr:Barres chocolatées aux fruits oléagineux","milk chocolate coating (35%): sugar, milk solids, serve (%) cocoa butter, cocoa solids, edible vegetable fat ,lt,5% (sal fat, palm oil), dextrose, emulsifier (322), centre filling (65%): peanuts (23%), liquid glucose, sugar, hydrogenated vegetable oil (palm oil), milk solids, iodized salt, cocoa butter, cocoa solids, edible vegetable fats ,lt,5% (sal fat, palm oil), dextrose, nature identical flavour (butterscotch),  emulsifier (322),",501,26.6,10.6,56.3,44.8,0,9.9,0.5,0.2,e,31,4 - Ultra processed food and drink products
8908006989508,Peanut butter chikki,Nutritius,"Protein Energy Bars, Health-food, Protein",,516,25,0,47,0,6,26,0,0,not-applicable,0,
8901491000192,Doritod cheese flavor,20rs,Crisps,,508,25.7,11.7,61.6,3.5,0,7.7,1.7725,0.709,e,25,
8901063029316,brittania Jimjam pops,Britannia,Biscuits,"REFINED WHEAT FLOUR (MAIDA), SUGAR, REFINED PALM OIL & INTERESTERIFIED VEGETABLE FAT, INVERT SUGAR SYRUP, MILK SOLIDS, EDIBLE MAIZE STARCH, FRUIT PRODUCTS (1%) (APPLE JUICE CONCENTRATE, BANANA POWDER, PLUM JUICE CONCENTRATE), EMULSIFIERS [322(i) & 471], IODISED SALT, ARTIFICIAL (VANILLA, RASPBERRY, PINEAPPLE, APRICOT) & NATURE IDENTICAL FLAVOURING SUBSTANCES, ACIDITY REGULATORS [330 & 331(iii)], GELLING AGENT (440), RAISING AGENTS [500(ii) & 503(ii)] AND COLOUR (122). (Numbers in brackets as per International Numbering System) CONTAINS _WHEAT_, _MILK_ & _SOY_.",500,21.7,12.2,79.2,37.3,0,5,0.49,0.196,e,29,4 - Ultra processed food and drink products
8901491003537,Cheetos Masala Balls,Cheetos,Crisps,,504,23.1,5.4,65.7,1.6,0,8.2,2.155,0.862,e,21,
8908020415014,Ziggy DONUT CAKE,Ziggy,Doughnuts,"Sugar, Refined Wheat Flour (Maida), Edible Vegetable Oil (Palmolein, Palm), Humectants (422, 420, 1520), Liquid Glucose, Milk Solids (4.3%), Invert Syrup, Maize Starch, Cocoa Solids (1.75%), Dextrose, Baking Powder, Emulsifiers (475, 471, (475, 471, 466), Thickeners and Stabilizer (401, 1442, 339(i), 516, 415), Modified Starch (1422), Nature Identical and Artificial Flavouring Substances Chocolate & Vanilla, Preservative (202), lodized Salt, Acidity Regulato (330), Enzyme (1100(iii), 1104) (Numbers in brackets as ner",390.53,14.73,6.93,59.23,28.31,0,5.17,0.891725,0.35669,e,22,4 - Ultra processed food and drink products
8901725014988,sunfeast,Sunfeast,"Biscuits, Food","REFINED WHEAT FLOUR (MAIDA), MILK CHOCO COVERING (22.9%) (SUGAR, INTERESTERIFIED VEGETABLE FAT, MILK SOLIDS (2.75%), COCOA SOLIDS (1.37%), HYDROGENATED VEGETABLE OILS, ARTIFICIAL FLAVOURING SUBSTANCES (VANILLA)), SUGAR, LIQUID GLUCOSE, REFINED PALMOLEIN, HUMECTANT (INS 422), INVERT SYRUP, CAKE GEL (EMULSIFIERS [MONO - AND DI-GLYCERIDES OF FATTY ACIDS (FROM PALM OIL), SALTS OF MYRISTIC, PALMITIC AND STEARIC ACIDS WITH AMMONIA, CALCIUM, POTASSIUM AND SODIUM (FROM PALM OIL), PROPYLENE GLYCOL ESTERS OF FATTY ACIDS (FROM PALM OIL)], HUMECTANT (INS 422)), MILK SOLIDS (1.61%), RAISING AGENTS [INS 500(II), INS 450(1), INS 450(VII), INS 503(II)], EMULSIFIERS [POLYGLYCEROL ESTERS OF FATTY ACID (FROM PALM OIL), LECITHIN (FROM SOYABEAN)], STABILIZERS (INS 407, INS 415), ACIDITY REGULATOR (INS 330), PRESERVATIVE (INS 202), HYDROLYSED VEGETABLE PROTEIN, NATURE IDENTICAL FLAVOURING SUBSTANCES, IODIZED SALT, FLOUR TREATMENT AGENT (INS 223) AND COLOUR (INS 102). CONTAINS WHEAT, MILK, SOY, SULPHITE. MAY CONTAIN NUT.",425,16.4,10.7,63.9,33.1,0.000001,5.4,0.000001,0,e,24,4 - Ultra processed food and drink products
7622202271861,Dairy Milk Silk Bubbly Chocolate,Cadbury,Confectioneries,"Sugar, Milk solids(25%*), Cocoa butter, Cocoa solids, Emulisifiers(442,476), Flavours(natural, nature, identical, and artificial (vanilla) flavouring substances)",545,30,20,58.5,55,0,7.5,0.3125,0.125,e,32,4 - Ultra processed food and drink products
89008492,Milkybar,Nestlé,"Chocolates, Candy chocolate bars","Westie SA, Avenue Nestlé 55, Sugar, Liquid glucose, Milk solids (16%), Hydrogenated vegetable fats, Fractionated vegetable fat, Emulsifier (Soya lecithin), Color (162), Artificial (Strawberry and Vanillal flavouring substances, Stabilizer (501), Acidity regulator (330) and Nature-Identical flavouring substance. Allergen Note: Contains Soy, Wheat, Milk and Sesame. May Contains Barley. For MED-USE BY-Lot No: See under the sea",496,15.1,13.6,69.8,52,0,5,232.75,93.1,e,50,4 - Ultra processed food and drink products
7622202324871,Gadour Dairy milk chocolate fruit & nut,Cadbury,"Chocolate candies, Chocolates",Serving waald g. No. of serving per package TION,520,28.4,16.4,58.8,54.4,0,8.5,0.265,0.106,e,32,
8901058018639,Milkybar,Nestlé,"Chocolates, Chocolate covered bars with milk and cereals",,524,0,0,0,0,0,0,0,0,unknown,0,
7622202346385,Cadbury Dairy Milk,Cadbury,Chocolates,"Sugar, Milk Solids (23%*), Cocoa Butter, Cocoa Solids, Fractionated Fat, Emulsifiers (442,476), Flavours (Natural, Nature Identical and Artificial (Vanilla) Flavouring Substances). CONTAINS COCOA BUTTER EQUIVALENT IN ADDITION TO COCOA BUTTER Allergen Information: Contains Milk, Soy May Contain Tree Nuts, Wheat, Barley",531,29,19.6,60.4,57,0,7.9,0,0,e,25,4 - Ultra processed food and drink products
8906013030022,Wai wai,Wai wai,"Appetizers, Cereals and their products, Instant noodles","Refined WHEAT flour,  Edible vegetable oil (Palm), WHEAT gluten, lodised salt, Acidity regulator (500ii, 451i, 1 70i), Thickener (412) Flavour enhancer (621) SOY sauce, Tomato saUce, Green chilli sauce, Onion, Black pepper, Citric acid (330) and Caramel (150d) (carryover from soya sauce Seasoning (Codex/Indian FC 12.2.2): lodised solt, Sugar, Spices and condiments, Black salt, Fleur enhancers (621, 627, 631), Garic, Molodetrin (1400), Coriander, Tecmeric (100i1), Chilli, Cunin, Ginger, Hydrolyzed protein, Citric Acid (330), ock pepper, Clove, Small cardamom, Cinnamon, Boy leaves, Fennel, Big cardamom, Anistar, Anlicoeno ogent (551), Emulsifying and stabilizing ogent (433) Onion Flavoured Oil: Edible Vegetable oil (Palro Olein) & On",470,21,9.5,61,2.1,0,10,4.2,1.68,unknown,0,4 - Ultra processed food and drink products
8901491103442,Kurkure Naughty Tomato,PepsiCo,Flavoured potato crisps,"Rice Meal (37.6%), Edible Vegetable Oil (Palmolein Oil), Corn Meal (18.8%), Gram Meal (6.2%), Sugar, Salt, Tomato Powder (1.2%), *Spices & Condiments (Chilli Powder, Onion Powder, Spices Extract, Black Pepper Powder, Cinnamon Powder, Clove Powder, Ginger Powder, Garlic Powder, Nutmeg Powder), Beetroot Powder, Citric Acid (INS 330). CONTAINS ADDED FLAVOURS (NATURAL AND NATURE IDENTICAL FLAVOURING SUBSTANCES) *Used as natural flavouring agent.",565,35.1,16.1,56.4,4.4,0,5.8,1.4175,0.567,e,25,4 - Ultra processed food and drink products
8906005505040,Soya sticks,Bikaji,Crisps,"Edible Vegetable Oil (Palmolein Oil, Cottonseed Oil), Tapioca Starch, Black Gram Flour, Soya Powder (7%), Rice Flour, Whole Lentil Flour, Ground Spices & Condiments (lodised Salt, Sugar, Maltodextrin, Fennel, Cumin, Red Chilli, Ginger, Turmeric (Colouring & Spices), Dry Mango Powder, Corn Starch, Garlic, Mustard Seeds, Acidity Regulator (INS 330, INS 296), Anticaking Agent (INS 551), Asafoetida, Flavouring Enhancer (INS 627, INS 631, INS 635), Hydrolysed Vegetable Protein (Soya)), Hydrogenated Vegetable Oil (Palm, Soybean, Sunflower and Sesame) CONTAINS: SOY, SESAME, MUSTARD",551,36,11,51,5,0,6,1.326,0.5304,e,23,4 - Ultra processed food and drink products
89006610,Orbit Chewing Gum,Wrigley's,Sugar-free chewing gum,"BULKING AGENTS (SORBITOL, MALTITOL, MANNITOL), GUM BASE (CONTAINS SOYBEAN LECITHIN), COLOUR [INS 170 (I)], THICKENERS [(INS 414), (INS 1401)), FLAVOURS [NATURAL, NATURE-IDENTICAL AND ARTIFICIAL (MINT)], HUMECTANT [INS 422], SWEETENER [INS 951], ANTICAKING AGENT (INS 553(III)], GLAZING AGENT [INS 903], ANTIOXIDANT (INS 320].",185,1.6,1.3,70,0,0,0,0.005,0.002,not-applicable,0,4 - Ultra processed food and drink products
8901014000159,nissin,Nissin,"Crisps, Instant noodles",,477.3,19.07,0.099,68.62,3.93,3,0.44,8.31,3.324,unknown,0,
8901491001076,American Style Cream and onion chips,Lay's,Potato crisps,,537,33.1,14.9,53,3.4,0,6.7,1.6075,0.643,e,24,
8901063155442,Tiger Krunch ChocoChips,Britannia,Chocolate biscuits,,483,19,8,72,30,0,6,0.485,0.194,e,23,
8906036300027,peanut chikki,karia's,"Chikki, Brittle, Peanut-brittle","Peanut, Jaggery and Liquid Glucose Contains Added Flavour (Nature Identical & Artificial Flavouring Substances-Vanilla). Contains Peanut Allergen information: This product was manufactured in a plant that also processes product containing peanuts, almonds, pistachio, tree nuts and sesame.",560.67,32.29,6.18,48.11,35.26,6.97,15.92,0,0,unknown,0,4 - Ultra processed food and drink products
8901725117504,No Rulz Curlz masala,Bingo,"Crackers (Appetizers), Puffed salty snacks made from maize","DEGERMED CORN GRITS AND SEASONING {REFINED PALMOLEIN, *SPICES AND CONDIMENTS, IODIZED SALT, SUGAR, ONION POWDER, MALTODEXTRIN, NATURE IDENTICAL FLAVOURING SUBSTANCES, BLACK SALT, MILK SOLIDS, NATURAL FLAVOURS AND NATURAL FLAVOURING SUBSTANCES, GARLIC POWDER (0.2%) AND HYDROLYZED VEGETABLE PROTEIN}. *USED AS FLAVOURING AGENTS.",496,24.7,11.4,64.3,3.9,0,6.1,2.8405,1.1362,e,31,4 - Ultra processed food and drink products
8904335602385,Yoga Bar Protein Bar,Yoga Bar,Protein Energy Bars,"Dates 50%, Protein Blend 21% ( Soy + WPC), Cashew Butter 14%, Dried Fruit 9% (Raisins, Blueberry), Nuts & Seeds 6% (Almond, Sunflower Seeds)",362,9.4,2.4,53.8,43,10.4,20.2,0.3205,0.1282,not-applicable,0,3 - Processed foods
8901063142428,Nutri choice Digestive,Britania,Biscuits,"WHEAT FLOUR (ATTA) (65.5%), REFINED PALM OIL, SUGAR, WHEAT BRAN (2.6%), MALTODEXTRIN, MILK PRODUCTS [MILK SOLIDS & WHEY POWDER], INVERT SUGAR SYRUP, RAISING AGENTS [503(ii) & 500(ii)], IODISED SALT, EMULSIFIERS [322(i) & 471], MALT EXTRACT, NATURE IDENTICAL & ARTIFICIAL (VANILLA) FLAVOURING SUBSTANCES AND DOUGH CONDITIONER [223]. (Numbers in brackets as per International Numbering System) CONTAINS WHEAT, MILK, SOY, BARLEY AND SULFITE.",483,20.8,10.3,68,12.7,6.7,9.3,0.905,0.362,e,19,4 - Ultra processed food and drink products
8901063142114,Britannia Nutri Choice Oats,Britannia,Biscuits,"WHEAT FLOUR (ATTA) (41.7%), SUGAR, REFINED PALM OIL, ROLLED DATS (14.3%), ALMONDS (5%), LIQUID GLUCOSE, WHEAT BRAN (2.4%), MALTODEXTRIN, RAISING AGENTS [500(ii), 503(ii) & 450(i)], MILK SOLIDS (1.6%), INVERT SUGAR SYRUP, DATS FIBRE (0.8%), EMULSIFIERS [322(i), 471 & 472e], FLAVOURS [ARTIFICIAL (MILK & BUTTER), NATURAL & NATURE IDENTICAL FLAVOURING SUBSTANCES], IODISED SALT AND COLOUR (150d). (Numbers in brackets as per International Numbering System) CONTAINS WHEAT, OATS, NUTS, MILK AND SOYA.",478,21,8.6,68.5,19.5,8.4,8,0.385,0.154,d,14,4 - Ultra processed food and drink products
8901491003124,West Indies' Hot 'n' Sweet Chilli,Lay's,Potato crisps,"Potato, Edible Vegetable Oil Palmolein, Sunflower Oil), *Seasoning (Sugar, Maltodextrin, lodised Salt, Flavour (Natural and Nature Identical Flavouring Substances), ~Spices & Condiments, Flavour Enhancers (627 & 631), Edible Vegetable Oil (Palm, Sunflower, Peanut), Hydrolysed Vegetable Protein, Anticaking Agent 551), Cocoa Solids, Lactose). &quot;As flavouring agent. ALLERGEN ADVICE: Contains Nut, Milk, Wheat Contains Onion and Garlic May Contain Sulphite",534,32,14.3,55.1,6,0,6.4,1.6775,0.671,e,25,4 - Ultra processed food and drink products
8908008674785,Wafer richeese,Nabati,Biscuits,,483,20,9,71,33,0,6,0.512,0.512,e,25,
7622202025426,Dairy milk,Cadbury,Milk chocolate bar,,532,29.2,19.6,60.4,57,1,7.8,2.5,1,e,43,
8901565001728,Piknik Classic Tomato Chilli (fried Indian snack),Piknik,Potato crisps,"Wheat Flour, Edible Starch, Edible Vegetable Oil, Flour of _Soya_, Corn & Potato, Sugar, Salt, Tomato Powder, Onion Powder, Garlic Powder, Chilli Pewder, Maltodextrin, Acidifying agent (E296, E330), Baking Powder, Ground Spices and Condiments. CONTAINS ADDED FLAVOURS (NATURAL AND NATURE IDENTICAL-TOMATO) Contains _Gluten_",513,27.6,12.6,57.6,0,0,8.7,0,0,unknown,0,4 - Ultra processed food and drink products
8901719124143,ParleG gold 75 g,Parle,Biscuits,,462,14.6,6.8,75.9,27.7,0,6.7,0.7025,0.281,e,22,
8901725004682,farmlite oats & chocolate Cookies,"ITC, Sunfeast",Chocolate biscuits,"Wheat flour (Atta) (31.3%), Oat flakes (20.3%), Sugar, Refined palm oil, Plain chocolate chips (6.2%) {Sugar, Cocoa solids, Cocoa butter, Dextrose, Emulsifier [Lecithin (from soybean)], Natural flavours and natural flavouring substances}, Liquid glucose, Invert syrup, Raising agents [INS 503 (ii), INS 500(ii), INS 450(i)], Cocoa solids (1.4%), Almond (1.4%), Maltodextrin, lodized salt, Artificial flavouring substances (Milk, Vanilla) and Emulsifier [Lecithin (from Soyabean)] CONTAINS WHEAT, OATS, MILK, SOY, NUT. MAY CONTAIN SULPHITE",484,21.6,10.1,63.6,26.2,4.6,11,0.622,0.2488,e,24,4 - Ultra processed food and drink products
8901719117213,Parle HIDEGSEEK,Parle,Biscuits,,496,21.4,9.6,69.5,28.9,0,6.3,0,0,unknown,0,
8906163830640,Farmley Makha Shaka Masala Stix,Farmley,"Snacks, Fox nuts",,429.5,9.7,0.8,76.1,2.6,3.6,7.7,1.792,0.7168,c,7,
7622202252396,OREO 30/-,Oreo,Filled biscuits,,482,19.7,9.8,71.2,36.5,0,5.3,1.05,0.42,e,30,
8901499009708,Kellogg's Choco fills,Kellogg's,"Breakfast cereals, Chocolates","MULTIGRAIN FLOUR WXS FLOUR (ATTA) (35.7% WHOLE CATS FOR CORN MEAL (9) CHOCO CREAM SUGAR VEGETABLE OIL SUNFLOWER OIL PRIMO SOLIDS (6.3%), MILK SOLIDS EMULSIFIER FLAVOUR (NATURAL, SUGAR COCOA SOU IODIZED SALT, ANTIOXIDANT (NS 3078) ALLERGEN DECLARATION: CONTAINS OATS, SOY&MILK. MAY CONTAIN NUTS VITAMIN B6, B12&FOLATE CONTRIBUTE TO FUNCTION OF IMMUNE SYSTEM &quot;GUIDELINE DAILY AMOUNT (2000 6%",430,14,4.8,71,30.5,6.2,8,0.675,0.27,d,17,
8901719135743,Parle G gold,Parle,Biscuits,"REFINED WHEAT FLOUR (MAIDA) (63%), SUGAR, REFINED PALM OIL, INVERT SUGAR SYRUP [SUGAR, CITRIC ACIDI, MILK SOLIDS (1%), IQDISED SALT, RAISING AGENTS [503(ii),500 (ii)], FLOUR TREATMENT AGENT [1101(ii)] AND EMULSIFIER OF VEGETABLE ORIGIN [472e] CONTAINS ADDED FLAVOUR (ARTIFICIAL FLAVOURING SUBSTANCES-VANILLA *(D-GLUCOSE, LEVULOSE) CONTAINS: WHEAT, MILK USE OF TRADEMARK UNDER LICENCE FROM PARLE PRODUCTS PVT. LTD., MUMBAL 星雲 Dispose as DRY WASTE",462,0,6.8,75.9,27.7,0,6.7,702.5,281,unknown,0,4 - Ultra processed food and drink products
8906090574556,Too Yumm! Namkeen - All In One,Too Yumm,Snacks,"Edible Vegetable Oil (Rice Bran), Gram Flour (13.6%), Rice Flake (11.8%), Corn Flakes (9.9%), Seasoning (Sugar, Iodised Salt, &quot;Spices & Condiments [Fennel (5.5%)], Acidity Regulator (INS 330). Natural And Nature Identical Flavouring Substance Anticaking Agent (INS 551)}, Peanuts (6.5%), Starch, Rice Flo (4.3%), Split Bengal Gram (3.7%), Pea Flour (3.3%), Flattened Bengal Gram (2.5%), Lentil (1.9%), Cashew Nuts (0.9%), Raisins (0.8%), Turmeric Powder, Split Green Gram (0.5%), Coriander Seeds (0.4%), Iodised Salt, Sago (0.2%), Red Chilli Powder,",570,37.7,7.3,48,9.6,0,9,1.4,0.56,e,23,4 - Ultra processed food and drink products
8901063014145,Vita Marie Gold,Britannia Industries Ltd,Biscuits,"REFINED WHEAT FLOUR (MAIDA) (66%), SUGAR, REFINED PALM OIL, MILK PRODUCTS (WHEY POWDER, SWEETENED CONDENSED PARTLY SKIMMED (MILK & EDIBLE LACTOSE], INVERT SUGAR SYRUP, RAISING AGENTS [503) & 500)], 100ISED SALT, EMULSIFIERS [471&3 ARTIFICIAL (MILK, BUTTER & VANILLA) FLAVOURING SUBSTANCES, VITAMINS, DOUGH CONDITIONER (223) AND MINERALS (Numbers in brackets as per International Numbering System) CONTAINS WHEAT, MILK, SOY AND SULPHITE",449,11.4,5.5,79.3,0,0,7.3,0.6375,0.255,unknown,0,4 - Ultra processed food and drink products
8901719130854,Melody Chocolate,Parle,Chocolate candies,,451,17.4,7.2,71,54,0,2.5,0,0,unknown,0,
7622202325939,Cadbury Bournville,Cadbury,Candy chocolate bars,"Sugar, Cocoa Butter (24%), Cocoa Solids (18%), Dried Sweetened Cranberries (11%) (Cranberries, Sugar), Almonds (7%), Milk Solids, Emulsifiers (442, 476), Flavours (Natural and Nature Identical Flavouring Substances)",540.8,31.6,19,58,43.7,0,6.1,0.034,0.0136,e,24,4 - Ultra processed food and drink products
7622202253638,Oreo 5 Pack,Cadbury,Biscuit (cookie) snack w chocolate filling,"REFINED WHEAT FLOUR (MAIDA), SUGAR, FRACTIONATED FAT, PALMOLEIN, INVERT SUGAR, COCOA SOLIDS (2%*), LEAVENING AGENTS (500(ii). 503(ii)), STARCH, IODISED SALT, EMULSIFIER (322), NATURE IDENTICAL FLAVOURING SUBSTANCES. ALLERGEN INFORMATION: CONTAINS WHEAT SULPHITE, SOY. MAY CONTAIN MILK AND BARLEY.",483,19.6,0,71.9,0,0,5.2,0,0,unknown,0,4 - Ultra processed food and drink products
8901725007096,Potato Chips Salted,"Bingo, ITC",Potato crisps,"POTATO (89.1%), *EDIBLE VEGETABLE OIL AND IODIZED SALT (0.42%).",553,34.9,16.6,54.7,0.7,0,7,1.4325,0.573,e,23,3 - Processed foods
8480024754288,Barritas de platano y chocolate,Alteza,Cereal bars,,424,13,6.4,69,29,0,5.8,0.4,0.16,e,20,
8901262070539,FRUIT N' NUT Dark Chocolate,Amul,"Confectioneries, Dark chocolate bar with dried fruits, Composite chocolate","sugar, cocoa solids, cocoa butter, almonds(8%), raisins(5%), permitted emulsifiers (e322, e476),",499,32.5,16.2,46.7,38.3,0,7.2,0.0825,0.033,e,27,4 - Ultra processed food and drink products
8901491001038,Lays Spanish Tomato Tango,Lay's,Potato crisps,,525,31.9,12,53.1,5.6,0,6.4,1.6475,0.659,e,25,
8904071700376,Farali potato Chivda,,Crisps,,549.450549,34.065934,13.186813,51.648352,3.296703,4.395604,9.89011,0.686813,0.274725,d,17,
8901491363020,Chilli Chatka,10,"Crisps, Corn flakes","Cereal Products (66%) (Rice Meal (43%), Com Meal (23%)), Edible Vegetable Oil (Rice Bran Oil), *Seasoning (Sugar, &quot;Spices & Condiments, lodised Salt, Rice Flour, Flavour (Natural & Nature Identical Flavouring Substances), Acidity Regulators (330, 196), Black Salt, Flavour Enhancers (627, 631), Colours (160c 150d)), Gram Meal (0.5%). As Flavouring Agent. Contains Onion and Garlic Serve Size 20 g** MARK Per 100g %RDA Per Serve Pepsi",558,34.5,15.5,59.2,20,12,5.6,1.8075,0.723,e,25,4 - Ultra processed food and drink products
8000500126936,Ferrero Rocher,Ferrero Rocher,"Chocolates, Chocolate biscuits, Crispy biscuits, Biscuits with nuts, Chocolate sandwich cookies, Neules","MILK CHOCOLATE (30%) (SUGAR, COCOA BhUTTER, COCOA MASS, SKIMMED MILK POWDER, ANHYDROUS MILKFAT, EMULSIFIER: LECITHIN - INS 322, NATURE IDENTICAL FLAVOURING SUBSTANCE VANILLIN), HAZELNUTS (28.5%), SUGAR, PALM OIL, REFINED WHEAT FLOUR (MAIDA), WHEY POWDER, LOW FAT COCOA POWDER, EMULSIFIER (LECITHIN-INS 322), RAISING AGENT (INS 500ii), EDIBLE COMMON SALT, NATURE IDENTICAL FLAVOURING SUBSTANCE - VANILLIN.   ALLERGEN INFORMATION: Contains MILK, Fat NUT, WHEAT, SOY.",584,40,16,48,40,0,8,0.2,0.08,e,28,4 - Ultra processed food and drink products
8901063029262,Jim jam92 g,Britannia,Biscuit (cookie) snack w chocolate filling,"REFINED WHEAT FLOUR (MAIDA), SUGAR (24%), REFINED PALM OIL & INTERESTERIFIED VEGETABLE FAT, INVERT SUGAR SYRUP DEXTROSE, MILK PRODUCTS (MILK SOLIDS & SWEETENED CONDENSED MILK), EDIBLE MAIZE STARCH, MALTODEXTRIN, FRUIT PRODUCTS (0.7%) (APPLE JUICE CONCENTRATE, BANANA POWDER & PLUM JUICE CONCENTRATE), IODISED SALT, EMULSIFIERS [322(i) & 471], RAISING AGENTS [503(ii)&500(ii)], NATURE IDENTICAL AND ARTIFICIAL (MIXED FRUIT, VANILLA & BUTTER) FLAVOURING SUBSTANCES, ACIDITY REGULATORS [330&331(iii)], GELLING AGENT (440) AND COLOUR (122). (Numbers in brackets as per International Numbering System) CONTAINS WHEAT, MILK AND SOYA. Marketed By: BRITANNIA INDUSTRIES LTD., 5/1 A HUNGERFORD STREET, KOLKATA-700017, WEST BENGAL (A WADIA Enterprise) For Mfg. unit address & Lic. No. read the last two characters of the &quot;Lot No.&quot; and see address panel below. 06-J. B. MANGHARAM FOODS PVT. LTD., GOLA KA MANDIR, PO. RESIDENCY, GWALIOR-474005, MADHYA PRADESH Lic. No. 10012026000247, 9F-BRITANNIA INDUSTRIES LTD., PLOT NO. B-28, FIVE STAR MIDC, RANJANGAON, TAL SHIRUR, DIST. PUNE-412220, MAHARASHTRA Lic. No. 10018022007587, 9L-ANNIA INDUSTRIES LTD A13, A14, A15, A16, SIPCOT INDUSTRIAL GROWTH CENTRE, GANGAIKONDAN, TIRUNELVELI-627352, TAMIL NADU Lic. No. 12422999001583 For feedback Contact: Executive, Consumer Care Cell, Ph: (Tell Free 1-800-42544",486,19,9.5,73,31.8,0,5,0,0,e,24,4 - Ultra processed food and drink products
8901491001786,Wafers Style Salt with Pepper,Lay's,Crisps,,539,33.3,14.8,53.2,1.3,0,6.5,1.7025,0.681,e,24,
8904004420111,Soya Sticks,Haldiram's,"Appetizers, Fried Soy Sticks, Fried snacks","Tapioca Starch, Refined Palmolein Oil, Soya Flour (9%), Split Pulse Urad (Urad Dal) Flour, Mixed Spices (Refined Sugar, Edible Common Salt, Maltodextrin, Black Salt, Red Chilli Powder, Dried Mango Powder, Onion Powder, Glucose Powder, Preservative (INS 262i), Coriander Powder, Cumin Powder, Fennel, Whey Powder, Ginger Powder, Garlic Powder, Clove Powder, Yeast Extract, Pipal, Black Pepper, Acidity Regulator (INS 296), Flavour Enhancer (INS 627, INS 631), Turmeric Powder, Anticaking Agent (INS 551), Bay Leaf, Acidity Regulator (INS 330), Colour (INS 160c), Nutmeg, Capsicum Powder, Cinnamon, Asafoetida), Hydrogenated Vegetable Oil (Vanaspati), Natural Flavouring Substance And Nature Identical Flavouring Substance",564,38.21,18.56,45,1.86,5.25,7.46,1.5725,0.629,e,21,4 - Ultra processed food and drink products
8901725013004,Marie light family pack,"ITC, Sunfeast",Biscuits,,452,13,6.3,75.8,22.2,0,8.9,0.772,0.3088,e,20,
8901393016680,Chupa chups bites,Chupa Chups,Candies,,366.5,2.5,2,81.2,55.3,0,2.7,0.5175,0.207,e,22,
7622202030819,Cranberry,Cadbury Bournville,"Dark chocolates, Chocolates with cranberry","Sugar, Cocoa Solids, Dried Sweetened Cranberries (11%*) (Cranberries, Sugar), Cocoa Butter, Almonds (5%*), Milk Solids, Emulsifiers (442, 476), Flavours (Natural and Nature Identical Flavouring Substances). Allergen Information: Contains Milk, Almond. May Contain Other Tree Nuts, Soy.",523.2,31.1,19.3,58.8,45.6,0,5.8,0.035,0.014,e,29,4 - Ultra processed food and drink products
8908005144076,Multigrain Energy Bar,Yoga Bar,"Energy bars, Protein bars","Nuts & Seeds 34% (Almonds. Sunflower, Sesame, pumpkin, Chia), Whole Grain Flakes 32% (Rolled Oats, Brown Rice, Saamai), Honey 22%, Dried Fruit (Dates & Cranberry) 9% Rice Crisps 2%, Prebiotic Fib (Acacia Gum). Cinnamon CONTAINS ADDED NATURAL FLAVOUR: Rosemary Extract",428.571429,18.857143,3.142857,57.142857,24.285714,9.142857,13.142857,0,0,not-applicable,0,4 - Ultra processed food and drink products
8901491001816,West indies hot n sweet chilli lays,Lay's,Crisps,"potato, edible vegetable oil (palmolein, sunflower oil), seasoning (sugar, iodized salt, black salt, onion powder, garlic powder, tomato powder, spices and condiments [coriander, cumin, black pepper, ginger, clove, nutmeg, red chilli, green cardamom, cinnamon, bay leaf, star anise, caraway, mace], dried mango powder, acidity regulator [INS 330], flavour enhancers [INS 627, INS 631], edible starch, tartaric acid, citric acid, malic acid, tomato paste powder, hydrolysed vegetable protein, yeast extract, colour [INS 160c], anti-caking agent [INS 551], natural flavouring substances, artificial flavouring substances [onion, garlic])",534,32,14.4,55.099998,6,0,6.4,0,0,unknown,0,4 - Ultra processed food and drink products
8901063001022,Britannia nutri choice,Britannia,Biscuits,"WHEAT FLOUR (ATTA) (45%), REFINED PALM OIL, SUGAR, CEREAL PRODUCTS (16%) [RAGI FLOUR, CORN FLAKES, ROLLED OATS, JOWAR FLOUR, RICE FLOUR & QUINOA FLOUR], WHEAT BRAN (6%), MILK PRODUCTS [SWEETENED CONDENSED PARTLY SKIMMED MILK & WHEY POWDER], RAISING AGENTS [500(ii) & 503(ii)], HONEY (0.6%), IODIZED SALT, EMULSIFIERS [322(i), 471 & 472e] AND NATURE-IDENTICAL & ARTIFICIAL (VANILLA) FLAVOURING SUBSTANCES. (Numbers in brackets as per International Numbering System) CONTAINS WHEAT, OATS, MILK AND SOY.",492,19.9,9.7,70.2,18.6,7.7,8.1,0.56,0.224,d,17,4 - Ultra processed food and drink products
0793591862453,Kerala Banana Chips,Byond Snack,Banana crisps,"Raw Banana (72%) Refined Vegetable Oil (Palmolein), lodised Salt, Anticaking agent (E551) and Antioxidant (E319). Contains permitted natural colors & added natural and natural identical flavoring substances. Allergen Declaration: May contain traces of Soy, Milk solids and Mustard. Pack filled with Nitrogen to keep the product fresh.",509.89,25.01,11.63,66.17,3.14,6.12,5.03,0.77535,0.31014,d,16,4 - Ultra processed food and drink products
8901063012660,Milk Bikis,Britannia,Biscuits,"WHEAT FLOUR (ATTA(63%), SUGAR, REFINED PALM OIL, MILK PRODUCTS (3.4%) (SWEETENED CONDENSED PARTLY SKIMMED MILK & MILK SOLIDS), INVERT SUGAR SYRUP, RAISING AGENTS (503 (ii & 500 (ii)), IODISED SALT, EMULSIFIERS (322 (i), 471 & 481 (i)), CALCIUM SALT, NATURE IDENTICAL & ARTIFICIAL (MILK FLAVOURING SUBSTANCES, VITAMINS AND POTASSIUM IODATE.",471,17.8,8.8,72,23.1,5.3,8.3,0.7175,0.287,e,19,4 - Ultra processed food and drink products
8904335602408,Coffe Rush 10g Protein Bar,Yoga Bar,"Bars, Protein bars","Date Paste (39%), Soy Crisps, Date Syrup, Dark Chocolate Paste (Sugar, Edible Vegetable Fat, Cocoa Solids, Soy Lecithin & Natural Flavours), Texturized Soy Protein Flakes, Almond (Butter, Dices), Cashew Paste, Milk Protein Concentrate, Peanut Protein, Skim Milk Powder, Peanut Butter, Coffee Powder (2%), Cocoa Powder, Cranberry, Whey Protein Concentrate, Oats Flour, Glycerine, Natural Flavours (Coffee, Rosemary Extract), Himalayan Pink Salt.",348,8.6,3.8,52,39.6,7.8,20,0.4,0.189,not-applicable,0,4 - Ultra processed food and drink products
8901725016562,Sunfeast 5-grain Digestive,"ITC, Sunfeast",Biscuits,"REFINED WHEAT FLOUR (MAIDA) (37.8%), REFINED PALM OIL, JOWAR FLOUR (13.87 %), SUGAR, WHEAT BRAN (5.88%), INVERT SYRUP, RAGI FLOUR (2.1%), LIQUID GLUCOSE, MILK SOLIDS, CORN FLAKES (0.97%), RAISING AGENTS (INS 503, INS 500(ii)), IODIZED SALT, ROLLED OATS (0.42%), EMULSIFIERS [LECITHIN (FROM SOYABEAN), MOND-AND DI-GLYCERIDES OF FATTY ACIDS (FROM PALM OIL), DIACETYLTARTARIC AND FATTY ACID ESTERS OF GLYCEROL (FROM REFINED SUNFLOWER AND PALM OIL)), NATURAL FLAVOURS AND NATURAL FLAVOURING SUBSTANCES, ARTIFICIAL FLAVOURING SUBSTANCES (MILK, MALT, VANILLA) AND NATURE IDENTICAL FLAVOURING SUBSTANCES",474,20.4,9.8,68.4,20.7,7.4,7.9,0.669,0.2676,e,19,4 - Ultra processed food and drink products
7622202290428,Dairy Milk Silk Roast Almond,Cadbary,"Milk chocolates, Chocolates with almonds, Roast almond chocolate","Sugar, Milk Solids (21%*), Almonds (16%*), Cocoa Butter, Cocoa Solids, Emulsifiers (442, 476), Flavours (Natural, Nature Identical and Artificial (Vanilla) Flavouring Substances). Allergen Information: Contains Milk and Almond. May Contain Wheat, Barley, Soy and Other Tree Nuts.",560,35.2,19.1,52.7,46.7,0,9.7,2.5,1,e,41,4 - Ultra processed food and drink products
8908010900216,PEANUT BUTTER,Pintola,"Confectioneries, Nut butters, Crunchy peanut butters","Peanuts (68%), Dark Chocolate (30%) {Sugar Cocoa Solids, Cocoa butter, Emulsifier (INS 322)}, Stabilizer (INS471)",580,40,11,36.4,19,5.2,18.6,0.0375,0.015,c,9,4 - Ultra processed food and drink products
8901725007447,Original Style Potato Chips,Bingo,"Flavoured potato crisps, Chips",,524,33.5,7.8,50.6,1.6,0,7.1,2.0875,0.835,e,23,
8908006989386,nutritius rajgira peanut chikki,nutritius,Peanut bars,,499,22,3,51,36,4,18,187.5,75,e,37,
8906152240115,Punch Farsan,Shree Mahalaxmi,Snacks,,567.6,39.8,0,42.2,0,0,10.15,0,0,unknown,0,
8904004402827,Panchratan mix,,"Nut-based snacks, Namkeen","Potato, Refined Palmolein Oil, Almond. Refined Sugar, Raisins (7%), Cashew Nuts (7%), Curry Leaves, Sesame Seed, Rock Salt, Red Chilli Powder, Poppy Seed, Acidity Regulator NS 330), Cumin Powder & Black Salt. ergen: Contains Cashews, Almonds & Sesame Seeds. May Contains Peanuts, Other Tree Nuts, Milk & Sulphite. 8904004 4028271 Please call consumer care executive no. +91-9209109999 For any questions, comments or complainis on quality +91-7507090300, write to us at the office address or ema a customercare@haldirams.com and for enquires re sales & marketing, please call at +91-703078166 fssai Manufactured By: c. No. 10012022000574 HALDIRAM FOODS INTERNATIONAL P Bhandara Road, Nagpur, M 20 Km Stone, Kh. No. CPCB Regn. No BO Office: Plot No. 14 An ISO 220 Road, Nagp W onal Information (approx. values ch-1.25 20 a te (g) Per 1009 526 52.61 gars la 10.3 iber (g) 4.6 32.13 teu Fat (g) 7.13 Fat (g) (mg) 480 (%) contribution on the basis JANTITY: CH NO.: AFG. DATE: BY: 10.00 all taxes 25 Per Serving % Contribution 526",526,32.13,7.13,52.61,10.3,4.6,6.61,1200,480,e,34,
8901063033689,Britaninia Treat Choco Creme Biscuits,Britaninia,Biscuit (cookie) snack w chocolate filling,"REFINED WHEAT FLOUR (MAIDA), SUGAR, REFINED PALM OIL, INTERESTERIFIED VEGETARITZAT, COCOA SOLIDS (3.8%), INVERT SUGAR SYRUP, MILK CHOCOLATE (2%) [EMULSIFIER 3220 EDIBLE MAIZE STARCH, RAISING AGENTS [500(ii) & 503(ii), IODIZED SALT, MILK SOLIDS, ARTIFICIAL VANILLA, CARAMEL & MILKY COCOA) & NATURE IDENTICAL FLAVOURING SUBSTANCES EMULSIFIER [322(1) AND COLOURS (150d, 124&133) Numbers to brackets as per International Numbering System) CONTAINS WHEAT, MILK & SOY WORE IN A COOL, HYGIENIC ANU DIT ACLEAN AIRTIGHT CONTAINER ONCE OPENED. GEANCEER CONTENTS TO Marketed By: BRITANIA INDUSTRIES LTD., S/TAHUNGE STREET, KOLKATA-700017, WEST BENGAL (A WADIA Enterprise) We For Min unit address & Lic. No read the last two characters of the IOT and can anel SL-06",498,21.2,10.3,71.5,37.2,0,5.3,1.005,0.402,e,32,4 - Ultra processed food and drink products
8906188960032,unibic fruit and nut cookies,unibic,Biscuits,,448.6,19,0,63,0,0,6.4,0.5225,0.209,unknown,0,
8901491002905,Kurkure,,"Appetizers, Spiced-crunchy-puffcorn",,557,33.7,15.2,57.8,4.1,0,5.5,0,0,unknown,0,
8901491002912,"20 RICE, CORN & DAL WITH Kurkure Schezwan Ching's",PepsiCo,Crisps,"Cereal Products (67%) (Rice meal (44%), Corn Meal (23%)), Edible vegetable oil (Rice Bran Oil), *Seasoning (Sugar, Spices and Condiments, lodised Salt, Edible Vegetable Oil (Canola, Palm and Sunflower), Acidity Regulators (296, 330), Edible Starch, Salt Substitute (Potassium Chloride), Maltodextrin, Natural and Nature Identical Flavouring Substances, Flavour Enhancers (627, 631), Colour (150d)), Gram Meal (0.5%). As Flavouring Agent. &quot;Contains Onion and Garlic Allergen Advice: May Contain Peanut",557,33.7,15.2,57.8,4.1,0,5.5,1.71,0.684,e,25,4 - Ultra processed food and drink products
9556023331597,Super ring,Cheese flavor,"Fats, Puffed salty snacks","Maïs, Couleur Naturelle Fromage en poudre, Huile Végétale, Sucre, Sel et Glutamate Acide de Sodium.",570,39.333333,20,45,10,6.666667,6,1.583333,0.633333,d,18,2 - Processed culinary ingredients
8904063240217,Haldiram's,Haldiram's,"Plant-based foods, Salty snacks","Split Green Gram (74%), Edible Vegetable Oil (Cotton Seed, Corn, Ground Nut and Rice Bran) and lodised Salt. Allergen Information: Contains Peanut. STORE IN A COOL & DRY PLACE, ONCE OPENED KEEP THE MATERIAL IN AIR TIGHT CONTAINER. Haldiram's Trade Mak/Copyright Haldia India (Pvt) Lad Momber St Gur (Haryana), INDIA PRODUCT OF INDIA Lic. No. For Feedback or Queries, Whit No. and Manufacturing Datel t THE CONSUMER SERVIC HALDIRAM SNACKS C-31, SECTOR-62, NOID GAUTAM BUDH NAGAR OR CALL US AT: 0120-2 US AT: CUSTOMERCARE VISIT US AT: WWW.I READY-TO-EAT SAVOURIES MRP. 5.00 (INCL. OF ALL SERVINGS PER PACK: NET QUANTITY: MFG. DATE : USE BY BATCH NO. : USP KEEP YOUR CITY CLEAN OTHER PACKAGED IN A PROTECTIVE ATMOSPHERE 8 904063 2 Pkg: Mtri. Mfd. By: GLS Films",475.7,0,6.1,53.3,0,0,22.2,1.42825,0.5713,unknown,0,
8901972058612,Waffy Chocolate,Dukes,Chocolate biscuits,"REFINED WHEAT FLOUR (MAIDA), SUGAR, REFINED PALM OIL, HYDROGENATED OILS, MALTODEXTRIN, COCOA SOLIDS (1.5 %), EMULSIFIER [INS 322(1)], ARTIFICIAL FLAVOURING SUBSTANCES (CHOCOLATE, VANILLA), IODIZED SALT, RAISING AGENT [INS 500 (ii)], COLOUR (INS 150d), FLOUR TREATMENT AGENTS (INS 223, INS 1100, INS 1101).",500,23.33,10,70,46.67,0,3.33,0.2075,0.083,e,29,4 - Ultra processed food and drink products
8906005500083,Bikaneri Bhujia,,Snacks,). المكونات دقیق فول (دقیق) موث) (٤٧.٥%) ، د حمص ،(%) ، زيت طعام ،نباتي ملح طعام، فلفل، زنجبيل، فلفل أسود ،هيل قرنفل، جوزة الطيب.,610,45,15,37.5,0,7.5,15,1.99375,0.7975,e,21,
3564706633872,Torti surimi,Menu Fraîcheur,"Appetizers, Pasta salads","Pates alimentares cuites 3% semoule de blé dur, sell: eau; surimi 15% (eal, chair de poisson, amidon dont ble amidon modifie huile de soja sucre, set colorant: extrait de paprika, stabilisants: E450, E451); huile de colza; poivron rouge; vinagre d'alcool; jus de cron à base concentré; amidon modifié de pomme de teme; whisky; vinaigre de xeres; moutarde aan de moula d'alcool, se); sel; sucre ; jaune d'oeuf en poudre; congervateur: E202; ciboulette des ha épaississant: gomme xanthane; poivre; échalote déshydratée; poudre de betterave; artimes caramel ordinaire. Traces de: céleri, autres céréales contenant du gluten, crustacés graines de sésame et soja.",207,14,1.1,16,1.3,1.8,3.3,0.78,0.312,c,5,4 - Ultra processed food and drink products
8908005144366,Breakfast Protein Bar Apricot Fig,Yoga Bar,"Cereal bars, Protein Energy Bars","Millets, Samai Flakes, Jowar Flakes, Rolled Oats, Rice Flakes, Quinoa Flakes, Oats Flour, Fructo-oligosaccharide, Nuts & Seeds 15.5% (Flax, Sesame, Sunflower 3%, Chia, Almond 2%, Pumpkin), Raisins 9.8%, Honey, Rice Crispy, Glycerine, Natural Flavors (Apricot, Fig, Rosemary Extract), Gum Acacia, Apple Fibre, Himalayan Pink Salt.",400,12,3.111111,65.111111,27.333333,9.111111,12.444444,0.666667,0.280444,not-applicable,0,4 - Ultra processed food and drink products
8901063093409,good day cashew cookies,Britannia,Biscuits,"REFINED WHEAT FLOUR (MAIDA), EDIBLE VEGETABLE OIL (PALM). SUGAR, CASHEW NUTS (4.5%), INVERT SYRUP, MİLK SOLIDS, BUTTER (0.6%), RAISING AGENTS [503(ii) & 500(ii)], IODISED SALT AND EMULSIFIERS (322, 471, 472e). CONTAINS ADDED FLAVOURS INATURE IDENTICAL AND ARTIFICIAL (MILK AND VANILLA) FLAVOURING SUBSTANCES)",0,24,0,67,22,0,0,0,0,unknown,0,4 - Ultra processed food and drink products
8908003115818,Osmania biscuits,Karachi Bakery,Biscuits,,472.727273,21.818182,10.909091,65.454545,9.090909,3.636364,5.454545,1,0.4,e,22,
8901972006040,Nice Sugar sprinkled coconut biscuits,Dukes,Biscuits,"REFINED WHEAT FLOUR (MAIDA), SUGAR, REFINED PALM OIL, SPRINKLED SUGAR (4.7 %), DESICCATED COCONUT (3.8 %), INVERT SYRUP, MILK SOLIDS, RAISING AGENTS [INS 503 (ii), INS 500 (ii)], IODIZED SALT, EMULSIFIERS [INS 471, INS 322(i)] AND ARTIFICIAL FLAVOURING SUBSTANCES (COCONUT, MILK).",454,14.5,7.5,74,28.2,0,7.4,0.625,0.25,e,23,4 - Ultra processed food and drink products
8901063017634,Britannia 5050,,"Fats, Salt and malt vinegar crisps","REFINED WHEAT FLOUR (MAIDA), REFINED PALM & PALMOLEIN OIL, SUGAR, LIQUID GLUCOSE, RAISING AGENTS [503(ii), 341(ii), 500(ii) & 450(i)], BUTTER (1.2%), BLACK SALT, MILK SOLIDS, DEHYDRATED VEGETABLE (CHIVES) (1%), IODISED SALT, NATURE IDENTICAL FLAVOURING SUBSTANCE, DOUGH CONDITIONER (223) AND IMPROVERS [1101(i) & XYLANASE].",502,26,13,60,10,0,7,2.705,1.082,e,26,4 - Ultra processed food and drink products
8901014000166,Geki - Hot & Spicy,Nissin,"Appetizers, Instant noodles","NOODLES (80.00%) Refined Wheat Flour (Maida), Edible Vegetable Oil (Palm Oil), Tapioca Starch, lodised Salt, Acidity Regulators [INS 45100 & INS 500(i)], Turmeric Powder, Thickener (INS 412) & Antioxidant (INS 319). SEASONING MIX (12.50%): Sugar, Hydrolysed Vegetable Protein Powder (Soya), Dehydrated Chicken Powder, Dehydrated Chicken Blits. Flavours (Natural & Nature Identical), Garlic Powder, lodised Salt, Onion Powder Yeast Extract Powder, Mixed Spices 2.25% (Nutmed Cumin, Ginger, Black Pepper, Coriander Turmeric), Flavour Enhancers (INS 631 & 627), Roasted Sesame Seeds, Acidity Regu or (INS 330), Oleoresin Capsicum & Anticaning Agent (INS 551). SEASONING OIL (7.50%); Edible Vegetable Oil (Palmolein, Soya Bean Oil & Chilli Seed Oil). Colour [INS 160c(0)] & Oleoresin Rosemary S ALLERGEN INFORMATION: CONTAINS WHEAT & SOY MAY CONTAIN MILK.",476.96,19.04,8.19,67.96,4.54,0,6.78,4.690775,1.87631,unknown,0,4 - Ultra processed food and drink products
8906005610942,Fruit Cake,Winkies,Fruit cakes,"REFINED WHEAT FLOUR (MAIDA), SUGAR, WATER, PALMOLEIN OIL, VANILLA CONCENTRATE (MILK SOLIDS (33%), LEAVENING AGENTS [INS 500), INS 341, DEXTROSE, REFINED WHEAT FLOUR (MAIDA), STARCH, MODIFIED STARCH (INS 1412, INS 1440, INS 1442), ACIDITY REGULATOR (INS 330), IMPROVER (INS 170), EMULSIFIER (INS 433, INS 471, INS 4726, INS 477), STABILIZER (INS 415, INS 412, INS 450), GLAZED FRUITS (5%) (PAPAYA, SUGAR, ACIDITY REGULATOR (INS 330), SYNTHETIC FOOD COLOUR (INS 110,INS 102, INS 143, INS 124)), RAISIN (3%), HUMECTANTS (INS 422, INS 420), CAKE GEL (INS 471, INS 477, INS 1520, INS 420, INS 412, INS 202), PRESERVATIVE (INS 200, INS 282, IMS 211), ACIDITY REGULATOR(INS 260),EDIBLE COMMON SALT, STABILIZER (INS 412,INS 415)",421.9,21,9.6,54.5,24.1,0,3.5,0,0,e,21,4 - Ultra processed food and drink products
7622201712617,Chocobakes choco chip,Cadbury,Biscuits,"REFINED WHEAT FLOUR (MAIDA), MILK CHOCOLATE CHIPS (23%)-[SUGAR, COCOA BUTTER, MILK SOLIDS (4%), COCOA SOLIDS, DEXTROSE, EMULSIFIERS (442), FLAVOURS (NATURAL, NATURE IDENTICAL AND ARTIFICIAL (VANILLA & CARAMEL) FLAVOURING SUBSTANCES)] SUGAR, PALMOLEIN, COCOA SOLIDS INVERT SUGAR, RAISING AGENTS (503(ii), 500(ii), 450(i)), IODISED SALT, EMULSIFIER (322), FLAVOURS (NATURAL & ARTIFICIAL (VANILLA) FLAVOURING SUBSTANCES). ALLERGEN INFORMATION: CONTAINS MILK, WHEAT, SOY NAY CONTAIN TREENUTS, BARLEY. ING DER PACKAGE: 10°",466,18.9,8.9,69.3,31.29,0,0,762.5,305,e,42,4 - Ultra processed food and drink products
8886467122866,pringles,Pringles,Stacked extruded potato crisps,,523,27.9,14,62.8,0.4,0,5,1.1725,0.469,e,21,
8906078720890,Masala Ponga,Gopal Namkeen,Snacks,,495.1,24.3,11.5,60.1,0,0,8.1,2.906,1.1624,unknown,0,
8906090572118,Karare,Too Yumm,Crisps,,489,21,9.4,69,6.9,4.1,5.6,2.225,0.89,e,27,
8901725118914,Tedhe Medhe,Bingo,Corn chips,"RICE GRITS, REFINED PALMOLEIN, SEASONING REFINED PALMOLEIN, SPICES AND CONDIMENTS, ONION POWDER, 1ODIZED SALT MALTODEXTRIN, BLACK SALT, FLAVOUR ENHANCER (INS 508), NATURE IDENTICAL FLAVOURING SUBSTANCES, TOMATO POWDER, SUGAR, HYDROLYZED VEGETABLE PROTEIN, NATURAL FLAVOURS AND NATURAL FLAVOURING SUBSTANCES AND GARLIC POWDER (0.1%)), DEGERMED CORN GRITS AND BENGAL GRAM GRITS (3.1%).",546,32.8,15.5,57.3,1.7,0,5.5,1.846,0.7384,e,25,4 - Ultra processed food and drink products
8906032019664,Aarogya Multigrain Biscuits,Patanjali,"Biscuits, Vegetarian meals","Wheat flour (Atta 53.8%), Refined Palm oil, Sugar, Invert syrup, Multi grain flour mix 2.8% {Jowar, Water caltrope, Amaranth, Maize, Black Gram}, Dextrose, man Wheat bran, Milk solids, lodized Salt, Honey, Raising Agents [INS 500(ii), INS 503(ii)], Emulsifier [INS-322(i), INS 472) Vegetable Extracts {Carrot & Tomato }, Butter, Dough PO. Conditioner (INS 223), Nature Identical (Butter, Honey) & Artificial Flavouring Substances (Milk & Vanilla). 287 84105 0938 Soya 452 CONTAINS ALLERGEN: WHEAT, MILK, SOY, SULPHITE NET QUANTIT",495,19,9.3,71,24.7,7,7,0.6,0.24,e,20,4 - Ultra processed food and drink products
8901719117206,Hide & Seek Caffé Mocha,Parle,"Biscuits, Cookies with Chocolate Chips and Coffee","Refined Wheat Flour, Chocolate 21% (Sugar, Cocoa Solids, Cocoa Butter, Dexstrose, Soy Lecithin, Vanilla), Sugar, Refined Palm Oil, Inverter Sugar Syrup, Instant Coffee Chicory Mixture 1%, Raising Agents (503 ii, 500 ii), Iodized Salt, Emulsifier of Vegetable Origin (472e)",478,17.8,9.2,73.6,32,0,5.8,0.355,0.142,e,19,4 - Ultra processed food and drink products
8904004401011,Haldiram's Mixture,Haldiram's,Snacks variety packs,"Split Pulse Bengal Gram (Chana Dal), Refined Palmolein Oil, Bengal Gram Flour (Besan) (10%), Red Lentils (Masur Whole) (8%), Groundnut (Peanuts) (7%), Potato, Rice Flakes, Spinach, Edible Common Salt, Red Chilli Powder, Acidity Regulator INS 330), Black Salt, Black Pepper, Pipal, Coriander Powder, Dried Ginger Powder, Clove Powder, Cumin Powder, Nutmeg, Bay Leaf, Turmeric Powder, Dried Mango Powder, Fennel Seed, Cinnamon, Garlic Powder, Hydrolysed Vegetable Protein (Soya), Colour (INS 141) & Asafoetida. Allergen: Contains Peanuts & Soy Contains Wheat, Almond, Cashew, Milk, Sesame Seeds & Mustard Seed",267,15.12,5.47,22.29,0.01,5.68,7.69,0.4,0.16,b,2,4 - Ultra processed food and drink products
8901725004668,Oats & Almonds Cookies,Sunfeast,Biscuits,"TRANS FAT FREE Wheat flour (Atta) (35.3%), Oat flakes (21.2%), Refined palm oil, Sugar, Liquid glucose, Almonds (3.2%), Raising agents [INS 503 (ii), INS 500(ii), INS 450(i)], Maltodextrin, Invert syrup, Milk solids, lodized salt, Artificial flavouring substances (Milk, Vanilla), Emulsifier [Lecithin (from Soyabean)] and Nature identical flavouring substances CONTAINS WHEAT, OATS, MILK, SOY, NUT. MAY CONTAIN SULPHITE THE ME RESS",483,21.8,9.6,67.1,22.6,6.8,7.9,0.87975,0.3519,e,21,4 - Ultra processed food and drink products
8901393016635,Sour belt,Chupa chups,Candies,,36.5,2.3,0,8.13,0,0,0.25,0,0,unknown,0,
8906009533148,Max Protein GrainBreakfast Cookie,RiteBite,Chocolate chip cookies,,478.181818,24.909091,14.727273,45.090909,18.181818,7.272727,18.181818,0.55,0.22,d,18,
8901063035027,Milk Bikis,,Biscuits,,498,22,13,68,31.5,0,7,0,0,e,25,
7622202218620,CHOC- LAYERED CAKES,Cadbury CHOCOBAKES,"Cakes, Candies","Cake (45%) - Refined Wheat Flour (Maida), Sugar, Humectants (420), 422, 1520), Palm Olein, Liquid Glucose, Milk Solids, Cocoa Solids, Starch, Emulsifiers (322, 475,471,491), Raising Agent (5000),4500), 341 (0), lodised Salt, Flavours (Natural Flavour, Nature Identical Flavouring Substances), Preservative (202),Stabilizer (415)); Chocolayer (29%)-Sugar, Hydrogenated Vegetable Oils, Milk Solids, Cocoa Solids, Emulsifiers (442,476)), Flavours (Nature Identical, Artificial (Vanilla and Caramel) Flavouring Energy Substances); Filling (26%) - (Sugar, Fractionated Fat, Liquid Glucose, Humectant (422, 1520), Water, Emulsifiers (322, 475, 471, 491), Cocoa Solids, Flavours (Natural flavour, Nature Identical Flavouring Substances), lodised Salt, Preservative (202)). Allergen Information: Contains Milk, Wheat, Sulphites and Soy.",466,0.1,14.1,64.2,40.3,0,4,0.5075,0.203,e,26,4 - Ultra processed food and drink products
8901063363359,Cake Fudge It - Choco Brownie,Britannia,Cakes,"SUGAR, REFINED WHEAT FLOUR (MAIDA), REFINED PALMOLEIN OIL, EGGS, CHOCO CALLETS (10%) [SUGAR, HYDROGENATED VEGETABLE FAT, COCOA SOLIDS, EMULSIFIER (491), DEXTROSE EMULSIFIER [322(i)] & NATURAL FLAVOURING SUBSTANCES], MILK CHOCOLATE CHIPS (8%) [SUGAR, COCOA BUTTER, MILK SOLIDS, COCOA SOLIDS, DEXTROSE, EMULSIFIER [322(i)] & NATURAL FLAVOURING SUBSTANCES], COCOA SOLIDS (2%), HIGH MALTOSE SYRUP, LIQUID GLUCOSE, IODISED SALT, ARTIFICIAL (BROWNIE MAGNUM & VANILLA) FLAVOURING SUBSTANCES, COLOUR (150d), EMULSIFIER (471), PRESERVATIVES (202 & 282), STABILIZER (415), BAKING POWDER AND ACIDITY REGULATOR (330). CONTAINS WHEAT, EGGS, MILK AND SOYA.",470,24,13,58.5,41,0,5,0.435,0.174,e,28,4 - Ultra processed food and drink products
7622202237942,Cadbury dairy milk,Cadbury,Milk chocolate bar,"Chocolate grements: Sugar, Cocoa Butner, Milk Solids (19%*) Cocoa solids, Emulsifiers (442. 476), Flavours (Natural Nature Identical and Arofical (Caramel and Vanilla flavouring) Schstances)   Allergen Information: Contains Milk, Sulphite May Contain Tree Nuts, Wheat, Barley and Soy",526,28,18.6,62.6,58.8,0,6.8,0.2675,0.107,e,32,4 - Ultra processed food and drink products
8906010500542,Balaji Wafers Sev Murmura,Balaji Wafers,Snacks,"PUFFED RICE (50%), CHICKPEA FLOUR (24%), EDIBLE VEGETABLE OI (PALMOLEIN, RICE BRAN, CORN), RICE FLOUR, EDIBLE COMMON SALT, SPICES & CONDIMENTS (TURMERIC, CHILLI, CLOVE, GINGER, ASAFOETIDA CURRY LEAVES), REFINED WHEAT FLOUR (MAIDA), GUM ACACIA",507,23.4,11,60.6,9,5,10.9,2.0225,0.809,e,26,4 - Ultra processed food and drink products
8901063019171,Little Hearts,Britannia,"Flours, Biscuits, Sn",,486,19.5,9.4,70,24,0,7.4,0.7725,0.309,e,24,
8901058007060,Milkmaid Mini,Nestlé,Confectioneries,,300,4,3.333333,58.666667,58.666667,0,8.666667,0.275,0.11,e,22,
8906090573122,Too yumm Chips blue,,Potato crisps,"Potato (56%), Edible Vegetable Oil (Rice Bran), Seasoning (lodised Salt, *Spices & Condiments (Contains Onion and Garlic), Sugar, Rice Flour, Hydrolysed Vegetable Protein, Mango Juice Powder, Tomato Powder, Anticaking Agent (INS 551), Acidity Regulators (INS 296, INS 334, INS 330) Flavour Enhancers (INS 627, INS 631), Colour (INS 160c), Natural And Nature Identical Flavouring Substances). *Used as natural flavouring agent ALLERGEN ADVICE: CONTAINS SOYA MAY CONTAIN WHEAT AND MILK",552,33.5,7.6,55,1.1,3.7,7.3,2,0.8,e,21,4 - Ultra processed food and drink products
8906010503253,Balaji Wafers Dum Bar,Balaji Wafers,"Chocolate candies, Peanut bars",energy 541 kal protein 14.5g carbohydrates 55g,541,29,5,55,47,1.2,14.5,0.2,0.08,e,23,
8909081001161,Bounce chocho,sunfest,Chocolate biscuits,,455,13.9,6.6,77.7,35.7,0,5.6,0.6925,0.277,e,24,
8901063092761,Good Day Butter Jeera,Brittania,Biscuits,,506,23.1,11.5,68.2,20,0,6.4,1.48,0.592,e,28,
8906033744329,MEVities Hobnobs,mcvities,Biscuits,,492,21.3,10.2,68.2,23.2,6,6.9,0,0,unknown,0,
8901063368026,Gobbles fruit cake 55gm,Britannia,"Bars, Cakes",,427,19.7,9.5,56.4,25.2,0,5.9,0.5775,0.231,e,23,
8901063012813,milk bikis,,Biscuits,"REFINED WHEAT FLOUR (MAIDA) (63%), SUGAR, REFINED PALM OIL, MILK PRODUCTS (4%) [SWEETENED CONDENSED PARTLY SKIMMED MILK & MILK SOLIDS), INVERT SUGAR SYRUP, RAISING AGENTS [503(ii) & 500(ii)], IODISED SALT, EMULSIFIERS [322(1)&471], MINERALS, ARTIFICIAL MILK & VANILLA] & NATURE IDENTICAL FLAVOURING SUBSTANCES AND VITAMINS (Numbers in brackets as per International Numbering System)",459,13.5,6.6,77.1,26,0,7.4,0.745,0.298,e,21,4 - Ultra processed food and drink products
7622202257575,Oreo original,,Sandwich biscuits,"REFINED WHEAT FLOUR (MAIDA), SUGAR, FRACTIONATED FAT, PALMOLEIN, INVERT SUGAR, COCOA SOLIDS (2%*), LEAVENING AGENTS (500(ii), 503(ii)), STARCH, IODISED SALT, EMULSIFIER (322), NATURE IDENTICAL FLAVOURING SUBSTANCES. ALLERGEN INFORMATION: CONTAINS WHEAT, SULPHITE, SOY. MAY CONTAIN MILK AND BARLEY.",483,19.6,9.7,71.9,38.9,0,5.2,1.05,0.42,e,31,4 - Ultra processed food and drink products
3948719105913,Hide and seek,Parle platina,"Chocolate biscuits, Dry biscuits, Food",Added sugar,480,18.3,11.4,73.1,32.6,0,5.8,0.285,0.114,e,26,3 - Processed foods
7622202326172,Cadbury Dairy Milk Silk Roast Almond,Cadbury,"Beers, Candy chocolate bars",,560,35.2,19.1,52.7,46.7,0,9.7,0.26,0.104,not-applicable,0,
8903363007643,Nutri Delite Crunchies,Nutri Delite,"Snacks, Breakfast cereals","REFINED WHEAT FLOUR (41.8%), SUGAR, CORN FLOUR, WHEAT BRAN, LIQUID GLUCOSE, COCOA POWDER (1.9 PALMOLEN OIL, MALT EXTRACT, ARTIFICIAL FLAVOURING SUBSTANCES-VANILLA & BUTTERSCOTCH CALCIUM CARBONATE, IODISED SALT, SOYA LECITHIN (INS 322 (i)), NATURAL COLOUR (INS 150d), TOCOPHEROL (INS 07b).",386,2.4,1.1,82.5,27.9,0,6.6,0.25,0.1,c,9,4 - Ultra processed food and drink products
8902579002121,Appy Fizz,Appy Fuzz,"Beverages, Confectioneries",,56,0,0,14,13.875,0,0,0,0,unknown,0,
7622202326202,Dairy Milk Silk Fruit and Nut Chocolate Bar,Cadbury Dairy Milk,"Milk chocolates, Candy chocolate bars, Cocoa powders, Chocolate bar with dried fruits","Sugar, Milk Solids (20%*), Cocoa Butter, Cocoa Solids, Raisins (9%*), Cashew Nuts (5%*), Apricot Kernels (3%*), Emulsifiers (442, 476), Flavours (Natural, Nature Identical and Artificial (Vanilla) Flavouring Substances). Allergen Information: Contains Milk, Cashew Nut and Sulphites May Contain Wheat, Barley, Soy and Other Tree Nuts",532,30.4,18.7,58.1,50.9,0,7.8,0.26,0.104,unknown,0,4 - Ultra processed food and drink products
8906002482481,Snickers,Mars,Candy chocolate bars,"Milk chocolate (36.5%): Sugar, Milk solids, Cocoa butter. Cocoa solids, Edible vegetable fats &lt;5% (Sal fat, Palm oil), Dextrose, Emulsifier (322); Centre filling (63.5%): Liquid glucose, Peanuts (18%), Sugar, Fractionated vegetable fat, Milk solids, lodized salt, Cocoa butter, Cocoa solids, Edible vegetable fats &lt;5% (Sal fat, Palm oil), Dextrose, Emulsifier (322). CONTAINS COCOA BUTTER EQUIVALENT IN ADDITION TO COCOA BUTTER.  Contains Peanuts, Milk & Soy.  May contain Treenuts.",479.9,23.3,9.9,61,55,0,7.8,0.5725,0.244,e,32,4 - Ultra processed food and drink products
8901491001120,Lays american style cream and onion,Lay's,Potato crisps,,537,33.1,14.8,53,3.4,0,6.7,1.6075,0.643,e,24,
8906002730018,Instant Gulab Jamun mix,Chitale Foods,"Cakes, Dessert mixes",,431,14.6,8.2,54.6,18.8,1.6,20.5,1.035,0.414,unknown,0,
8901719113451,20-20 Cashew Cookies,Parle,Biscuits,"REFINED WHEAT FLOUR (MAIDA), SUGAR, REFINED PALM OIL, INVERT SUGAR SYRUP, CASHEW (1%), RAISING AGENTS [500(ii),503(ii)], MILK SOLIDS, IODISED SALT, BUTTER (0.3%), EMULSIFIER OF VEGETABLE ORIGIN (472e) CONTAINS ADDED FLAVOURS, (ARTIFICIAL FLAVOURING SUBSTANCES - BUTTER, MILK) CONTAINS: WHEAT, CASHEW, MILK",482,18.6,8.5,71.9,24.1,0,6.7,0.6,0.24,e,21,4 - Ultra processed food and drink products
8907459000365,Kopiko,Kopiko,Candies,,457.142857,11.428571,5.714286,65.714286,65.714286,0,1.428571,0.392857,0.157143,e,25,
8904340700007,pulse,,Sweet snacks,,400,0,0,75,50,0,0,2.3125,0.925,e,28,
8904004401158,khatta meetha 200g,Haldiram's,"Snacks, Namkeen","Edible Vegetable Oil (Palmolein, Cotton Seed, Corn, Sunflower, C-31, SECTOR-62, NOIDA-20 Rice Bran), Rice Flakes (22%), Bengal Gram Flour (Besan) (21%), Refined Sugar, Split Pulse Bengal Gram (Chana Dal) (7%), Groundnuts (Peanuts) (5%), Sago (4%), Red Lentils (Masur Whole) (2.5%), Green Peas, Tapioca Starch, Iodised Salt, Black Salt, Turmeric, Acidity Regulator (INS 330), Red Chilli, Ajwain, Raising Agent (INS 500 ii) & Asafoetida.",530,29.25,12.48,57.38,13.1,1.28,9.26,0.646,0.2584,e,22,3 - Processed foods
8904004405514,Orange Soan Treat,Haldiram's,Sweet snacks,"Refined Sugar, Refined Wheat Flour(Maida). Refined Palmolein Oil, Bengal Gram Flour (Besan), Hydrogenated Vegetable Oil (Vanaspati), Liquid Glucose, Almond, Pistachio Nuts, Colour (INS 110), Natural Flavouring Substances & Nature Identical Flavouring Substances Allergen: Contains Almonds, Pistachios & Wheat May Contains Coconut, Cashew, Milk, Soy, Peanut & Sesame Seed.",504,23.1,8.53,66.54,46.22,4.81,7.46,0.2,0.08,e,25,4 - Ultra processed food and drink products
8901262071703,Twilight Tryst Single Origin Dark Chocolate,Amul,"Chocolate candies, Dark chocolate bar","Cocoa solids, sugar, cocoa butter, emulsifiers (322, 476), artificial flavouring substances (cocoa, vanilla).",554,34,20.8,55.8,44.2,0,6.2,0.0125,0.005,e,29,4 - Ultra processed food and drink products
7622202031618,nutties,cadbury,"Milk chocolates, Chocolate covered cashews","Center (55%*) (Sugar, Cashew Nuts (11%), Milk Solids, lodised Salt, Flavour (Natural and Nature Identical Flavouring Substances), Emulsifier (442), Almonds), Milk Chocolate (44%) (Sugar, Milk A Solids (22%), Cocoa Butter, Cocoa Solids, Emulsifiers (442,476), Flavours (Natural, Nature Identical and Artificial (Vanilla) Flavouring Substances)), Stabilizers (1400, 414), Glazing Agent (904).",511,24.8,13.9,67.2,57.4,0,5,0.2925,0.117,e,32,4 - Ultra processed food and drink products
8908013479092,double cocoa protein bar,The Whole Truth,Bars,"Cashew, dates, whey protein concentrate, almond, cocoa powder, cocoa butter",492.692308,26.538462,6.538462,37.692308,20,10.384615,25.576923,0.035096,0.014038,d,12,4 - Ultra processed food and drink products
8901512562609,Act II Popcorn,Act II,Salted popcorn,"Popped corn 88.7%, refined edible palmolein oil (tbhq) iodized salt nature identical flavour, butter table butter 0.07% and beta carotene, contains milk and it's products.",448.75,18.75,6.875,66.25,0,11.25,8.75,2.25,0.9,d,18,4 - Ultra processed food and drink products
8906080600920,chikki,Paper Boat,Peanut bars,"PEANUTS (50%), JAGGERY, SUGAR AND LIQUID GLUCOSE.  Contains Peanuts. May contains tree nuts.",497.6,24,5.4,56.5,45.3,5,13.9,0.064,0.0256,e,22,4 - Ultra processed food and drink products
8901725013769,Mad Angles Tomato Madness,Bingo,Corn chips,,530,29.9,13.9,60.1,3.9,0,6.6,1.58075,0.6323,e,24,
8901512921604,Sour Cream & Cheese Flavor Popcorn,Act 2,Popcorn,,496,29,12,56,7.5,11.3,8.3,2.5,1,e,25,
8901063012578,Britannia Milk bikis,Britannia,"Biscuits, Bis",,467,16.9,8.4,72.8,23.1,5.4,8.5,0.83,0.332,e,20,
8901499011398,Kellogg's Museli Nuts delight,Kellogg's,"Bars, Mueslis, Cereal flakes","MULTIGRAIN MIX (67.6%) (CORN GRITS (21.2%), WHEAT (16.8%), ROLLED BARLEY (10.5%), ROLLED OATS (10.5%), RICE (8.6%), DRY FRUITS & NUT (20%) (BROWN RAISINS (10%), ALMONDS (6%), BLACK RAISINS (4%)), SUGAR, CEREAL EXTRACT, WHEAT BRAN, HONEY, OLIGOFRUCTOSE, IODIZED SALT, COCOA SOLIDS, VITAMINS. FLAVOURS (NATURE IDENTICAL & ARTIFICIAL (COCONUT)), ANTIOXIDANT (INS 307b), MINERAL AND COLOUR (INS 150d). ALLERGEN DECLARATION: CONTAINS WHEAT, BARLEY, OATS, NUT (ALMONDS) AND SULPHITE. MAY CONTAIN OTHER NUTS, SOY AND MILK. SOME DRY FRUITS CONTAIN SULPHITE TO MAINTAIN COLOUR.",389,5.9,1,79.3,21.7,6.8,8,0,0,c,3,4 - Ultra processed food and drink products
8901725013660,bingo mad angles,ITC Limited,"Corn chips, triangular-shaped","RICE GRITS, SEASONING {REFINED PALMOLEIN, SUGAR, 'SPICES AND CONDIMENTS, IODIZED SALT, NATURE IDENTICAL FLAVOURING SUBSTANCES, HYDROLYZED VEGETABLE PROTEIN AND NATURAL FLAVOURS AND NATURAL FLAVOURING SUBSTANCES), REFINED PALMOLEIN, DEGERMED CORN GRITS AND BENGAL GRAM GRITS. *USED AS FLAVOURING AGENTS. CONTAINS SOY. MAY CONTAIN MILK, WHEAT.",526,29.5,13.8,61.2,6,0,5.6,1.897,0.7588,e,26,4 - Ultra processed food and drink products
8901719220173,Melody Chocolaty,Parle,Chocolate candies,"SUGAR, LIQUID GLUCOSE, REFINED PALM OIL, COCOA SOLIDS (6.5%), MILK SOLIDS, IODISED SALT AND EMULSIFIER OF VEGETABLE ORIGIN (SOY LECITHIN). CONTAINS ADDED FLAVOURS (ARTIFICIAL FLAVOURING SUBSTANCES VANILLA & CHOCOLATE) CONTAINS: MILK & SOY MANUFACTURED FOR: Issai LIC. No.: 10013022002253 BPARLE BISCUITS PVT LTD NORTH LEVEL CROSSING, VILE PARLE EAST, MUMBAI, MH-40005 MFD. BY: (IP)-PARLE BISCUITS PVT LTD, 464, GONDE DUMALA, IGATPURI, NASHIK, MH-422403 LIC. No.: 10012022000125 (KP)-PARLE BISCUITS PVT LTD, 131/2, KIRKHINDI KHOPOLI-PEN ROAD, RAIGAD, MH-410202 LIC. No.: 10012022000118 (IN)-DHANANJAY CONFECTIONERIES PVT LTD, 42-53 LIC. No.: 10012026000035 SECTOR-F INDL AREA, SANWER ROAD, MP-452 (NE)-PARLE BISCUITS PVT LTD, E-7 (A) & E-8. R AREA, NEEMRANA, ALWAR, RJ-301705 LIC. No.: 10012013000086 PARLE BISCUITS PVT LTD, 17, UDL-II APC 517432 RAM, CHITTOOR 13-508218 2084",428,12.8,6.6,75.3,53.8,0,2.9,0.6025,0.241,e,29,4 - Ultra processed food and drink products
8906010502201,Chana Jor Garam,Balaji,"Wafers, Namkeen","CHICKPEA (69%), EDIBLE VEGETABLE OIL (PALMOLEIN, RICE BRAN, CORN), SPICES & CONDIMENTS (CHILLI, DRY MANGO, TURMERIC, CLOVE, CAROM SEED, GINGER, CINNAMON, CARDAMOM, NUTMEG, MACE, BAY LEAVES), EDIBLE COMMON SALT, BLACK SALT",570,30.5,13.7,52.3,1.8,19.5,11.9,2.36,0.944,e,21,3 - Processed foods
8901058009439,munch,Nestlé,"Confectioneries, Chocolates","Sugar, Refined Wheat flour (Maida), Hydrogenated vegetable fats, Fractionated vegetable fat Milk solids, Cocoa solids (3.8%), Emulsifier (Soya lecithin and 476), Raising agent (500) Yeast, iodized salt, Flour treatment agent (516), Artificial (Vanilla) flavouring substances.",464.646465,23.232323,23.232323,59.59596,39.393939,0,5.050505,2.25,0.084848,e,37,4 - Ultra processed food and drink products
8908019319095,Yummy Tomato Potato Chips,Chakote,Potato crisps,"Potato, Edible Vegetable Oil(Palm), Sugar Powder, Iodized Salt, Dehydrated Vegetable Powders (Tomato Powder, Onion Powder, Garlic Powder), Maltodextrin, Milk Solids, Spices & Condiments (Chilli Powder, Black Pepper Powder, Clove Powder), Acidity Regulator (INS 330), Flavour Enhancers (INS 627, INS 631), Nature Identical Flavouring Substance(Tomato)& Anticaking Agent (INS 551).",534,32.46,11.87,54.21,3.53,0,6.89,2.625,1.05,e,30,4 - Ultra processed food and drink products
8906010500610,Chata Pataka Tomato,Balaji,"Crisps, Chatka patka","RICE MEAL (42%), EDIBLE VEGETABLE OIL (PALMOLEIN, RICE BRAN), CORN MEAL (13%), CHICKPEA FLOUR, SUGAR, EDIBLE COMMON SALT, DEHYDRATED VEGETABLE POWDER (TOMATO (0.8%), ONION, GARLIC), CHILLI POWDER, ANTICAKING AGENT (INS 551), EMULSIFIER (INS 414), FLAVOUR ENHANCER (INS 627, INS 631), NATURAL & NATURE IDENTICAL FLAVOURING SUBSTANCES (TOMATO) PROPRIETARY FOOD NAMKEEN INDIAN SNACKS & SAVOURIES",552,33.2,16,56.2,5,0,6.5,1.775,0.71,e,25,4 - Ultra processed food and drink products
8908010900209,Dark chocolate peanut butter creamy,Pintola,"Confectioneries, Peanut butters","Peanuts (68%), Dark Chocolate (30%) (Sugar Cocoa Solids, Cocoa butter, Emulsifier (INS 322)}, Stabilizer (INS471)",580,40,11,36.4,19,5.2,18.6,0,0,unknown,0,4 - Ultra processed food and drink products
8908024977020,Superyou Protein Wafer,Superyou,"Bars, Wafers, Bodybuilding supplements","PROTEIN BLEND (FERMENTED NUTRITIONAL YEAST PROTEIN (22%) + MILK SOLIDS), EDIBLE VEGETABLE FATS (HYDROGENATED COCONUT OILS, INS 322), SWEETENER (INS 965(i)), REFINED WHEAT FLOUR (MAIDA), PEANUT BUTTER (14%), COCOA SOLIDS, STARCH, EMULSIFIERS (INS 322, INS 476), EDIBLE COMMON SALT, IMPROVER ENZYME. CONTAINS ADDED FLAVORS-NATURAL FLAVORING SUBSTANCES (CHOCOLATE), NATURE IDENTICAL FLAVORING SUBSTANCES (CHOCOLATE, COCOA BUTTER, PEANUT), ARTIFICIAL FLAVOURING SUBSTANCES (ETHYL VANILLIN).",190,10.36,7,20,3.54,3.04,10,0.4425,0.177,not-applicable,0,4 - Ultra processed food and drink products
0846203004908,Bakarwadi Mini,Chitale,Snacks,,540,35,8,50,8,5,8,1.875,0.75,e,22,
7622202326110,Oreo Silk,Cadbury,Chocolates,,563,34.8,22.3,56.9,48.9,0,6,0.5175,0.207,e,33,
8901063093607,8901063093607(565),Britannia,Biscuits,,509,23.7,11.6,67.3,20.5,0,6.7,0.55,0.22,e,24,
7622202324604,Dairy Milk Family Pack,Cadbury,Milk chocolates,"Sugar, Milk Solids, Cocoa butter, cocoa solids, , fractionated fat, Emulsifier 442,476 Nature identical and artificial flavours",531,29,19.6,60.4,57,0,7.9,0.3225,0.129,e,32,4 - Ultra processed food and drink products
8901719135828,Hide$seek,Parle,Biscuits,"Refined wheat flour, sugar, palm oil, hydrogenated vegetable fat, cocoa solids, choco chips (12%), invert sugar syrup, dextrose, emulsifiers (soy lecithin, E472e), raising agents (E500, E503), salt, artificial flavours (vanilla, chocolate, strawberry, orange), colours (E150c, E150d, E110). Contains wheat, soy, milk.",500,20,6.1,70.4,39.9,0,4.5,0.36,0.144,e,24,4 - Ultra processed food and drink products
8901063142657,Digestvie nutri choice,Nitro Choice,Biscuits,,483,20.8,0,68,12.7,6.7,9.3,0,0,unknown,0,
7622202329494,Dairy Milk (Classic milk chocolate variant),Cadbury,Milk chocolates,"Sugar, Milk Solids (23%), Cocoa Butter, Cocoa Solids, Fractionated Fat, Emulsifiers (442,476), Flavours (Natural, Nature Identical and Artificial (Vanilla) Flavouring Substances).  CONTAINS COCOA BUTTER EQUIVALENT IN ADDITION TO COCOA BUTTER Alergen information: Contains Milk, Soy. May Contain Tree Nuts, Wheat, Barley",531,29,19.6,60.4,57,0,7.9,0.3225,0.129,e,32,4 - Ultra processed food and drink products
8906029790033,Snakker,Priyagold,Wafers,"SUGAR, HYDROGENATED VEGETABLE OIL (PALM), WHEAT FLOUR, COCOA SOLIDS (6%), MILK SOLIDS (5%), EMULSIFIERS (E322, E442, E476), IODISED SALT, LEAVING AGENT [E 500(ii)],  DOUGH CONDITIONER (E223), CONTAINS ADDED FLAVOUR [NATURAL AND NATURE IDENTICAL AND ARTIFICIAL (ETHYL VANILLIN) FLAVOURING SUBSTANCE. HYDROGENATED VEGETABLE FAT USED CONTAINS TRANSFAT",480,21.9,20,64.6,51,0,5.9,0.30988,0.123952,e,30,4 - Ultra processed food and drink products
8908001246873,Curls Crax,Crax,"Crackers (Appetizers), Puffed salty snacks","Corn Grits (66%), Edible Vegetable Oil (Refined Palmolein Oil), &quot;Seasoning (iodised Salt, Sugar, Onion Powder, Chilli Powder, Cumin Powder, Garlic Powder, Coriander) CONTAINS ADDED FLAVOUR(S) (NATURAL",450,24,10.8,62,2.3,0,6.3,3.45,1.38,e,32,4 - Ultra processed food and drink products
8901063154049,Britannia Nutrichoice Oatmeal Cookies,Britannia,Biscuits,,483,19,8.3,70,3,0,8,0,0,d,14,
6009510806151,classic salted chips,Lay's,Potato crisps,"Potatoes,Vegetable Oil,Salt,Maltodextrin,Spices,Sugar,Onion Powder,Mango Powder,Garlic Powder,Tomato Powder,Citric Acid,Paprika Extract,Yeast Extract,Natural Flavour",100,6.25,0.9375,9.375,0.625,0.625,1.25,0.265625,0.10625,b,2,4 - Ultra processed food and drink products
8901491502054,Lay's West Indies' Hot 'n' Sweet Chilli,Lay's,Potato crisps,"Potato, Edible Vegetable Oil (Palmolein, Sunflower Oil), *Seasoning (Sugar, Maltodextrin, lodised Salt, Flavour (Natural and Nature Identical Flavouring Substances), ^Spices & Condiments, Flavour Enhancers (E627 & E631), Edible Vegetable Oil (Palm, Sunflower, Peanut), Hydrolysed Vegetable Protein, Anticaking Agent (551), Cocoa Solids, Lactose). *As flavouring agent. ^Contains _Onion_ and _Garlic_ ALLERGEN ADVICE: Contains _Nut_, _Milk_, _Wheat_ May Contain _Sulphite_",534,32,14.3,55.1,6,0,6.4,1.6775,0.671,e,25,4 - Ultra processed food and drink products
8901063142305,Nutri Choice,Britannia,Biscuits,biscuit,485,21,10.2,68.4,14.4,6,8.6,1.1575,0.463,e,22,3 - Processed foods
8904004414509,gol kachauri,Haldiram's,"Snacks, Frozen snacks and starters","TRADITI Refined Wheat Flour (Maida), Refined Palmolein Oil, Bengal Gram Flour (Besan), Refined Sugar, Cashew Nuts, Hydrogenated Vegetable Oil (Vanaspati), Red Chilli Powder, Edible Common Salt, Acidity Regulator (INS 330), Dried Mango Powder, Cumin Powder, Dried Ginger Powder, Green Chilli, Coriander Powder, Black Pepper, Cinnamon, Clove, Fennel Seed, Cardamom, Bay Leaf, Turmeric & Black Salt. Allergen: Contains Wheat & Cashews May Contains Milk, Almond, Peanut, Sesame Seed, Soy & Mustard Seed",490,25.94,8.74,52.7,7.84,4.86,8.77,1.185,0.474,e,19,4 - Ultra processed food and drink products
8906005618351,Fruit cake sliced,,Cakes,,425.7,20.5,12.1,53.9,34.6,0,6.2,0.19,0.076,e,25,
8901063092686,Good Day Butter Cookies (25),Britannia,Biscuits,"REFINED WHEAT FLOUR (MAIDA), REFINED PALM OIL, SUGAR, INVERT SUGAR SYRUP, MILK PRODUCTS [MILK SOLIDS & BUTTER (0.5%)], RAISING AGENTS [503(ii) & 500(ii)], 1ODISED SALT, ARTIFICIAL (BUTTER, MILK & VANILLA) & NATURAL FLAVOURING SUBSTANCES AND EMULSIFIERS [472e & 322(i)]. (Numbers in brackets as per International Numbering System) CONTAINS WHEAT, MILK AND SOY. 15",500,21.7,11,69.5,20.8,0,6.8,0.615,0.246,e,25,4 - Ultra processed food and drink products
8904004407860,Chatpata matar,Haldiram's,"Snacks, Wheat groats","Green Peas (78%). Refined Palmolein Oil, Cumin Powder, Red Chilli Powder, Edible Common Salt, Coriander Powder, Dried Mango Powder, Dried Ginger Powder, Black Pepper, Acidity Regulator (INS 330), Black Salt, Clove Powder, Cardamom, Cinnamon, Nutmeg, Bay Leaf, Asafoetida & Colours INS 100, INS 133)",444.444444,13.222222,4.833333,57.833333,0,6.555556,19.888889,1.3,0.52,c,9,4 - Ultra processed food and drink products
8901491002486,8901491002486,Kurkure,"Crisps, Kurkure","Cereal Products (67%) (Corn Meal (53%), Rice Meal), Edible Vegetable Oil (Palmolein), **Seasoning (Sugar, lodised Salt, Maltodextrin, ~Spices and Condiments, Milk Solids, Cheese, Salt Substitute (Potassium Chloride), Flavour (Natural and Nature Identical Flavouring Substances), Flavour Enhancers (627, 631), Acidity Regulators (296, 330), Emulsifying & Stabilising Agent ((331 (iii), 471, 327)), Gram Meal, Firming Agent (170(i)), lodised Salt. As flavouring agent. Contains Onion and Garlic ALLERGEN ADVICE: Contains Soy, Milk, Wheat",536,27.1,22.2,66.5,4.5,0,6.4,0,0,d,12,4 - Ultra processed food and drink products
7622201756741,Sandwich Biscuit,Oreo,Biscuits,"Refined Wheat Flour (Maida), Sugar, Fractionated Fat, Palmolein, Cocoa Solids (3%*), Invert Sugar, Leavening Agents (500(ii),503 (ii)), Starch, lodised Salt, Emulsifier (322), Nature Identical Flavouring Substances",483,19.7,9.8,71.4,38,0,5.3,1.05,0.42,e,31,4 - Ultra processed food and drink products
8906090572149,Karare Noodle Masala,Too Yum,"Crisps, Noodles",,487,20.6,9.4,69,3.7,3.7,6.2,1.8,0.72,e,23,
8906010500207,Balaji Wafers Chana Dal,Balaji Wafers,Snacks,"CHICKPEA SPLITS (83%), EDIBLE VEGETABLE OIL (PALMOLEIN, RICE BRAN), SPICES & CONDIMENTS (CHILLI, CORIANDER, CUMIN, TURMERIC, DRY MANGO, CLOVE, CAROM SEED, GINGER, CINNAMON, CARDAMOM, NUTMEG, MACE, BAY LEAVES), EDIBLE COMMON SALT.",531,22.8,9,51.5,1,0,19.4,1.5475,0.619,e,21,3 - Processed foods
8901063142442,Nutri Choice Seeds,Britannia,Biscuits,,493,23.4,9.6,63,13.6,6.8,11,0.785,0.314,d,17,
8901719123429,Fab! Bourbon,Parle,Biscuits,"REFINED WHEAT FLOUR (MAIDA), SUGAR*, REFINED PALM OIL, COCOA SOLIDS (4.2%), INVERT SUGAR SYRUP, RAISING AGENTS (503(ii),500(i)), IODISED SALT AND EMULSIFIER OF VEGETABLE ORIGIN [SOY LECITHIN]. CONTAINS PERMITTED NATURAL COLOUR [150d] AND ADDED FLAVOURS (ARTIFICIAL FLAVOURING SUBSTANCES CHOCOLATE, VANILLA).  *INCLUDING 2% AS SPRINKLED SUGAR CONTAINS: WHEAT AND SOY",472,16.7,8.2,75.3,41.9,0,5.2,0.255,0.102,e,26,4 - Ultra processed food and drink products
8901063032453,Treat Croissant Vanilla Créme,Britannia,Croissant filled with cream,,455,25.5,13.7,49.7,19.3,0,6.8,0.445,0.178,e,22,
8906036302199,Karia's peanut chikki,Karia's,Peanut bars,"PEANUT, JAGGERY AND LIQUID GLUCOSE",540.67,22.29,0,48.11,35.26,0,15.92,0,0,unknown,0,4 - Ultra processed food and drink products
8886467124716,Pringles original,Pringles,"Crisps, Crackers (Appetizers), Puffed salty snacks made from potato",,523,27.9,14,62.8,0.4,0,5,1.1725,0.469,e,21,
8901725013738,Chips,Bingo,"Crisps, Bingo mad angles, Chips",,529,30.1,13.9,59.8,1.8,0,5.7,0,0,unknown,0,
8901058852165,KitKat,Nestlé,"Bars, Chocolates",,489,22.7,15.2,63.5,41.1,3.5,7.5,0.21125,0.0845,e,28,
8901042968940,MTR Veggie Upma,MTR,Snacks,"Wheat semolina (72%), Interesterified vegetable fat, lodised salt, Dehydrated carrot (2.9%), Green chilli (2.1%), Ginger, Sugar, Maltodextrin (Corn), Curry leaves, Mustard, Bengal gram splits, Dehydrated onion, Anticaking agent (INS 551), Acidity regulators (INS 330 & 334), Natural and nature identical flavouring substance.",420,11.333333,6.666667,69.5,4,3.333333,8,2.916667,1.166667,e,25,4 - Ultra processed food and drink products
8906120109918,Farmley Date Bites,Farmley,"Snacks, Dried fruits","Wet Dates, Cashews, Almonds, Pistachios, Honey, Desi Ghee",494.5,25.2,1.2,50.5,33.7,9.1,16.7,0,0,unknown,0,3 - Processed foods
7622202030840,Bournville 50% Dark,Cadbury,"Dark chocolates, Candy chocolate bars",,533,32.8,0,56.8,0,0,6.4,0,0,unknown,0,
8901063142367,Britannia NutriChoice oats chocolate & almond,Britannia,Biscuits,,491,22.2,11.3,67.6,0,0,8.2,0.8975,0.359,unknown,0,
8908019319804,Bhadang,Chakote,Snacks,,474,19.2,5.37,65.1,5.64,0,10.19,2.54,1.016,e,23,
7622202030758,Dark Chocolate,Cadbury,Chocolates,,543.5,34.3,23,56.9,45.1,0,5.6,0.0395,0.0158,e,29,
8906004563539,Pipes - Salted Crunch,Yellow Diamond,Crisps,,513.82,26.66,12.97,60.99,2.4,0,7.48,3.8946,1.55784,e,35,
8904063240187,Aloo Bhujia,Haldiram's,Snacks,"Potato (44%), Edible Vegetable Oil (Cotton Seed, Corn, Palmolein, Ground Nut and Rice Bran), Gram Pulse Flour, Rice Flour, Iodised Salt, Edible starch, Spices & Condiments (Coriander Powder, Cumin Powder, Mango Powder, Garlic Powder, Onion Powder, Lemon Powder, Ginger Powder, Red Chilli Powder, Mace Powder, Nutmeg Powder, Turmeric Powder, Mint Leaves Powder), Acidity Regulator (INS 330), Anticaking Agent (INS 551), Flavour Enhancers (INS 627 & INS 631) and Natural & Nature Identical Flavouring Substances.",577.3,40.1,6.5,44.1,3.7,4.5,9.7,2.2725,0.909,e,23,4 - Ultra processed food and drink products
8901063032675,B. waffy choco,Britannia,Wafers,"REFINED WHEAT FLOUR (MAIDA), SUGAR, INTERESTERIFIED VEGETABLE FAT, MILK PRODUCTS (WHEY POWDER, MILK PERMEATE POWDER), REFINED COCONUT OIL, COCOA SOLIDS (3.2%), EMULSIFIER [322(i)], WHEAT FIBRE, IODISED SALT, RAISING AGENT [500(ii)], NATURE IDENTICAL FLAVOURING SUBSTANCE, MALTODEXTRIN AND IMPROVER [1101(i)]",514,24.3,17,67.2,40.3,0,6.5,0.3675,0.155,e,28,4 - Ultra processed food and drink products
7622202236914,Original Oreo,Oreo,Biscuits,"Refined Wheat Flour (Maida), Sugar, Fractionated Fat, Palmolein, Invert Sugar, Cocoa Solids (2%), Leavening Agents (500(ii), 503(ii)), Starch, iodised Salt, Emulsifier (322), Nature Identical Flavouring Substances. Allergen Information: Contains Wheat, Sulphite, Soy.",483,19.6,9.7,71.9,38.9,0,5.2,1.05,0.42,e,31,4 - Ultra processed food and drink products
8906169990058,Peanut Chikki Bites,Sweet Kaaram Coffee,Candies,,530,29,11,46,35.6,4.8,21.3,0.395,0.158,e,25,
8901262070836,Amul Bitter Chocolate,Amul,Extra fine dark chocolates,"Cocoa solids, sugar, emulsibers (322, 476), artificial flavouring substances (cocoa, vanilla).",538,39.8,22.2,37.4,25.3,0,9.6,0,0,d,17,4 - Ultra processed food and drink products
8996001357194,Choki choki rollz,"Choki Choki, Mayora","Confectioneries, Caramel stuffed wafers","Sugar, Edible Vegetable Oil (Palm Olein), Refined Wheat Flour, Cocoa Powder, Cashew Nut (5%), Milk Powder, Whey Powder, Maltodextrin, Malt Extract, Tapioca Flour, Emulsifier (INS 322), Rice Flour, lodized Salt, Caramel Colour (INS 150d), Artificial Chocolate Flavour. Allergen Information: Contains Wheat, Milk, Nuts, Soy. Serving Size: 1 stick (10 g)",485,20.2,9.1,70.3,36,0,5.6,0.495,0.198,e,27,4 - Ultra processed food and drink products
8908006461004,Amba Bhadang,AB,Snacks,"Puffed Rice, Cotton Seed Oil, Peanuts, Sugar, Red Chilli Powder, Garlic, Salt, Turmeric Powder, Curry Leaves",553,33,7,56,6,0,8,0.95,0.38,d,17,3 - Processed foods
7622202230257,Perk Plus,Cadburys,"Chocolate candies, Chocolate stuffed wafers","Sugar, Refined Wheat Flour (Maida), Interesterified Vegetable Fat, Starch, Milk solids, Cocoa Solids (3%), Emulsifiers (442, 322, 476), Palmolein, Flavours (Natural, Natural Identical and Artificial (Milk and Vanilla) Flavouring Substances), lodised Salt, Yeast, Raising Agent (500(ii)), Improver (1101(1)). Allergen Information: Contains Milk, Wheat, Sulphites, Soy. Packaging Material Mfd. By: Uflex Ltd. Registration No.: PR-10-JAM-05-AAACF0109J-23 Super Chocolatey and Extra Crispy in comparison with Perk Rs. 5 Unit No. 2001, 20th Floor, Tower-3 Wing C One International Center, Parel Mkt. By: Mondelez India Foods P Mumbai - 400 013. Lic. No. 1074022002711 Mfd. By: Mondelez India Foods Private Limited Makson Pharmaceuticals (Private Limited 195, Rajkot Highway, Surendranagar-363 020 Lic. No. 1801312104",509,24.3,35,0.0683,42.2,0,4.9,0.2725,0.109,e,29,4 - Ultra processed food and drink products
8906051682207,Dark Chocolate Compound,Morde,"Confectioneries, Chocolates",,558,36,34,58,50,5.38,3.3,0.055,0.022,e,28,
7622202216749,Cadbury Gems,Cadbury is sold by Mondelez International,"Sugar coated chocolate confectioneries, specifically sugar-coated chocolate buttons","Sugar, Hydrogenated Oils, Milk Solids, Cocoa Solids (8%), Refined Wheat Flour (Maida), Emulsifiers (414, 442, 476), Colours (171, 102, 133, 124, 127, 122, 132, 110), Glazing Agent (903), Liquid Glucose, Cocoa Butter, Flavours (Natural, Nature Identical and Artificial (Caramel and Vanilla) Flavouring Substances). Allergen Information: Contains Milk, Wheat, Sulphites. May Contain Soy.",469,17.5,17.1,75.9,70.8,0,3.5,0.095,0.038,e,30,4 - Ultra processed food and drink products
8906080601262,chikki,paper boat,"Confectioneries, Peanut bars, Packed food",,497.6,24,5.41,56.5,45.3,0,13.9,0,0,d,18,
7622202325557,Biscoff,Lotus,"Biscuits, Caramel Cookie","REFINED WHEAT FLOUR (MAIDA), SUGAR, EDIBLE VEGETABLE OILS (PALM SUNFLOWER, PALM STEARIN), CANDY SUGAR SYRUP, RAISING AGENT (SODIUM BICARBONATE, SOY FLOUR, IODISED SALT, CINNAMON POWDER. ALLERGEN INFORMATION: CONTAINS WHEAT, SOY",476,18,8,73,37,0,6,0.9225,0.369,e,26,3 - Processed foods
8904063200136,Moong Dal,Haldiram's,"Snacks, Mung beans, Fried-mung-dal","Split Mung Bean (74%), Vegetable Oil (Peanut, Corn & Cotton Seed) And Salt.",160,7,1,18,0,2,7,0.525,0.21,b,-1,3 - Processed foods
8901063142022,Britannia Nutrichoice Digestive,britannnia,"Biscuits, Digestive biscuite","WHEAT FLOUR (ATTA) (63%), REFINED PALM OIL, SUGAR, WHEAT BRAN (4.7%), LIQUID GLUCOSE, MILK SOLIDS, MALTODEXTRIN, RAISING AGENTS [500(ii) & 503(ii)], IODISED SALT, EMULSIFIERS (322(i), 471 & 472e], NATURAL, NATURE IDENTICAL & ARTIFICIAL (VANILLA) FLAVOURING SUBSTANCES, MALT EXTRACT AND DOUGH CONDITIONER (223).",481,20.9,10.4,68,13.1,7.3,9.1,0.92,0.368,e,19,4 - Ultra processed food and drink products
8901063016613,Britannia 50 50 SWEET & SALTY,Britannia,Biscuits,72g Mono unsoturated tarty ads g 19.5g Carbahydrates Of which Sugars Protein Fat Saturated fatty acids Poly unsaturated fatty acids Irans fath dls Cholesteraf Eneryy Omg,487,19,9,72,19.5,0,7,1.115,0.446,e,24,
8904004401172,Khatta Meetha,Haldiram,Plain salty snacks,"Refined Palmolein Oil, Rice Flakes (22%) , Bengal Gram Flour (Besan) (21%), Refined Sugar, Split Pulse Bengal Gram (Chana Dal) (7%) Groundnuts (Peanuts) (5%), Sago (4%), Red Lentils (Masur Whole) (2.5%), Edible Common Salt, Black Salt, Turmeric Acidity Regulator (INS 330), Red Chilli, Ajwain, Raising Agent S500i) & Asafoetida tard Seed",530,29.25,12.48,57.38,4.26,4.01,9.26,0,0,d,16,3 - Processed foods
8904063240057,Aloo Bhujia,Haldiram's,"Crackers (Appetizers), Puffed salty snacks made from potato and soy","Potato (44%), Edible Vegetable Oil (Cotton Seed, Corn, Palmolein, Ground Nut and Rice Bran), Gram Pulse flour, Rice Flour, Edible Starch, lodised Salt, Spices & Condiments (Coriander Powder, Cumin Powder, Mango Powder, Garlic Powder, Onion Powder, Lemon Powder, Ginger Powder, Red Chilli Powder, Mace Powder, nutmeg Powder, Turmeric Powder, Mint Leaves powder), Acidity Regulator (INS 330), Anticaking agent (INS 551), Flavour Enhancers (INS 627& 631) and Natural & Nature Identical Substances.",577.3,40.1,6.5,44.4,3.7,0,9.7,2.2725,0.909,e,25,4 - Ultra processed food and drink products
8904063253842,Salted peanuts,Haldiram's,"Snacks, Roasted peanuts","Peanuts (89%), Edible Vegetable Oil Edil (Palmolein/ cotton Seed) and lodised Salt (1.6%) formation:",622.5,49.3,7.3,18,0.5,6.8,26.7,1.255,0.502,c,5,1 - Unprocessed or minimally processed foods
8901491000208,Sweet chilli Doritos,Doritos,"Corn chips, Nacho chips","Corn (79%), Edible Vegetable Oil (Palmolein), *Seasoning (Sugar, lodised Salt, ~Spices & Condiments, Acidity Regulators (296, 330, 260), Flavour (Natural and Nature Identical Flavouring Substances), Fructose, Flavour Enhancers (631, 627), Tomato Powder, Wheat Maltodextrin, Anticaking agent (551), Colour (160c), Antioxidant (300)) *As flavoring agent. &quot;Contains Onion and Garlic Allergen Advice: Contains Wheat",499,23.4,8.7,65.5,6.5,0,6.6,1.6025,0.641,e,23,4 - Ultra processed food and drink products
8908004010822,"Karachi'S Fruit Biscuits, Karachi'S Fruit",Karachi Bakery,"Biscuits, Fruit biscuits","Refined Wheat Flour (Maida), Interesterified Vegetable Fat (Refined Rice Bran Oil, Palmolein Oil, Sesame Oil/Til Oil), Sugar, Cashew Bites, Papaya Pieces (Acidity Regulators-Ins 330, Preservatives-Ins 211 And Contains Permitted Synthetic Food Color-Ins 129 (Fd& C Red No.40), Skimmed Milk Powder (Smp), Iodised Salt, & Custard Powder (Corn Flour, Edible Starch, & Contains Permitted Synthetic Food Color-Sunset Yellow Fcf (Fd&C Yellow No 06) & Tatrazine (Fd&C Yellow No .05))",537,30.2,15.9,61,11.7,1,5.4,0.12475,0.19,e,19,4 - Ultra processed food and drink products
8901719128462,Parle-G,"Britannia, Parle",Plain biscuit,"REFINED WHEAT FLOUR (MAIDA ) - 68%, SUGAR, REFINED PALM OIL, INVERT SUGAR SYRUP# [SUGAR, CITRIC ACID], IODISED SALT, RAISING AGENTS [503 (ii), 500 (ii)], MILK SOLIDS, FLOUR TREATMENT AGENT [1101 (i)] AND EMULSIFIER OF VEGETABLE ORIGIN [472e], CONTAINS ADDED FLAVOUR ( ARTIFICIAL FLAVOURING SUBSTANCES - VANILLA) (D-GLUCOSE, LEVULOSE)",454,13,6,77.3,25.5,0,6.9,0.74,0.296,e,20,4 - Ultra processed food and drink products
8901063012608,Milk Bikis,Britannia,Biscuits,"REFINED WHEAT FLOUR (MAIDA) (63%), SUGAR, REFINED PALM OIL, MILK PRODUCTS (4%) SWEETENED CONDENSED PARTLY SKIMMED MILK & MILK SOLIDS), INVERT SUGAR SYRUP, RAISING AGENTS [503(1) &500 IODISED SALT, EMULSIFIERS (322) & 471), NATURE IDENTICAL & ARTIFICIAL (MILK & VANILLA) FLAVOURING SUBSTANCES, CALCIUM SALT, VITAMINS AND POTASSIUM IODATE. (Numbers in brackets as per International Numbering System) CONTAINS WHEAT, MILK AND SOYA.",454,14,6,45,27,0,7,0.006,0.0024,d,17,4 - Ultra processed food and drink products
8901719116520,Parle Bode&seek 120g(26),Parle,Chocolate biscuits,"REFINED WHEAT FLOUR (MAIDA), CHOCOLATE (21%) I SUGAR, COCOA SOLIDS, COCOA BUTTER, DEXTROSE, EMULSIFIER OF VEGETABLE ORIGIN (SOY LECITHIN) AND ARTIFICIAL FLAVOURING SUBSTANCES-VANILLA J, SUGAR, REFINED PALM OIL, INVERT SUGAR SYRUP, INSTANT COFFEE-CHICORY MIXTURE (1%), RAISING AGENTS (503 (ii), 500 (ii) 1. 1ODISED SALT, EMULSIFIER OF VEGETABLE ORIGIN [472e]. CONTAINS PERMITTED NATURAL COLOUR [ 150d] AND ADDED FLAVOUR (ARTIFICIAL FLAVOURING SUBSTANCES COFFEE). CONTAINS: WHEAT, SOY FOR SALE IN INDIA ONLY NET WEIGHT MRP 30.00 (0.30A INCL. OF ALL TAXES CONSUMER CARE CELL PARLE PRODUCTS PVT. LTD. NORTH LEVEL CROSSING VILE PARLE EAST MUMBAI, MH-400057 PHONE NO.:022-6691 6929; En visit us at www.parleproducts.com MADE WITH",478,17.8,9.2,73.6,32,0,5.8,0,0,e,23,4 - Ultra processed food and drink products
8901512540409,chilli surprise,ACT II,Popcorn,"Popping Corn (66.7%), Refined Edible Palmolein Oil (TBHQ), lodized Salt, Spices & Condiments (Chilli Powder (0.1%), Pepper Black Powder, Cumin Powder, Fennel Powder, Ginger Powder), Sugar, Dehydrated Vegetables (Onion Powder Garlic Powder), Stabilizer (Hydrolyzed Vegetable Protein), Maltodextrin, Soya Sauce Powder, Acidity Regulator (Cric Acid), Anticaking Agent (Silicon Dioxide), Flavour Enhancers (Disodium Guanylate, Disodium Inosinate), Refined Edible Sunflower Oil, Natural Flavour (Pepper) & Nature Identical Ravour (Onion). Contains Soy and its products.",506,30,16,59,0,12,6,1.5,0.6,d,18,4 - Ultra processed food and drink products
8901719119385,"parle 20,20 Nice sugar",Parle,Biscuits,"REFINED WHEAT FLOUR (MAIDA), SUGAR, REFINED PALM OIL, DESICCATED COCONUT POWDER (5%), INVERT SUGAR SYRUP, RAISING AGENTS (503 (i), 500 (i) 1, IODISED SALT AND EMULSIFIER OF VEGETABLE ORIGIN (472e). CONTAINS ADDED FLAVOUR (ARTIFICIAL FLAVOURING SUBSTANCES-COCONUT). INCLUDING 2% AS SPRINKLED SUGAR",478,17.9,9.6,72.8,25.2,0,6.5,0.6075,0.243,e,24,4 - Ultra processed food and drink products
8901725000295,Sunfast glucose 1 kg,Sunfeast,Biscuits,"Refined Wheat Flour (Maida) (62.5%), Sugar, Refined Palm Oil, Invert Syrup, Raising Agents [ins 503(ii), Ins 500(ii)], Iodized Salt, Liquid Glucose (0.2%), Milk Solids (0.2%), Emulsifiers [lecithin (From Soyabean), Diacetyl Tartaric Acid Ester Of Mono-diglycerides (from Sunflower & Palm Oil)], Artificial Flavouring Substances (Vanilla, Cream, Milk, Sweet), Vitamin & Mineral (0.02%) And Flour Treatment Agent (Ins 223) And Colours (Ins 102, Ins 124). Contains Wheat, Milk, Soy, Sulphites, May Contains Nuts.",440,10.6,5.3,79,27.7,0,7.1,1.053,0.4212,e,23,4 - Ultra processed food and drink products
8000500418512,Schokobons crispy,"Ferrero, Kinder","Chocolate candies, Milk chocolate biscuits","Zucker, pflanzliches Fett (Palme), _Milchschokolade_ (18%), (Zucker, _Kakaobutter_, _Milchpulver_, Kakaomasse, Emulgatoren: Lecithine [_Soja_ / Sonnenblume], Aroma: natürliches identisches Vanillin), _Magermilchpulver_, _Weizenmehl_, fettreduziertes Kakaopulver, _Weizenstärke_, _Molkenproteine_, Pflanzenöl (Sonnenblume), Triebmittel (Ammoniumbicarbonat, Natriumbicarbonat), Emulgatoren (Lecithine [_Soja_/Sonnenblume]), _Gerstenmalzextrakt_, Aroma (natürliches identisches Vanillin, natürliche identische Haselnuss)), Salz.  Gesamtmilchbestandteile: 16,5% Gesamtkakao: 10%. Feststoffe in Milchschokolade: Kakao 34,9%, Kakaobutter 30,3%, Milchfettfrei 15,9%, Milchfett 5,8%",528,28.5,14,59.5,50.7,0,7.5,0.12,0.048,e,30,4 - Ultra processed food and drink products
8904063220431,Taka tak,Haldiram's,"Crisps, Crackers (Appetizers), Puffed salty snacks","Rice Meal, Edible Vegetable Oil (Palmol Cotton Seed, Rice Bran), Corn Meal (23%), Gram Meal, and Condiments (Red Chilli Powder (0.8%), Raw Powder, Coriander Powder (0.25%), Cumin Powder, Powder, Anise Powder (0.1%) Black Pepper Powder, (L Nutmeg Powder, Cinnamon Powder, Onion Powder, S Extract), lodised Salt, Whey Powder, Maltodextrin, De Sugar Powder, Acidity Regulators (INS 296 & INS 330), N and Nature Identical Flavouring Substances *Used as natural flavouring agent",543,35,17,50,0.5,6.04,7,2.0675,0.827,e,23,4 - Ultra processed food and drink products
8906009070926,Unibic choco rs 5,,Biscuits,,474,20,9.6,0,0,0,5.5,0,0,unknown,0,
8901725015435,Sunfeast Marie Light Vita Orange,"ITC, Sunfeast",Biscuits,"ng.erients med Wheat Flour (Maida) (67%), Sugar, Refined Paim o, Raising Agents [INS 503(ii), INS 500(ii), INS 450(i)], Milk Solids, evert Syrup, lodized Salt, Nature Identical Flavouring Substances, Wheat Fibre (0.12%), Artificial Flavouring Substances (Butter, Vanilla, Butterscotch, Milk), Emulsifier [Mono - and di-glycerides of fatty acids (from Palm Oil)], Flour Treatment Agent (INS 223), Vitamins, Colours INS 150d, INS 110, INS 127) and Dehydrated Orange Powder (0.01%).",449,13.4,7.1,73.5,20.8,0,9.3,0.83325,0.3333,e,22,4 - Ultra processed food and drink products
8906090574396,Bhoot Chips,Spencer,Crisps,,533.333333,32.5,8.333333,58.333333,2.5,0,6.666667,2.5,1,e,26,
8901262071130,Amul 90% Bitter Intense Dark Chocolate,Amul,Dark chocolates,"Cocoa solids, sugar, emulsifiers (322, 476), artificial flavouring substances (vanilla, cocoa).",523,39.5,22.2,32.8,10.8,0,12.8,0.145,0.058,e,19,4 - Ultra processed food and drink products
8908008674846,nabati wafer,nabati,"Wafers, cream wafer biscuits","cream(60%) (sugar, edible vegetable oil(palm olien),maltodextin,whey powder,non dairy creamer (glucose syrup, hydrogenated coconut oil, sodium caseinate and milk powder,modified starch (INS 1440), stabilizers (INS 340(¡¡),INS 331(¡¡¡), emulsifier (INS 471,INS 481(¡)),anticaking agent",484,20,10,71,32,0,5,0.87,0.348,e,28,4 - Ultra processed food and drink products
8906010503611,CHRUNCHEX,Balaji,Potato crisps,"POTATO (88%), EDIBLE VEGETABLE OIL (PALMOLEIN), SUGAR, EDIBLE - COMMON SALT, MALTODEXTRIN, SPICES & CONDIMENTS (CHILLI (0.5%), PEPPER), DEHYDRATED VEGETABLE POWDER (ONION, GARLIC (0.1%), TOMATO), MILK SOLIDS (WHEY) (0.1%), HYDROLYZED VEGETABLE PROTÉIN (SOYA), ACIDITY REGULATOR (INS 296, INS 334), ANTICAKING AGENT (INS 551), MINERAL SALT (INS 340), PAPRIKA EXTRACT (INS 160C), FLAVOUR ENHANCER (INS 627, INS 631), NATURAL & NATURE IDENTICAL FLAVOURING SUBSTANCES (CHILLI).",545,30.7,11.4,55,3.8,0,7.5,2.4175,0.967,e,29,4 - Ultra processed food and drink products
8906033741465,mcvitites 959 g,McVitie's,Biscuits,"Refined Wheat Flour (Maida) (50.5%), Wheat Flour (Atta) (18.3%), Edible Vegetable Oil(Palm Sugar, Wheat Bran(3.1%)), Invert Sugar Syrup. Raising Agents [INS 500 (ii), INS 503 (ii), INS 450(i)], lodised Salt, Malt Extract, Emulsifiers (INS 322, INS 472e). Acidity Regulator (INS 296), Dough Conditioner. (INS 223)",475,18.2,8.8,69.8,17.6,6.4,7.8,1.3075,0.523,e,20,4 - Ultra processed food and drink products
5000159567435,Bounty Coconut Bar,Bounty M,"Chocolate candies, Bars",,487,25.7,0,61,48,0,3.8,0.2575,0.103,unknown,0,
8909081000249,Dark Fantasy,Sunfeast,"Chocolates, Biscuit (cookie) snack w chocolate filling","Maida,sugar,refined palm oil,hrdrogenated vegetable oil,cocoa solids (2.4%),",474,18.2,46.5,73.7,192,0,4.9,4.4125,1.765,e,50,3 - Processed foods
7622202292927,Silk Hearts And Roses Tiny Treats,Cadbury Dairy Milk,Chocolates,,543,31.2,21.5,58.5,55.3,0,7.6,0.3125,0.125,e,32,
8901262070324,Sugar free dark chocolate,Amul,Dark chocolate bar without sugar and with artificial sweeteners,"Cocoa solids, maltitol, cocoa butter, emulsifiers (322,476), artificial flavouring substances (cocoa, vanilla)",558,33.8,20.7,56.7,0.5,0,6,0.095,0.038,d,16,4 - Ultra processed food and drink products
7622202329555,Fruit And Nut,Dairy Milk,"Chocolate candies, Chocolates",,520,28.5,16.4,58.8,0,0,8.5,0.265,0.106,unknown,0,
7622202290756,Silk Ganache,Cadbury Dairy Milk,Milk chocolates,,566,36.8,19.2,51.4,46.6,0,8.7,0.26,0.104,e,31,
8901719128202,Poppins,Parle,Candies,"INGREDIENTS SUGAR, LIQUID GLUCOSE AND ACIDITY REGULATOR (296) CONTAINS PERMITTED SYNTHETIC FOOD COLOURS (133 122 129.102.110) AND ADDED FLAVOURS (ARTIFICIAL FLAVOURING SUBSTANCES BLACK CURRANT, RASPBERRY PINEAPPLE. ORANGE, MANGO)",385,0,0,96.3,80.2,0,0,12.5,5,e,39,4 - Ultra processed food and drink products
8901719124419,Parle magix,Parle,Biscuits,"WHEAT FLOUR (MAIDA), SUGAR, INVERT SUGAR SYRUP, IODISED SALT, 53), 500], STARCH AND EMULSIFIER SOY THIN). YTHETIC FOOD COLOURS 29, 110] ARTIFICIAL FLAVOURING",462,14.3,6.7,77.3,35.1,0,5.6,0.55,0.22,e,23,4 - Ultra processed food and drink products
8908024977013,Superyou Protein Wafer,Superyou,"Confectioneries, Bars","PROTEIN BLEND (FERMENTED NUTRITIONAL YEAST PROTEIN (22%) + MILK SOLIDS), SWEETENER (INS 965(i)), EDIBLE VEGETABLE FATS (HYDROGENATED COCONUT OILS, INS 322), CHEESE, REFINED WHEAT FLOUR (MAIDA) STARCH, EMULSIFIER (INS 322), EDIBLE COMMON SALT, IMPROVER ENZYME. CONTAINS ADDED FLAVOURS - ARTIFICIAL FLAVOURING SUBSTANCES (ETHYL VANILLIN, CHEESE).",466,25.9,21.25,50,8.85,7.6,25,1.10625,0.4425,d,17,4 - Ultra processed food and drink products
8000500410974,Tic tac strawberry,Tic Tac,"Candies, Fo","SUGAR, MALTODEXTRIN, ACIDITY REGULATORS (INS 330, INS 296, INS 334), THICKENER (INS 414), RICE STARCH, FLAVOURS (NATURAL FLAVOURS AND FLAVOURING SUBSTANCES, NATURE-IDENTICAL FLAVOURING SUBSTANCES), ANTICAKING AGENT (INS 4700), POWDERED STRAWBERRY, POWDERED LEMON JUICE, GLAZING AGENT (INS 903), SYNTHETIC FOOD COLOUR (INS 122).",397,0.4,0,0,90.8,0,0,0,0,d,15,4 - Ultra processed food and drink products
7622202324758,Crispello,Cadbury,"Chocolate candies, Chocolates","Filled chocolate ingredients: Milk Chocolate 50%*-Sugar, Milk Solids (11%) Cocoa Butter, Cocoa Solids, Fractionated Fat, Emulsifiers (442, 476), Flavours (Natural, Nature Identical and Artificial (Vanilla) Flavouring Substances)  Centre 50%:Sugar, Fractionated Fat, Wheat Crispies 11%* Refined Wheat Flour (Maida), Sugar, Com Starch, Cocoa Solids, lodised Palm Kernel Oil, Leavening Agents (450(i)). 500(ii)), 34(i))), Com Starch, Conga Solids, Emulsifiers (442,476), lodised Salt, Artificial (Manila) Flavouring Substances. CONTAINS COCOA BUTTER EQUIVALENT IN ADDITION TO COCOA BUTTER. Allergen Information: Contains Milk, Wheat, Sulphites, Soy. May Contain Tree Nuts, Barley.",523,27.6,17.7,64.5,50.2,0,5.2,0.48,0.192,e,32,4 - Ultra processed food and drink products
8901030677601,Choco Bar Mini,,"Chocolate candies, Ice cream bars",,291.666667,20.833333,14.583333,27.083333,22.5,0,3.333333,0.125,0.05,e,19,
7622202325847,Rum and Raising,,Dark chocolate bar,,520.3,28.7,19.2,60.3,24,0,5.2,42.5,17,e,37,
8906188960018,Choco Nut Cookies,UNIBIC,Chocolate biscuits,"Refined Wheat Flour(Maida), Sugar, Edible Vegetable Oil(Palm), Choco Chips(5%) [Sugar, Edible Vegetable Fat, Cocoa Solids, Dextrose, Emulsifiers (INS 322 from Soy, INS 476), Nature Identical & Artificial Flavouring Substances (Vanilla, Chocolate)], Cashew Bits (4%), Cocoa Powder, Milk Solids, Leavening Agents (INS 503 ii, INS 500 i), Emulsifier INS 322 from Soy), lodised Salt, Artificial Flavouring Substance (Vanillin).  Allergen Advice: Contains Wheat, Milk, Soy & Nut.",464,18.9,11.9,67,25.6,0,6.5,0.5225,0.209,e,24,4 - Ultra processed food and drink products
8901725013851,Mad Angles Pizza...aaaah,Bingo!,Crisps,,531,31.1,14.5,57.3,3.7,0,7.4,1.8775,0.751,e,26,
8906152260885,Marie go round,Sunder,"Biscuits, Biscuit mixes","Refined Wheat Flour (Maida), Refined Palm Oil, Sugar, Invert Syrup, Raising Agents [INS 500(ii), INS 503(ii)], Todised Salt, Milk Solids, Emulsifiers [INS 322, INS 472e (Plant Origin)], Flour Treatment Agent [INS 223, INS 1100(i)] 20 15.60% & Colours (INS 150d, INS e102). Contains Added Flavour [Nature Identical and Artificial Flavouring Substances - Vanilla & Milk]. 7702420 7220 10.9 6% 5.2 9% ed Fat (g) 4.4 d Fat (g) 1.2 Contains Wheat, Milk Solids 0% and Soy. 9) 365 7%",440,10.9,5.2,77,27,2.2,8.5,0.9125,0.365,unknown,0,4 - Ultra processed food and drink products
8906188960025,Choco Chip Cookies,UNIBIC,Chocolate biscuits,"Refined Wheat Flour (Maida), Sugar, Choco Chips (22%) [Sugar, Edible Vegetable Fat, Cocoa Solids, Dextrose, Emulsifiers (INS 322 from Soy, INS 476), Nature Identical & Artificial Flavouring Substances (Vanilla, Chocolate)], Edible Vegetable Oil (Palm), Desiccated Coconut Powder, Milk Solids, Butter, Leavening Agents (INS 500 ii, INS 503 ii), lodised Salt, Emulsifier (INS 322 from Soy), Natural, Nature Identical & Artificial Flavouring Substances (Butter, Vanillin, Chocolate). Allergen Advice: Contains Wheat, Milk and Soy. May contain traces of Nut",471,19.5,12.2,68,28,0,5.8,0.5325,0.213,e,25,4 - Ultra processed food and drink products
8906004560514,Chulbule Chatpata Masala,Chulbule,Snacks,,545.5,32,13.6,57.1,2.58,0,7.2,0,0,d,16,
8904335604327,Daily Energy Bar Mixed Fruit Flavour,Yoga Bar,Bars,,337.5,2.75,0.5,75,34.25,11.25,8.75,0.17375,0.0695,c,9,
8906161390580,Potato waffers,let's try,"Potato crisps, Potato wafers, Potato-waferrs","Potato, Edible Vegetable oil, groundnut oil, rock salt",583,35,7.5,60,4.5,3,7,1.75,0.7,e,23,3 - Processed foods
8906004565342,Spicy Korean Chips,Diamond,Crisps,,533.43,31.35,12.36,55.44,3.8,0,7.38,2.259275,0.90371,e,28,
8908000861244,gopal chowkdi,namkeen,"Appetizers, Gopal namkeen from maida, Namkeen","REFINED WHEAT FLOUR (MAIDA) (57%), EDIBLE VEGETABLE OIL (REFINED PALMOLEIN OIL), CORN STARCH (7.5%), SUGAR, SPICES & CONDIMENTS (DRY MANGO POWDER, CHILLI POWDER), ACIDITY REGULATOR (INS 330), EDIBLE COMMON SALT (BLACK SALT), RAISING AGENT (INS 500(II), INS 500(I)) AND FLOUR TREATMENT AGENT (INS 170(1)).  ALLERGEN ADVICE:  CONTAINS WHEAT  MAY CONTAINS CEREALS CONTAINING GLUTEN, MILK, TREE NUTS, PEANUTS, SESAME SEEDS, MUSTARD SEEDS AND SOYA.",489,23,10.9,62.3,9.72,2.15,8.2,2.56675,1.0267,e,30,4 - Ultra processed food and drink products
8906090571258,Multigrain Chips,Too Yumm,"Crisps, Multigrain chips",,466.666667,18.333333,4.166667,66.666667,8.333333,0,7.5,2.291667,0.916667,e,22,
8901063370050,Good day,Brityana,"Biscuits, B","NUTRITION INFORMATION  Serving Size: Approx. 13g (Approx. 3 Biscuits)  No. of Servings per pack-About 2 Per 100g Product (Approx.)/ Per Serve (%) RDA  Energy-500kcal/(3) Protein-6.8g, Carbohydrate-69.1g, of which Total Sugars 20.40 Total Fat-21.8g/14) Saturated fatty acids-10.99/61 Mono unsaturated fatty acids  Translatty acids-0g/10) Cholesterol-2.7mg, Sodium-223mg/(1) Basis average adult's Recommended Dietary Allowance of 2000 kcal diet  INGREDIENTS: REFINED WHEAT FLOUR (MAIDA), REFINED PALM OIL, SUGAR, INVERT SUGAR SYRUP, MI MY SOLS & BUTTER (0.5%)], RAISING AGENTS (503(ii) & 500(i)), 1001SED SALT, ARTIFICIAL (BUTTE NATURAL FLAVOURING SUBSTANCES AND EMULSIFIERS [4729 & 322(i)]",500,21.8,20.4,69.1,20.4,0,6.8,0,0,unknown,0,4 - Ultra processed food and drink products
8901491990080,Doritos Nacho Cheese Flavours,"Doritos, PepsiCo","Corn chips, Namkeen","Corn (77%),Edible Vegetable Oil (Palmolein Oil), Milk Solids (3.1%) (Whey Powder, Cheese Powder, Skimmed Milk Powder), Wheat Flour, Salt, *Spices & Condiments (Onion Powder, Spice Extract, Pepper Powder, Chilli Powder, Garlic Powder), Tomato Powder, Sugar, Citric Acid (INS 330) CONTAINS ADDED FLAVOURS (NATURAL AND ARTIFICIAL (BUTTER) FLAVOURING SUBSTANCES)",505,24.9,11.6,63.8,4.3,0,6.4,1.89992,0.759968,e,26,4 - Ultra processed food and drink products
8904004400069,Halirams Bhujiya sev 1kg,"Haldiram's, haldirams","Snacks, Spices","Tapary Beans Flour (43%), Edible Vegetable Oil, Gram Pulse Flour (12%), Edible Common Salt Powder, Black Pepper Powder, Ginger Powder, Clove Powder, Mace Powder, Nutmeg Powder & Cardamom Powder",592,43.5,11.5,37.14,0,0,12.93,0.771,0.3084,not-applicable,0,3 - Processed foods
8904063257581,Lite Mixture,Haldiram's,Snacks,"Flaked Rice(46%),Edible Vegetable Oil(Palmolein/Cotton Seed),Black chickpea(14%),Edible Common Salt,Corn Flakes(6.5%),Black Salt Powder,Cumin Seed Powder, Turmeric Powder,Pomegranate Seed Powder,Dry Mango Powder,Ginger Powder,Cinnamon Powder,Celery,Mint Leaves Powder,Cardamom Powder,Black Cumin,Red Chilli Powder,Clove Powder,Acidity Regulator",504,28,15,50,2,0,13,0,0,unknown,0,3 - Processed foods
8906004560682,Plain salted potato chips,Yellow diamond,Potato crisps,"Handpicked Potatoes, Edible Vegetable (Palmolein) & Salt (1.2%) Oil",548.9,33.94,15.56,52.4,1,0,8.46,0.518643,0.207457,d,18,3 - Processed foods
6009510804782,Potato Chips Salted,Lay's,Potato crisps in sunflower oil,"Pommes de terre, huile végétale (huile de fruit de palmier et/ou de maïs ou de tournesol) avec antioxydant (TBHQ), sel, maltodextrine, agent anti-agglomérant (E551),",527.777778,35,13.611111,47.222222,0.833333,4.722222,7.5,1.319444,0.527778,e,20,4 - Ultra processed food and drink products
0028400034227,Cashews,Frito Lay,"Snacks, Cashew nuts","Cashews, vegetable oil (sunflower, cottonseed, soybean, and/or peanut oil) and sea salt.",571.428571,42.857143,7.142857,27.142857,4.285714,2.857143,14.285714,1.25,0.5,d,11,3 - Processed foods
8906033740758,McVitie's Digestive,McVitie's,Biscuits,,470,17.3,8.3,70.6,18.1,6.5,7.9,0,0.527,d,15,
8906009532998,Nutrition Bar,RiteBite,"Cereal bars, Nutrition bar","Peanuts (18%), Dark Compound No Added Sugar (16%) (Maltítol, Edible Vegetable Oil (Hydrogenated) Cocoa Solids, Emulsifier (Soy Lecithin), Cereals (Whole Grain Rolled Oats (8%) Brown Rice Crispy, Quinoa Crispy Maltitol, Peanut Butter (7%), Black Currants, Edible Vegetable Oil (High Oleic Sunflower Oil), Dietary Fiber (Fructooligosacharide, Chicory Fiber) Humectant (Glycerine),Oats Bran, Cranberries, Pumpkin Seeds Flaxseeds (Guar Gum), Tribasic Calcium Phosphate, Emulsifier (Soy Lecithin), Binding Agent Salt and Citric Acid, Antioxidant (Vitamin C), Vitamin A, C, E. Contains Oligofructose (dietary fiber) 5.75 gm/100 gm. ALLERGEN DECLARATION: CONTAINS NUTS & CEREALS CONTAINS ADDED FLAVOURS",204,10.2,1.8,23,1.3,2.3,4.1,0.11875,0.0475,b,2,4 - Ultra processed food and drink products
8901063136434,Milk Bikis,Britannia,Biscuits,"LIC.NOR10013022002245 NUFACTURED FOR end ICH NOS0013022002253 10:4047000,34",428.571429,14.285714,7.142857,67.857143,25,0,7.142857,0.758929,0.303571,e,22,
8901262220552,Chocolate Cookies,Amul,Chocolate biscuits,"Refined wheat flour (maida), butter (23%), sugar, plain chocolate chips (3%), cocoa solids (2%), milk solids, liquid glucose, raising agents [500(i), 503(ii)), emulsifier [481 (i)), artificial flavouring substances (vanilla, cocoa chocolate). Allergen Information: Contains wheat, milk.",479,24.8,15.9,59.3,29.1,0,5.4,0.625,0.25,e,26,4 - Ultra processed food and drink products
8901063136441,The Original Bourbon Creme Biscuit with Chocolate,Britannia,"Chocolate biscuits, Biscuit (cookie) snack w chocolate filling","Wheat flour, Sugar (34%), Bakery shortening [Palm oil, Interesterified fat (Palm), sesame oil], Corn starch, Colour (Caramel I & IV), Cocoa powder (2.8%), Whey powder, Raising agents (Sodium bicarbonate, Ammonium bicarbonate), Artificial flavouring substances (Vanillin, milky cocoa & chocolate), Emulsifiers (Mono - and di-glycerides of fatty acids, Soya lecithin), Milk chocolate (0.1%) (Contains milk) and lodized salt  Contains: Wheat (gluten), Sesame, Milk products and Soy",493.939394,21.212121,9.090909,72.727273,39.393939,1.818182,6.060606,0.295455,0.118182,e,27,4 - Ultra processed food and drink products
8906009077277,Butter cookies,Unibic,Biscuits,"Refined Wheat Flour (Maida), Butter (20%), With Maltitol, Leavening Agents, Sweetener, Emulsifier, Salt.",490,22.8,14.6,65,0.5,0,6.3,0.2125,0.085,d,17,4 - Ultra processed food and drink products
8901491001045,Spanish Tomato Tango Flavour,Lay's,Potato crisps,"Potato, Edible Vegetable Oil (Palmolein, Rice Bran Oil), *Seasoning (Sugar, lodised Salt, Maltodextrin, Flavour (Natural & Nature Identical Flavouring Substances), Spices & Condiments, Tomato Powder (0.6%), Hydrolysed Vegetable Protein, Wheat Fibre, Dextrose, Edible Vegetable Oil (Coconut Oil), Flavour Enhancers (627, 631)).",525,31.9,12,53.1,5.6,0,6.4,1.6475,0.659,e,25,4 - Ultra processed food and drink products
8901491502023,Lay's - India's Magic Masala,"Inc., PepsiCo",Flavoured potato crisps,"Potato, Edible Vegetable Oil (Palmolein Oil), *Seasoning (&quot;Spices & Condiments, Iodised Salt, Maltodextrin, Black Salt, Sugar, Tomato Powder, Acidity Regulators (330, 296, 334), Flavour (Natural and Nature Identical Flavouring Substances), Anticaking Agent (551), Colour (160c)). *As flavouring agent. ~Contains Onion and Garlic",539,33.1,14.9,53.4,2.5,0,6.9,2.065,0.826,e,26,4 - Ultra processed food and drink products
8908006666034,Pistachios,Vinod,Salted pistachios,PISTA & EDIBLE COMMON SALT,0,46.341463,5.691057,26.829268,8.130081,10.569106,16.260163,1.012195,0.404878,unknown,0,3 - Processed foods
8906009531335,Max protein active choco fudge bar,MAX PROTEIN ACTIVE,Energy bars,"Protein Blend (31%) (Soy Nuggets, Whey Protein Concentrate, Calcium Caseinate, Soy Concentrate), Brown Rice Syrup (Liquid Glucose), Milk Compound (15%) (Sugar, Edible Vegetable Oil (Hydrogenated Fat), Milk Solids, Cocoa Solids, Emulisifier (Soy Lecithin), Vanilla Flavours), Edible Vegetable Oil (Hydrogenated Vegetable Oil), Dietary Fiber (7%) (Fructooligosacharide, Wheat Fiber), Almonds (5%), Whole Grain Rolled Oats (4.4%), Raisins (2.5%), Cashew Nuts (2%), Humectant (Glycerine), Fructose, Cocoa Powder, Milk Solids, Flaxseeds, Emulsifier (Soy Lecithin), Binding Agent (Guar Gum), Soy Protein Isolate, Tribasic Calcium Phosphate, Salt and Citric Acid, Antioxidants (Vitamin C), Vitamins, Minerals, Glutamine and Amino Acids Allergen Declaration: Contains Soy Milk & Nut",313,12.5,4.6,33.9,10.7,5,20,0.465,0.186,not-applicable,0,4 - Ultra processed food and drink products
8901262071086,Dark Passion Coated Wafer Layers,Amul,Chocolates,"Chocolayer (55%): Sugar, cocoa butter, cocoa solids, emulsifiers (322, 476), artificial flavouring substances (vanilla, cocoa); Wafer (45%): Wheat flour, sugar, partially hydrogenated refined vegetable oil (palm kernel oil), cocoa solids, emulsifier (322), raising agent [500(i)], flour treatment agent [1101(i)].",520,28.7,16.7,61.3,32,0,5.3,0.05,0.02,e,25,4 - Ultra processed food and drink products
0840205718573,Potato spicy biscuit,Pran,Biscuits,,456,14.8,5.6,72.8,22,0,8,2.45,0.98,e,28,
8908001017046,Cornitos nacho crips,,Corn chips,,0,100,1000,0,0,0,0,15,6,e,30,
7622201757212,Original Oreo,"Oreo, Cadbury",Chocolate sandwich cookies,"Refined Wheat Flour (Maida), Sugar, Fractionated Fat, Palmolein, Invert Sugar, Cocoa Solids (2%), Leavening Agents (500(ii), 503(ii)), Starch, lodised Salt, Emulsifier (322), Nature Identical Flavouring Substances. Allergen Information: Contains Wheat, Sulphites, Soy. May Contain Milk and Barley.",438,19.6,9.7,71.9,38.8,0,5.2,1.05,0.42,e,30,4 - Ultra processed food and drink products
8901063017719,50 50 Golmaal,Britannia,Biscuits,"REFINED WHEAT FLOUR (MAIDA), REFINED PALM & PALMOLEIN OIL, SUGAR (20.5%), RAISING AGENTS [503(ii), 500(ii) & 341(1)], CUMIN BLACK (KALONJI) (0.9%), IODISED SALT, INVERT SUGAR SYRUP, MILK SOLIDS, EMULSIFIERS [322(i) & 4711, NATURE IDENTICAL FLAVOURING SUBSTANCES, DOUGH CONDITIONER (223), IMPROVER [1101(i)] AND COLOUR (102). (Numbers in brackets as per International Numbering System) CONTAINS WHEAT, MILK, SOYA AND SULPHITE.",508,23.2,11.2,68.4,21.8,0,6.4,1.145,0.458,e,27,4 - Ultra processed food and drink products
8902979010559,Belgian Chocolate Milkshake,Cavin's,"Bars, Flavoured milks","Double toned milk, Sugar, Cocoa solids (1.5%), Flavour (Artificial (Belgian chocolate) Flavouring substances), Stabilizer (INS 412, INS 415, INS 407), Sequestrants (INS 451(i)), Belgian chocolate (0.1%) (Emulsifier (INS 322(i)), Flavour (Natural flavouring substance)), Emulsifier (INS 471). ALLERGEN ADVICE: Contains Milk",172.6,4.6,2.9,27,25.1,0,5.8,0.4025,0.161,e,17,4 - Ultra processed food and drink products
8902433005688,Galaxy Fusions Dark Chocolate,Galaxy,Dark chocolates,,568,43.1,25.8,30.8,27,0,7.5,0.016,0.0064,e,23,
7622201756697,Oreo,Cadbury,"Filled biscuits, Biscuit (cookie) snack w chocolate filling","Refined Wheat Flour (Maida), Sugar, Fractionated Fat, Palmolein, Invert Sugar, Cocoa Solids (2%), Leavening Agents (500(i), 503(ii)), Starch, lodised Salt, Emulsifier (322), Nature Identical Flavouring Substances. Allergen Information: Contains Wheat, Sulphite, Soy. May Contain Milk and Barley.",483,19.6,9.7,71.9,38.8,3,5.2,0.42,0.168,e,28,4 - Ultra processed food and drink products
8906001385295,Kaju Khajoor Cookies,Cremica,Biscuits,"WHEAT FLOUR, SUGAR, EDIBLE VEGETABLE OILS (PALM), INVERT SYRUP, CASHEW NUTS (1.6%), BUTTER, RAISING AGENTS [INS-503 (ii), INS-500 (ii)], MAIZE STARCH, EDIBLE COMMON SALT, DATES (0.3%), MILK SOLIDS, PERMITTED EMULSIFIERS (INS-322, INS - 471), STABILISING AGENT [INS-450(i)], DOUGH CONDITIONER (INS-223).  CONTAINS PERMITTED NATURAL COLOUR (INS-160b) AND ADDED FLAVOURS (ARTIFICIAL FLAVOURING SUBSTANCES - BUTTER, MILK VANILLA AND NATURE IDENTICAL FLAVOURING SUBSTANCE-BUTTER).  CONTAINS WHEAT, MILK, SOYA & SULPHITE AS HYPERSENSITIVE INGREDIENTS.",478,19.6,9.7,67.8,25,2,7.4,0.9375,0.375,e,25,4 - Ultra processed food and drink products
8904004412956,Navratan mix,Haldiram Snacks Pvt. Ltd.,Snacks,"Edible Vegetable Oil (Palmolein, Cotton Seed, Corn, Sunflower, Rice Bran), Rice Flakes, Groundnut (Peanuts), Refined Sugar, Cashews, Raisin, Bengal Gram Flour (Besan), Tapioca Starch, Spinach, Fennel, Sesame Seeds, lodised Salt, Red Chilli Powder, Curry Leaves, Turmeric Powder, Black Pepper Powder, Acidity Regulator (INS 330), Pipal, Black Salt, Dried Ginger Powder, Cumin, Bay Leaves, Clove, Asafoetida, Nutmeg, Cinnamon & Colour (INS 141). Allergen: Contains Peanuts, Cashews & Sesame Seeds May Contains Other Tree Nuts, Milk, Soy, Mustard Seed & Sulphite.",2450,40.9,15.25,43.75,6.35,0,10.6,1.09,0.436,e,23,4 - Ultra processed food and drink products
8906009072784,Biscott,Unibic,Biscuits,,470,18,10.5,71,30,0,6,0.6,0.24,e,25,
8904063220424,Takatak Chatpata Masala,Haldiram's,"Crisps, Crackers (Appetizers), Puffed salty snacks made from maize, fried-snacks","Rice Meal, Edible Vegetable Oil (Palmolein Oil, Cotton Seed, Rice Bran), Corn Meal (23%), Gram Meal, &quot;Spices and Condiments (Red Chilli Powder (0.8%), Raw Mango Powder, Coriander Powder (0.25%), Cumin Powder, Garlic Powder, Anise Powder (0.1%), Black Pepper Powder, (0.01%), Nutmeg Powder, Cinnamon Powder, Onion Powder, Spices Extract), lodised Salt, Whey Powder, Maltodextrin, Dextrose, Sugar Powder, Acidity Regulators (INS 296 & INS 330), Natural and Nature Identical Flavouring Substances. *Used as natural flavouring agent",543,35,17,50,0.5,0,7,2.0675,0.827,e,26,4 - Ultra processed food and drink products
8901491410106,Uncle Chiprs,10 rs,Potato crisps,"Potato, Edible Vegetable Oil (Palmolein), &quot;Seasoning (Sugar, lodised Salt, &quot;Spices and Condiments, Acidity Regulators (330, 334, 296), Maltodextrin, Edible Starch, Salt Substitute (Potassium Chloride), Milk Solids, Anticaking Agents (551,470), Flavour Enhancers (631, 627), Color (150d), Flavour (Natural and Nature Identical Flavouring Substances), Modified Starch (1450)). *As flavouring agent. &quot;Contains Onion ALLERGEN ADVICE: Contains Milk .co.in/en-IN/live/story/uncle-chipps",536,32.4,7.4,54.2,1.2,0,6.8,2.2425,0.897,e,24,4 - Ultra processed food and drink products
8901262010016,Amul Pasteurized Butter,Amul,Butters,"Butter, common salt. CONTAINS PERMITTED NATURAL COLOUR [ANNATTO]",714.28571,78.57143,50,0,0,0,0,2.05357,0.821428,e,29,4 - Ultra processed food and drink products
8901262200196,Amul Masti Spiced Buttermilk 200ml,Amul,"Beverages, Milks, Buttermilks","Milk solids, water, iodised salt, spices & condiments (1%), stabilizer [460(i)]. Allergen Information: Contains milk.",28.5,1.5,0.95,1.8,1.8,0,1.5,0.625,0.25,c,3,4 - Ultra processed food and drink products
8901262260121,Amul Taaza Milky Milk,"Amul, Amul taaza",Whole pasteurised milks,PASTEURISED HOMOGENISED TONED MILK,29,1.5,1,2.35,2.35,0,1.5,0.05,0.02,c,3,
8901262010320,Amul Butter,AMUL,Butters,"Butter, iodized salt, natural colour (annatto)",724,80,48,0,0,0,1,0,0,e,19,4 - Ultra processed food and drink products
8904083303077,Farm Fresh Sahi Plain Yoghurt,Milky Mist,Yogurts,Pasteurized Toned Milk & Active Lactic Culture,61.8,3,1.9,5.2,5.2,0,3.5,0.1125,0.045,b,1,
8908000794023,Pasteurised full cream milk,Gokul,"Whole milks, Pasteurised full cream milk",,92,6.5,4.9,4.8,4.8,0,3.6,0,0,d,9,
8901262180115,malai paneer fresh,Amul,Paneer,"milk solids , citric acid",312,24,14.4,4,4,0,20,0.024,0.0096,c,7,3 - Processed foods
8902579002299,Smoodh chocolate,Parle Agro,Chocolate milks,"WATER, DOUBLE TONED MILK (40%), SUGAR, WHEY POWDER, MILK SOLIDS, COCOA SOLIDS (1%), MALT EXTRACT, EMULSIFIERS AND STABILIZERS [INS 460(1), INS 471, INS 466, INS 407, INS 340, INS 452], NATURE IDENTICAL FLAVOURING SUBSTANCE (CHOCOLATE) AND IODISED SALT. (INS-INTERNATIONAL NUMBERING SYSTEM) ALLERGEN INFORMATION: CONTAINS MILK, BARLEY, WHEAT AND MILLET: NÚTRITIONAL INFORMATION (TYPICAL VALUES) PER SERVE",83.8,1.8,1.2,14.6,13.7,0,2.3,0.1695,0.0678,e,15,4 - Ultra processed food and drink products
8906009501031,Pasteurised Cow Milk,Chitale,Whole milks,PASTEURISED COW MILK,69,3.8,2.7,5.1,4.7,0,3.6,0.03775,0.0151,c,4,1 - Unprocessed or minimally processed foods
8901262020039,Amul cheese,Amul,Cheeses,"Cheese, emulsifying salts (452, 339, 331), iodized sait, class II preservatives (200, 234)",320,28,16,0,0,0,20,3.5,1.4,e,24,4 - Ultra processed food and drink products
8901262200189,Amul Lassi 200ml,Amul,"Yogurt drinks, Lassi","Milk solids, water, sugar, stabilizer (440), nature identical and artificial flavouring substances (rose), active culture. Allergen Information: Contains milk.",88.5,2.1,1.25,14.5,14.5,0,2.1,0.075,0.03,e,16,4 - Ultra processed food and drink products
8901262150088,Milk,Amul,Whole milks,Milk,58,3,2,4.8,4.8,0,3,0.0925,0.037,c,3,1 - Unprocessed or minimally processed foods
8901262020015,Cheese slices,Amul,"Cheeses, Processed cheese in slices","Cheese, _milk_ solids, emulsifying salts (E452, E339, E341, E331), iodized salt, class II preservatives (E200, E234)",311,25,16,1.5,1.5,0,20,3,1.2,e,20,4 - Ultra processed food and drink products
8901262151696,Amul Lassi 250 ml,Amul,"Yogurt drinks, Dairy based drink","Milk solids, water, sugar, stabilizer (440), nature identical and artificial flavouring substances (rose), active culture. Allergen Information: Contains milk.",87,2,1.2,14,14,0,2,0.065,0.026,e,17,4 - Ultra processed food and drink products
0850006000012,Yaourt nature sucres U,Coca Cola,"Plain yogurt with sugar, Whole milk yogurts",,80,3.3,2.2,9.6,9.6,0,3,0.1,0.04,c,4,
8901262260107,Amul Gold Milky Milk,Amul,"Milks, Full cream milk",Milk,87,6,3.9,5,0,0,3.1,0,0,b,-3,1 - Unprocessed or minimally processed foods
8901262010023,Amul pasteurised butter,Amul,"Cheeses, Butters","Butter,iodized salt, natural colour (annatto) Allergen information:contains milk",724,80,48,0,0,0,1,2.3875,0.955,e,30,4 - Ultra processed food and drink products
8901262020046,Pure Milk Cheese Slices,Amul,Cheeses,"Cheese, Milk Solids, Permitted Emulsifying Salts (E331 & E452) & Common Salt. CONTAINS PERMITTED CLASS II PRESERVATIVES (E200 & E234) BEST BEFORE 9 MONTHS FROM PACKAGING WHEN STORED REFRIGE",311,25,16,1.5,1.5,0,20,3,1.2,e,20,4 - Ultra processed food and drink products
8901262150064,Amul Taaza 1ltr,Amul,"Toned milks, Whole milks",Milk,58.2,3,2,4.8,4.8,0,3,0.0925,0.037,c,3,1 - Unprocessed or minimally processed foods
8902579002497,SMOODH CHOCLATE FLAVORED MILK,"Parle, SMOODH",Dairy drinks,"WATER, DOUBLE TONED MILK (40%), SUGAR, WHEY POWDER, MILK SOLIDS, COCOA SOLIDS (1%), MALT EXTRACT, EMULSIFIERS AND STABILIZERS [INS 460(1), INS 471, INS 466, INS 407. INS 340, INS 452], NATURE IDENTICAL FLAVOURING SUBSTANCE (CHOCOLATE) AND IODISED SALT.",83.8,1.8,1.2,14.6,13.7,0,2.3,0.1695,0.0678,e,15,4 - Ultra processed food and drink products
8901262202220,Dahi Yogurt,Amul,Curd,,65,3.1,0,4.6,0,0,4,0.125,0.05,unknown,0,
8908000794054,Pasteurised Cow Milk,Gokul,Dairies,Milk Solids,67.2,4,2.9,4.7,4.7,0,3.1,0,0,b,2,1 - Unprocessed or minimally processed foods
8904083302292,Greek Yogurt,Milky Mist,Greek-style yogurts,"Pasteurised double toned milk, Milk Solids, Active Lactic Cultures (L.bacillus delbrueckii subsp. bulgaricus, S.thermophilus),",77.8,2.2,1.6,6.5,6.5,0,8,0.1675,0.067,a,-1,
8901262200622,Amul Masti,Amul,Curd,"Pasteurised toned milk, milk solids, active culture",65,3.1,2,4.6,4.6,0,4,0.125,0.05,b,1,1 - Unprocessed or minimally processed foods
8901262202244,Tadka Chhach Probiotic Buttermilk,Amul,"Buttermilks, Chaas","Milk solids, water, iodized salt, spices and condiments (0.8%), active culture, probiotic bacterial strain (Bifidobacterium lactis - minimum 10° CFU per mL).",25,1.3,0.8,1.8,1.8,0,1.4,0.575,0.23,b,2,3 - Processed foods
8902579003470,Smoodh Masala Flavoured Buttermilk,Smoodh,Buttermilks,"WATER, DOUBLE TONED MILK DAHI (40%) (MILK SOLIDS, STARTER CULTURE), IODISED SALT, STABILIZER (INS 466), NATURE IDENTICAL FLAVOURING SUBSTANCES (MASALA) AND ACIDITY REGULATOR (INS 330).",15.74,0.86,0.57,0.73,0.58,0,1.27,0.6147,0.24588,c,3,4 - Ultra processed food and drink products
8902579003456,Smoodh Chaas,"Parle Agro, Smoodh",Flavoured buttermilks,"WATER, DOUBLE TONED MILK DAHI (40%) (MILK SOLIDS, STARTER CULTURE), IODISED SALT, STABILIZER (INS 466), NATURE IDENTICAL FLAVOURING SUBSTANCES (MASALA) AND ACIDITY REGULATOR (INS 330).",15.74,0,0,0.73,0.58,0,1.27,0.6147,0.24588,unknown,0,4 - Ultra processed food and drink products
5410942104158,Passendale classic,"Passendale, Savencia","Cow cheeses, Belgian cheeses, Sliced cheeses, Abbaye cheeses","pasteurized cow's milk, salt, lactic acid ferments, rennet, natural dye: annatto,",353,29,20,0,0,0,23,1.5,0.6,d,14,4 - Ultra processed food and drink products
8901262200028,Dahi,Amul,Yogurts,"Pasteurised toned mil,milk solids,active culture",61.5,3.1,2,4.4,0,0,4,0,0,unknown,0,1 - Unprocessed or minimally processed foods
8901262030243,Amul gee,Amul,Butters,,900,100,65,0,0,0,0,0,0,e,20,2 - Processed culinary ingredients
8906016413792,Badam Flavoured Milk,Godrej Jersey,Flavoured milks,"Double Toned Milk, Sugar, Natural and Synthetic Food colours (INS 150a, INS 102), Flavour (Badam), Vitamin A (Retinyl palmitate), Vitamin D2 (Ergocalciferol)",82.7,1.5,1.1,13.9,13.9,0,3.4,0.12075,0.0483,e,12,4 - Ultra processed food and drink products
8901262152211,Amul Kool Kesar Flavour 180ml,Amul,Fruit and milk beverages,"Milk solids, sugar, artificial flavouring substances (cream flavour, saffron flavour, almond flavour), E102, E110",139,2.7,1.6,23,23,0,5.7,0.1875,0.075,e,14,4 - Ultra processed food and drink products
8902579003302,Smoodh Lassi,Smoodh,"Dairy drinks, Fermented dairy desserts","TONED MILK DAHI (50%) (MILK SOLIDS, STARTER CULTURE), WATER, SUGAR, STABILIZER (INS 466), ACIDITY REGULATOR (INS 330), IODISED SALT AND NATURE IDENTICAL FLAVOURING SUBSTANCE (ROSE).",83.2,1.6,1,15.6,13.4,0,1.6,0.18375,0.0735,e,16,4 - Ultra processed food and drink products
8901262030151,Amul Ghee 1ltr,Amul,"Butters, ghee",Cream,897,99.7,63,0,0,0,0,0,0,e,19,2 - Processed culinary ingredients
8901262060011,Cheese Spread,Amul,Cheese spreads,"Milk Solids, Cheese, Common Salt, Permitted Emulsifiers (E339, E452, E471, E331) and Class II Preservatives (E234, E200)",276,20,13.2,12.8,0,0,11.2,2.1,0.84,e,19,4 - Ultra processed food and drink products
8901071732413,Milk shake chocolate flavour 180ml,Hershey's,"Milks, Milkshakes","Water, Sugar, Milk Solids (8%), Cocoa Solids (0.75%), Emulsifiers (460(i),466, 471), Mineral (Calcium carbonate), Flavours (Nature Identical Flavouring Substances), Sequestrant (339 (ii)), Edible Common Salt, Mineral (Zinc Sulphate), Vitamin E (Acetate), Vitamin A (Acetate), Vitamin D2 (Ergocalciferol), Vitamin B1 (Thiamine Chloride Hydrochloride), & Vitamin B2 (Riboflavin)",90,1.888889,1.388889,16.777778,16.777778,0,1.777778,0.129167,0.051667,e,18,4 - Ultra processed food and drink products
8902979001724,Cavins Masala Chaasa 180 ml,Cavin's,"Dairy drinks, Buttermilks","Water, Milk Solids, iodized salt, Spices and Condiments (0.6%) (Cumin, Ginger, Chilly and Asafoetida), Emulsifier (INS 460(i)), Stabilizer (INS 466) and Mineral & Vitamin premix (Zinc, Vitamin A & D)",21.277778,1.388889,0.944444,1.444444,1.166667,0,0.722222,0.71995,0.28798,c,5,4 - Ultra processed food and drink products
8901262020558,Diced Cheese,Amul,Cheeses,,289,21,13,2,2,0,23,1,0.4,c,10,
8908010900056,Peanut butter,Pintola,"Butters, Peanut butters",,639,49,7,18,3,9,30,0.0475,0.019,a,-9,2 - Processed culinary ingredients
8904083302100,Fruit Yogurt Blueberry,Milky Mist,Fruit yogurts,"Milk & Milk Solids, Sugar, Active Lactic Culture (Lbacillus delbrueckii subsp. bulgaricus, S.thermophilus), Stabilizing agent (INS 440), Fruit Content (6%) from Blueberry preparation (Blueberry Fruit, Sugar, Water, Stabilizer (INS 440), Acidifying agent (INS 330), Preservative (INS 202)), Colours (INS 122, INS 133), Flavor (Nature - Identical Flavoring Substances - Blueberry). Allergen Information: Contains Milk. Manufactured & Marketed by: MILKY MIST DAIRY FOOD PRIVATE LIMITED SF No.: 43/1,2,3, Pattakaranpalayam Village, Perundurai Taluk - 638 057, Erode District, fssai Tamil Nadu, India. Lic. No. 10017042003191 FOR FEEDBACK/ QUERIES CONTACT OUR CUSTOMER CARE EXECUTIVE TOLL FREE NUMBER 1800-419-9000 OR CONTACT AT MFD. & MARKETED BY ADDRESS Write to us: / visit us at: www.milkymist.com Net Quantity: 100 g For Batch No., Date of Packaging, Expiry Date MRP (incl. of all taxes) - SEE TOP OF THE PACK",103.5,3.1,1.3,15.3,15.3,0,3.6,0.0525,0.021,c,5,4 - Ultra processed food and drink products
8904083300021,Paneer,Milky Mist,Paneer,Milk Solids & Vinegar,283,22,12,5.1,5.1,0,16.1,0.3125,0.125,c,9,3 - Processed foods
8904089920490,Heritage Total Curd,heritage,Curd,"Pasteurised Toned Milk & Active Lactic Cultures, Made from Toned Milk Allergen Information: Contains Milk",58,3,2,4.3,0,0,3.3,0.1125,0.045,a,0,
8906009501017,Full cream milk,Chitale,Milks,Milk,93.6,6.4,4.7,5.2,4.8,0,3.8,0.03675,0.0147,d,9,1 - Unprocessed or minimally processed foods
8901262151931,Amul Kadhai Doodh,Amul,Dairy drinks,"Standardized milk, sugar.",176,8.7,5.2,20,20,0,6.7,0.25,0.1,e,19,3 - Processed foods
8901808000068,WeiKFiELD,Weikfield,"Dessert mixes, Custards and pastry creams, Desse","Maize Starch, Iodized Salt, Artificial Flavouring Substance(Vanilla), Synthetic Food Colours (INS 102,110,122)",358,0,0,88.4,0,0,1,0.7,0.28,unknown,0,4 - Ultra processed food and drink products
8901262151368,Moti,Amul,Cow milks,Milk,58,3,2,4.8,4.8,0,3,0.0925,0.037,c,3,1 - Unprocessed or minimally processed foods
8906010090869,Dlecta 100 % cheese,Dlecta,"Mozzarella, Grated cheese","Mozzarella Cheese (Pasteurized Milk, Pasteurized Skimmed Milk, lodised Salt, Firming Agent (INS 509). Microbial Cultures and Microbial Rennet.)",282.5,20.5,12.9,0.5,0.5,0,24,1.6,0.64,d,13,4 - Ultra processed food and drink products
8901058903959,milkmaid 100+ recipes,Nestlé,"Condensed milks, Sweetened condensed milk",Milk solids and Sugar.,303,3.9,2.9,58.4,58.4,0,8.5,0.275,0.11,e,21,3 - Processed foods
8901262153348,Protein Lassi - Rose Flavour,Amul,"Yogurt drinks, Yogurts high in protein on a fruit layer",cholesterol,53.5,0.85,0.5,6,1.6,0,7.5,0.08,0.032,b,-2,
8901262260947,Buffalo Milk A2,Amul,Milks,Milk,91,6.5,4.2,5,5,0,3.2,0.125,0.05,d,9,1 - Unprocessed or minimally processed foods
8904083305071,Pro Biotic Curd,Milky Mist,Curd,"Pasteurised Toned Milk, Active Lactic Culture and Probiotic Culture (Bifidobacterium lactis & Lactobacillus acidophilus)",61.8,3,0,5.2,0,0,3.5,0.1125,0.045,unknown,0,1 - Unprocessed or minimally processed foods
8906117360353,Country Delight Buffalo Milk,Country Delight,Buffalo milks,"Pasteurized Buffalo Milk Fat 6.00% Min., SNF 9.00% Min.",90,6.5,3.8,4.9,4.9,0,3.2,0.1125,0.045,d,8,
8906041150501,Pasteurised Buttermilk,Katraj Dairy,"Milks, Buttermilks","Water, Curd, lodised Salt CONTAINS MILK",0,0,0,0,0,0,1.36,0.22355,0.08942,unknown,0,1 - Unprocessed or minimally processed foods
8901262010344,Garlic & Herbs Buttery Spread,Amul,"Butters, Butter fat","Pasteurised Table Butter, Garlic Herbs Masala (2.5%) (Garlic Powder, Garlic flakes, Oregano leaves, Ghee) and Salt. CONTAINS PERMITTED NATURAL COLOUR [ANNATTO",697.6,77,46,0,0,0,0.5,2.375,0.95,e,30,4 - Ultra processed food and drink products
8906027713546,Dahi,,Yogurts,,60,3,0,4.52,0,0,3.6,0,0,unknown,0,
8902579002329,Smoodh toffee caramel,parley Agro,"Milks, Flavoured milks","MILK SOLIDS, MATER, SUGAR, DEXTROSE, MALT EXTRACT, NATURAL COLOUR (INS 150c) (0.57%), EMULSIFIERS AND STABILIZERS [INS 450(1), INS 471, INS 466, INS 407, INS 340, INS 452), COCOA SOLIDS, MATURE-IDENTICAL AND ARTIFICIAL FLAYOURING SUBSTANCES (CARAMEL, TOFFEE AND YANILLA) AND IODISED SALT. (EQUIVALENT TO 90% N/N DOUBLE TONED MILK) ONS-INTERNATIONAL NUMBERING SYSTEM) ALLERGEN INFORMATION: CONTAINS MILK, BARLEY, WHEAT AND MILLET",95.7,2.3,1.5,15.33,16.35,0,3.42,0.2,0.08,e,14,4 - Ultra processed food and drink products
8902979050913,Covins chocolate milkshake 180ml,Cavins,Chocolate milks,"Toned Milk (84%), Sugar, Cocoa Solids (1.4%), Flavour (Nature Identical Flavouring Substances), Stabilizers (INS 415, INS 412, INS 407), Sequestrant (INS 451(i)), lodized salt.  Allergen Advice: Contains Milk CHOCOLATE FLAVOURED MILKSHAKE.",101.2,2.8,1.8,16.4,16.2,0,2.6,0.2325,0.093,e,17,4 - Ultra processed food and drink products
8901262180016,Malai Paneer,Amul,Paneer,Paneer,314,25,15,4.5,4.5,0,20,0.055,0.022,c,7,3 - Processed foods
8901030976063,horlicks,Horlicks,"Instant beverages, Grated cheese, Sweetened beverages",,0,22,0,0,0,0,0,0,0,unknown,0,
8901262260374,Amul Cow Milk,Amul,Milks,Milk,68,4,2.4,4.9,4.9,0,3.1,0.1175,0.047,c,4,1 - Unprocessed or minimally processed foods
8904083300106,Paneer,Milky Mist,Paneer,Milk Solids & Vinegar,189.3,7,4.8,6.7,6.7,0,25,0.3125,0.125,b,1,3 - Processed foods
8901262040013,Shrikhand,Amul,Dairy desserts,"Milk solids, sugar, elaichi powder (0.1%)",234,5,3,42,42,0,5,0.05,0.02,d,16,3 - Processed foods
8901262152952,Protein Buttermilk,Amul,Yogurt drinks,"_Milk_ solids, water, iodized salt, stabilizers (440, 418), active culture",54,0.5,0.3,4,4,0,7.5,0.000125,0.00005,b,0,4 - Ultra processed food and drink products
8901262153331,Amul Protein Blueberry Shake,Amul,"Milks, Lassi, Flavoured Lassi","Milk solids, water, sweetener (965, 960), blueberry fruit preparation (3.5%) [blueberry fruit, water, nature identical flavouring substances, stabilizer (440), acidity regulator (330), colours (133, 122)], acidity regulator (330), stabilizers (440, 418), artificial flavouring substances (blueberry).",69,0.75,0.5,9.5,1.65,0,10,0.025,0.02,b,0,4 - Ultra processed food and drink products
8906020580572,Paneer,iD,Paneer,MILK AND LEMON CONCENTRATE,301.72,23,15.37,1.18,0,0,18,0.0525,0.021,c,6,3 - Processed foods
8901030975530,Boost milk shake,Boost energy,"Milks, Chocolate milks","Toned Milk (60%), Water, Sugar, Cereal product (3%), Milk Solids, Minerals, Acidity Regulator (INS 339 (ii)), Stabilizers (INS 418, INS 407), Vitamins. Allergen Information: Contains Milk, Wheat, Barley and Soy. fssai",70,107,1.6,11,10,0.1,2.7,175,70,e,30,4 - Ultra processed food and drink products
8901262010207,Butter School Pack,Amul,Butters,"Butter, iodized salt, natural colour (annatto). Allergen Information: Contains milk.",724,80,48,0,0,0,1,2.3875,0.955,e,30,4 - Ultra processed food and drink products
8901262200233,Amul Masti Spiced Buttermilk,Amul,Milks,,29,1.5,1.04,1.8,1.8,0,1.5,0.62,0.248,c,6,
8901262152228,Amul kool elaichi 180ml,Amul,Dairy drinks,"Toned milk, milk solids, sugar, synthetic food colours (102, 133), artificial flavouring substances (elachi). Allergen Information: Contains milk.",90.555556,3.111111,1.888889,12.5,12.5,0,3.111111,0.108333,0.043333,e,13,4 - Ultra processed food and drink products
8906001020196,Go Cheese Slices,Go,Sliced cheeses,"Cheddar cheese (made from microbial enzyme), Milk Solids, Emulsifier (INS 339 (iii), INS 450 (i), INS 452 (i)), lodized salt, Stabilizer (INS 407, INS 415), Preservative (INS 200). Allergen Advice: Contains Milk",280,24,15,2,0,0,14,1.5,0.6,unknown,0,4 - Ultra processed food and drink products
8901063146457,Britannia winking cow chocolate 180ml,Britannia,Chocolate milks,"DOUBLE TONED MILK, WATER, SUGAR, COCOA SOLIDS (CHOCOLATE), EMULSIFIERS AND STABILIZERS (471, 412, 407 & 415), NATURE IDENTICAL & ARTIFICIAL (VANILLA) FLAVOURING SUBSTANCE, ACIDITY REGULATORS (340(ii), 340(iii), 452(i)] AND IODISED SALT.  CONTAINS MILK.",109,2.9,2,16.7,16.2,0,3.9,0.163,0.0652,e,14,4 - Ultra processed food and drink products
8906010360085,Ghee,GRB,Butters,Milk fat,897,99.7,62,0,0,0,0,0,0,e,19,2 - Processed culinary ingredients
8906059635007,GREEK YOGURT natural,epigamia,Greek-style yogurts,"Pasteurized Double Toned Milk, Milk Solids, Stabilizer (Pectin), Permitted Lactic Acid Cultures Active Live Cultures: S.thermophilus, L.bacillus delbrueckii subsp. bulgaricus ALLERGENS: Contains milk. Manufactured in a facility that also processes nuts & cereals containing gluten.",63.529412,2.235294,1.411765,4.705882,4.705882,0,7.647059,0.152941,0.061176,a,-1,4 - Ultra processed food and drink products
8904057395503,Hatsun Curd,Hatsun,Curd,Pasteurized Toned Milk & Active Culture,67,3,1.9,6,6,0,4,0.125,0.05,b,1,1 - Unprocessed or minimally processed foods
8901262200011,Masti Dahi,Amul,"Fruit yogurts, Curd","Pasteurised toned milk, milk solids, active culture. Allergen Information: Contains milk.",55,2.6,1.7,3.9,3.9,0,3.4,0.1075,0.043,b,1,1 - Unprocessed or minimally processed foods
8906036670212,Curd,Nandini,"Milks, Milk curds",Milk Solids (Toned Milk) & Active Culture Allergen Advice: contains Milk,60,3.1,2,4.4,4.4,0,3.7,0.125,0.05,b,2,1 - Unprocessed or minimally processed foods
8901262260091,Amul Taaza,Amul,Whole milks,Pasteurized Homogenized Toned Milk,58,3,2,4.7,4.7,0,3,0.1,0.04,c,3,
8901262153607,Protein Lassi - Plain,Amul,"Dairy drinks, Yogurts","Milk solids, water, sweetener (965, 960), stabilizers [440, 418, 331 (iii)], acidity regulator (330), enzyme (beta galactosidase), active culture. Allergen Information: Contains milk.  'CONTAINS NATURALLY OCCURRING SUGARS'",62,0.85,0.5,6,1.6,0,7.5,0.08,0.032,c,3,4 - Ultra processed food and drink products
8901262202381,Amul Curd,Amul,Curd,"Pasteurised toned milk, active culture.",53,3,2,3.5,3.5,0,3,0.1,0.04,b,1,1 - Unprocessed or minimally processed foods
8908023008022,Celnutra 2.0,Nucgnex,"Dietary supplements, whey powder","Whey Protein Concentrate (Instant), Whey Protein Hydrolysate, MCT powder, Resistant Maltodextrin (NUTRICE** 06), Com Powder, Inulin, Fructooligosaccharides (FOS), Choline bi-tartrate, L-Carnitine, L-Taurine, Lactobacillus ac CONTAINS ADDED FLAVOUR (ARTIFICIAL FLAVOURING SUBSTANCE) - VANILLA. Vitamins, Minerals and Sweetener (INS 955). Appropriate overages of vitamins & minerals added to compensate the loss of potency during storage. (1) Contains sucralose. (2) Not recommended for children. (3) No sugar added in the product. This product is by its nature gluten free. NOT FOR MEDICINAL USE FOOD FOR SPECIAL DIETARY USE. FOOD FOR HELPING SUPPORT RECOVERY. CONTAINS ARTIFICIAL SWEETENER AND FOR CALORIE CONSCIOUS",490,17.84,12.53,46.35,0,9.23,36,0,0,not-applicable,0,4 - Ultra processed food and drink products
8906056450320,Danedar Ghee,Sonai,"Butters, ghee",Cow's Milk Fat,898.92,99.88,63.72,0,0,0,0,0,0,e,19,
8904083310136,Milky Mist Cheese Slices 100 g (5 Slices),Milky Mist,Cheeses,"Cheese (milk solids, Lodized salt, Microbial culture and microbial enzyme emulsifiers (ins 452, Ins 339), Preservative (ins 200).",309,25,16,4,4,0,17,3.78,1.51,e,26,4 - Ultra processed food and drink products
8904083302483,Skyr Yogurt,Milky Mist,Plain skyrs,"Pasteurized Skimmed Milk, Milk Solids and Active Lactic Cultures (L.bacillus delbrueckii subsp. bulgaricus, S.thermophilus) Allergen Information: Contains Milk.",99.5,1.5,0.5,9.5,0,0,12,0.36,0.144,a,-2,1 - Unprocessed or minimally processed foods
8902133055662,Sangam Curd,Sangam,Curd,PASTEURISED HOMOGENSED TONED MILK & ACTIVE LACTIC CULTURES,58.6,3,2.04,4.4,0,0,3.5,0.07525,0.0301,unknown,0,
8906010090906,Dlacta cheese,d lecta,Cheese spreads,,272.07,20.87,9.2,9.71,0.5,0,11.35,1.686825,0.67473,d,16,
8904083302438,Greek Yoghurt,Milky Mist,Greek-style yogurts,"Pasteurized Double Toned Milk, Milk Solids, Active Lactic Cultures (Lbacillus delbrueckii subsp. bulgaricus, S.thermophilus) & Probiotic Culture (Bifidobacterium Lactis).",89.8,2.2,1.6,9.5,9.5,0,8,0.1675,0.067,b,1,1 - Unprocessed or minimally processed foods
8901262020343,Amul Pizza Cheese,Amul,Cow mozzarella,"Milk solids, iodized salt, microbial rennet active culture, milk.",251,17,11,2,2,0,22,0.925,0.37,c,10,3 - Processed foods
8904011302837,Delite,Aavin,"Dairy drinks, Milks",Milk & Milk Solids,63,3.5,2.3,4.7,4.7,0,3.2,0,0,c,3,1 - Unprocessed or minimally processed foods
4906409501031,Pasteurised Cow Milk,Chitale,Whole milks,,69,3.8,2.7,5.1,4.7,0,3.6,0,0,unknown,0,
8908000716148,Rajhans Sweet Lassi,Rajhans,Lassi,"Toned Milk Dahi, Water and Sugar,",105,3,1.4,22,22,0,2.2,0.1,0.04,e,17,3 - Processed foods
8904057397705,Hatsun Chassis Butter Milk,Hatsun,"Dairy desserts, Fermented milk drinks, Buttermilks","Milk Solids, Processed Water, Iodized Salt & Starter Culture.",28,0.5,0.5,2.7,2.7,0,1.7,0.1525,0.061,b,2,3 - Processed foods
8906001022626,Gowardhan Star Dahi,Gowardhan,Curd,"Pasteurized skimmed milk, Milk solids and active culture.",40,0.5,0.3,5,0,0,3.2,0.125,0.05,a,-1,1 - Unprocessed or minimally processed foods
8904258703077,Raw Pressery Protein Milkshake Choco Mint,Raw Pressery,Flavoured milks,,86.102564,0.307692,0.205128,12.25641,7.846154,4.410256,9.025641,0.102692,0.041077,c,5,
8901262020367,A+ Cheese Slices,Amul,"Cheeses, Processed cheese in slices","Cheese, milk solids, emulsifying salts (452, 339, 341, 331), iodized salt, preservatives (200, 234), natural colour [160a(ii)].  Allergen Information: Contains milk",316,25,16,4.8,4.8,0,18,2.6,1.04,e,19,4 - Ultra processed food and drink products
8904057396289,Hatsun Curd,Hatsun,Curd,Pasteurized Toned Milk & Starter Culture  Allergen Information: Contains Milk,76,4,2.5,6,6,0,4,0.125,0.05,b,2,1 - Unprocessed or minimally processed foods
8906025502777,Vijaya Curd,Vijaya,Curd,Milk Solids & Active Lactic Cultures.,71.7,4.5,2.8,4.7,4.7,0,3.1,0.125,0.05,b,2,1 - Unprocessed or minimally processed foods
0726684792160,High Protein Milk,Sid’s Farm,Milks,"Pasteurized skimmed milk, B-galactosidase enzyme",63.296,0,0,5.464,0,0,10,0.0787,0.03148,unknown,0,1 - Unprocessed or minimally processed foods
8902579003609,Smoodh Flavoured Milk,Smoodh,Flavoured milks,"MILK SOLIDS*, SUGAR, MALTOSE EXTRACT, COCOA SOLIDS, EMULSIFIERS AND STABILIZERS [INS 460(1), INS 471, INS 466, INS 407, INS 340, INS 452], NATURE IDENTICAL FLAVOURING SUBSTANCES (CHOCOLATE) AND IODISED SALT. *(EQUIVALENT TO 90% M/M DOUBLE TONED MILK) ALLERGEN INFORMATION: CONTAINS MILK, BARLEY, WHEAT AND MILLET.",81.8,1.8,1.2,14.2,13.7,0,2.2,0.17525,0.0701,e,15,4 - Ultra processed food and drink products
8908000716476,Peda,Rajhans,"Dairy desserts, peda","Milk Solids, Sugar, Cardamom",442,22,14,47.5,47.5,0,13,0.5,0.2,e,30,3 - Processed foods
8902579003616,Chocolate Milk,Smoodh,Chocolate milks,,81.8,1.8,1.2,14.2,13.7,0,2.2,0.17525,0.0701,e,15,
8902579003647,TOFFEE CARAMEL MILK,SMOODH,Dairy drinks,"MILK SOLIDS*, SUGAR, DEXTROSE, FOOD COLOUR (INS 150c) (0.92%), MALT EXTRACT, EMULSIFIERS AND STABILIZERS (INS 460(i), INS 471, INS 466, INS 407, INS 340, INS 452], NATURAL AND NATURE IDENTICAL FLAVOURING SUBSTANCES (CARAMEL, COCOA, TOFFEE, ARTIFICIAL FLAVOURING SUBSTANCE (VANILLA) AND IODISED SALT. *(EQUIVALENT TO 90% M/M DOUBLE TONED MILK)",88.2,1.8,1.2,15.9,15,0,2.1,0.0782,0.03128,e,17,4 - Ultra processed food and drink products
8901745100012,RKG Pure Cow Ghee,RKG,"Butters, ghee",COW'S MILK FAT 99.9%,892.857143,100,68.571429,0,0,0,0,0.008929,0.003571,e,20,
8906177761084,High Protein Milk,Akshayakalpa Organic,Milks,Milk solids (Pasteurized skimmed cow milk),65.1,0.3,0,5.6,5.6,0,10,0.111,0.0444,unknown,0,1 - Unprocessed or minimally processed foods
8906009440682,Saras Dahi,Saras,Yogurts,"MILK SOLIDS, Pasteurized toned milk & active culture. (MIN. SNF 8.5%, FAT 3.0%) Lic. No. 10012013000010 Batch No., PKD & USE BY DATE, MRP,U.S.P/gm (incl.of all taxes) SEE TOP LID 0090 8 सरस पाश्चुराइ",58,3,1.9,4.6,4.6,0,3.2,0.1,0.04,b,1,
8902979050906,Cavins kaju Butterscotch Milkshake 180ml,Cavin's,"Milkshakes, Butterscotch-milkshake","Toned Milk (89%), Sugar, Flavor (Nature Identical and Artificial (Kaju Katri) Flavoring Substances), Stabilizers (INS 415, INS 412, INS 407), Sequestrant (INS 451 (i)), lodized Salt, Cashew Powder (0.05%), Emulsifier (INS 436), Mineral and Vitamin premix (Zinc, Vitamin A and D), and Synthetic Food Color (INS 110). Allergen Advice: Contains Milk and Nut.",108.65,4.1,2.73,15,14.8,0,3,0.199625,0.07985,e,16,4 - Ultra processed food and drink products
8904089923705,Family Toned Milk,Heritage,"Pasteurised milks, Toned milks","Milk Solids (Toned Milk), Vitamin A Palmitate & Vitamin D (Ergocalciferol) Allergens information: Contains Milk",58,3,2,4.6,0,0,3.1,0.1,0.04,b,-1,1 - Unprocessed or minimally processed foods
8904083301455,Toned Milk,Milky Mist,Pasteurised milks,Milk & Milk Solids,59,3,1.9,5,5,0,3,0.1175,0.047,c,3,1 - Unprocessed or minimally processed foods
8904083310112,Cheese Slice,Milky Mist,"Cheeses, Processed cheese in slices","Cheese (Milk Solids, lodized Salt, Microbial Culture and Microbial Enzyme), Milk Solids, Emulsifiers (INS 452, INS 339), Preservative (INS 200).",309,25,16,4,4,0,17,3.78,1.512,e,26,4 - Ultra processed food and drink products
8901725001124,Sunfeast Dark Fantasy Chocolate Shake 300ml,Sunfeast,Milkshakes,"Toned Milk (80.5%), Sugar, Water, Cocoa Solids (1.32%), Nature Identical Flavouring Substances, Stabilizers (INS 407, INS 412), Emulsifier [Mono - and di-glycerides of fatty acids (from Palm oil)]. Belgian Chocolate (0.1%) (Emulsifier [Lecithin (from soyabean)] and Natural Flavours and Natural Flavouring Substances), Artificial Flavouring Substances (Chocolate, Vanilla), Acidity Regulator [INS 339(iii), lodized Salt",109,3,2,17.3,17,0,3.1,0.2375,0.095,e,15,4 - Ultra processed food and drink products
8901262050173,Khoa,Amul,Dairy desserts,,346,22,13.2,23,23,0,14,0,0,unknown,0,
8901262080118,Amulspray Infant Milk Food,Amul,"Milks, Milk powders","Partly skimmed milk, sugar, minerals, vitamins.",450,18,11.7,50,50,0,22,0.225,0.09,unknown,0,3 - Processed foods
8901648097983,Mother Dairy Ultimate Dahi,Mother Dairy,Curd,"Standardised Milk, Water, Milk Solids And Active Lactic Culture.",75,4.5,4.5,5,0,0,3.7,0,0,c,3,1 - Unprocessed or minimally processed foods
8904083300953,MilkyMist Strawberry Milk Shake,Milky Mist,Flavoured milks,"Toned Milk (89%), Sugar, Milk Solids, Emulsifier & Stabilizer (INS 471, INS 407, INS 412, INS 415), Flavor (Nature Identical Flavoring Substances - Strawberry) Acidity Regulator [INS 339 (ii)], lodized Salt, Contains Permitted Synthetic Food Colour (INS 127).",117,4,2.5,17.1,17.1,0,3.1,0.125,0.05,e,15,4 - Ultra processed food and drink products
8904089975377,Heritage Spiced Buttermilk,Heritage,Buttermilks,"Water, Milk Solids (Curd), Iodized Salt, Spices and Condiments, Active Lactic Culture, Probiotic Bacterial Strains (Bifidobacterium animalis subsp Lactis-minimum 10 CFU per recommended serving size)",21,1,0.65,1.8,1.8,0,1.1,0.695,0.278,c,3,3 - Processed foods
8904083302346,Greek Yogurt,Milky Mist,Greek-style yogurts,,73.8,2.2,1.6,6.5,0,0,7,0.1675,0.067,a,-1,
8906036670977,Nandini Paneer,Nandini,Paneer,,344,28,0,1.5,0,0,21.4,0,0,unknown,0,
8904057396395,Paneer,Hatsun Agro Product Limited,Paneer,"Milk Solids, Citric Acid",279,23,14,3,3,0,15,0.2375,0.095,c,8,3 - Processed foods
8907848000013,Vijaya Telangana Toned Milk,Vijaya,Milks,Milk & Milk Solids Vitamin A & Vitamin D,57.6,3,1.6,4.6,0,0,2.9,0.105,0.042,b,0,1 - Unprocessed or minimally processed foods
8906059636264,Greek Yoghurt Zero Added Sugar Mixed Berries,Epigamia,Yogurts,,89.98,2.2,1.397,11,5.995,0,6.996,0.1474,0.05896,b,1,
8904083302339,Greek yogurt,Milky Mist,Greek-style yogurts,"Pasteurized Double Toned Milk,Milk Solids, Cereals Preparation (13%) (Sugar, Water,Honey, Rolled Oats, Chia Seeds, Amaranth Seeds, Flax Seeds, Lemon Juice Concentrate, Stabilizer (INS 440), Flavor (Nature Flavoring Substances-Cereals & Vanilla), Active Lactic Cultures (Lbacillus delbrueckii subsp. bulgaricus, S.thermophilus) & Probiotic Culture (Bifidobacterium Lactis).",93,2.2,1.4,11.3,10.8,0.5,7,0.148,0.0592,c,3,4 - Ultra processed food and drink products
8906010090289,Cream Cheese,D’lecta,Cream cheeses,,339.81,32.45,23.75,5.04,0,0,6.9,1.744,0.6976,unknown,0,
8904083302094,milky mist yogurt peach,Milky Mist,Yogurts,"Milk & Milk Solids, Sugar, Active Lactic Culture [L bacillus delbruecki Subsp bulgaricus, S. thermophilus], Stabilizing agent NS 440) Fruit Content preparation (Peach dices, Sugar, Water, Stabilizer (INS 440) Acidifying agent (INS 330) Preservative [INS 202] Colors (INS 102, INS 110], Flavour [Nature identical Flavoring Substances Peach]",103.5,3.1,1.3,15.3,15.3,0,3.6,0.0525,0.021,c,5,4 - Ultra processed food and drink products
8906016411606,Godrej Jersey Doodh Peda,Godrej Jersey,Dairy desserts,Milk solids & Sugar,425.7,20.9,14.6,48.1,48.1,0,11.3,0.05975,0.0239,e,29,3 - Processed foods
8901826601209,Verka Shakti Milk,Verka,Milks,Milk Solids,71,4.5,2.9,4.7,4.7,0,3,0.138,0.0552,c,5,1 - Unprocessed or minimally processed foods
8901725117948,Mishti Doi,Aashirvaad,"Frozen desserts, Curd","Pasteurized Full Cream Milk (81.9%), Sugar, Colour (150a) and Active Lactic Acid Cultures",175,6.8,4.5,24.9,24.9,0,4.3,0,0,d,11,4 - Ultra processed food and drink products
8904083304036,Natural Cheddar Cheese,Milky Mist,Cheddar cheese,,370,30,19,2,2,0,23,1.63,0.652,d,15,
8908001631020,Standardised Milk,Aroma,"Dairy drinks, Milks",MILK AND MILK SOLIDS,71.3,4.5,2.7,4.8,0.498,0,3,0,0,b,2,1 - Unprocessed or minimally processed foods
8906183980271,Protein Powder,Beast Life,whey powder,"Whey protein concentrate, Cocoa Powder, Ultrasorb Tech (Proteases & Lactase) and Sweetener (INS 955).",386.514286,6.857143,3.257143,11.857143,0,0,69.342857,0,0,unknown,0,4 - Ultra processed food and drink products
8901262201896,Amul Stirred Fruit Yogurt Strawberry,Amul,Fruit yogurts with fruit chunks,"Toned milk, strawberry fruit preparation (13%) [strawberry, sugar, water, thickener (E440), acidity regulator (E330), natural flavouring substances, colour (E124)], milk solids, sugar, active culture",137,3.7,2.3,19.7,19.7,0,5.5,0.175,0.07,c,6,4 - Ultra processed food and drink products
8906143892187,Unflavoured 30g Pure Whey Protein Isolate,WholeTruth,whey powder,"whey protein isolate, bromelain",374,1.714286,0.857143,2.285714,0,0.114286,86.857143,0.517143,0.206857,a,-1,4 - Ultra processed food and drink products
8904284201035,Dilicia Classic Curd,Dilicia,Curd,"Pasteurised Toned Milk, Milk Solids, Active Culture",63,3,2,5,5,0,4,0.125,0.05,b,1,1 - Unprocessed or minimally processed foods
8904057397651,Standardized Milk,Arokya,"Dairy drinks, Milks",Milk and Milk Solids,99,6.3,4.2,6.3,0,0,4.2,0.14,0.056,unknown,0,1 - Unprocessed or minimally processed foods
8906001021087,Cow Milk - Gold,Gowardhan,Milks,,60,3.2,2,4.8,0,0,2.9,0.125,0.05,unknown,0,
8901808003830,Custard powder Mango Flavoured,WeikField,"Custards and pastry creams, Custard powder","Maize Starch, Nature Identical and Artificial Flavouring Substance (Mango), lodised Salt, Synthetic Food Colours (INS 102, INS 110, INS 122).",358,0,0,88.4,0,0,1,0.7,0.28,c,7,4 - Ultra processed food and drink products
8906019731596,Dahi,Prabhat,"Milks, Yogurts",Milk solids and active lactic culture,58.2,3,1.9,4.5,4.5,0,3.3,0.1375,0.055,b,2,1 - Unprocessed or minimally processed foods
8904025407504,Chitale Coffee,Chitale,Dairy drinks,"Toned Milk, Sugar Coffee(0.5%), Stabilizer(E-401)",107.5,3.1,2.2,16.8,14.5,0,3.1,0.148,0.0592,e,15,4 - Ultra processed food and drink products
8902133057628,Sangam Sabja Lassi,Sangam,Fermented milk drinks,"Milk solids (Curd), Pasteurized water, Sugar, Basil Seeds, and CONTAINS ADDED ARTIFICIAL FLAVOUR",40.9,1,0.655,7.125,7.125,0.09,0.805,0.023125,0.00925,d,9,4 - Ultra processed food and drink products
8901648921325,Mother Dairy Toned Milk,Mother Dairy,Milks,"Milk Solids, Vitamin A, Vitamin D2 (Ergocalciferol)",59,3.1,2.2,4.7,4.7,0,3.1,0.1375,0.055,c,3,1 - Unprocessed or minimally processed foods
8906036675521,Dharwad Peda,Nandini,"Dairy desserts, peda","Milk Solids, Sugar",449,18.3,11.9,58,58,0,13,0.5075,0.203,e,32,3 - Processed foods
8904132977235,Independence Chocolate Flavoured Milkshake,Independence,Milkshakes,"DOUBLE TONED MILK (79%), SUGAR, WATER, COCOA SOLIDS (1.5%), EMULSIFIERS&STABILIZERS (471,412,407,415), ACIDITY REGULATORS (340 (ii), 340 (ii), 452(i), IODIZED SALT, NATURE IDENTICAL FLAVOURING SUBSTANCES",101,2.7,1.7,16.5,16.5,0,2.8,0.0825,0.033,e,15,4 - Ultra processed food and drink products
8904284201288,Sweet Lassi,Dilicia,Fermented milk drinks,"Curd From Toned Milk, Sugar, Water, Stabilizer (INS440) & Contains Permitted: Natural Identical And Artificial Flavouring Substances Vanilla",106.8,2,1.2,19.8,0,0,2.4,0.097,0.0388,unknown,0,4 - Ultra processed food and drink products
0746935596262,Buffalo Curd,Sids Farm,Curd,,80.6,5,3.5,5.4,5.4,0,3.5,0.1275,0.051,c,4,
8906025503088,Milk,Vijaya,Milks,Milk Solids,71.7,4.5,2.8,4.7,4.7,0,3.1,0.125,0.05,c,4,1 - Unprocessed or minimally processed foods
8904083301547,Sweetend Condensed Milk,Milky Mist,"Milks, Whole condensed milk with sugar",Milk Solids and Sugar,335,9,6.2,55.5,55.5,0,8,0.3495,0.1398,e,20,3 - Processed foods
8904089995351,Blueberry Yogurt,Heritage,Yogurts,"Milk, Milk solids, Sugar Stabilizer (INS 440), Nature Identical Flavouring substances, Food Color (INS 133, INS 122), Active Lactic Cultures (Streptococcus thermophilus, Lactobacilis debruecki subsp. bulgaricus)",93.6,1.6,1.1,14.3,14.3,0,5.5,0.1325,0.053,c,4,4 - Ultra processed food and drink products
8906198980532,Chocolate Isolate,Truebasics,"Protein powders, whey powder","Whey Protein Isolate (Instantised with Sunflower Lecithin), Cocoa Powder & Natural Flavour",393.628571,3.114286,1.685714,11.714286,1.171429,0,80,0.37,0.148,not-applicable,0,4 - Ultra processed food and drink products
8908015845147,Buttermilk,Gokul,Buttermilks,"Milk Solids, Processed Water, Iodized Salt",26.8,1.2,0.96,1.8,1.7,0,2.2,0.575,0.23,b,2,3 - Processed foods
8902579003654,Smoodh toffee caramel,"Parle agro, Smoodh",Flavoured milks,"MILK SOLIDS, SUGAR, DEXTROSE, FOOD COLOUR (INS 150c) (0.92%), MALT EXTRACT, EMULSIFIERS AND STABILIZERS [INS 460(1), INS 471, INS 466, INS 407, INS 340, INS 452], NATURAL AND NATURE IDENTICAL FLAVOURING SUBSTANCES (CARAMEL, COCOA, TOFFEE), ARTIFICIAL FLAVOURING SUBSTANCE (VANILLA) AND IODISED SALT. (EQUIVALENT TO 90% M/M DOUBLE TONED MILK) (INS-INTERNATIONAL NUMBERING SYSTEM) ALLERGEN INFORMATION: CONTAINS MILK, BARLEY, WHEAT AND MILLET",0,0,0,0,0,0,2.1,0,0,unknown,0,4 - Ultra processed food and drink products
8906059636912,Everyday Yogurt,Epigamia,Yogurts,,94.666667,1.333333,0.8,17.333333,17.333333,0,4,0.146667,0.058667,c,5,
8904124108098,Paneer,Ananda,Paneer,Milk solids,309,17.25,16,2.5,0,0,18.5,0,0,c,6,3 - Processed foods
8906010090593,Natural Cheddar slices,D'lecta,Cheddar slices,"Pasteurized Cow's Milk, Pasteurized Skim Milk, lodised Salt, Stabilizer (INS 509), Microbial Culture & Microbial Rennet",391.6,29.84,20.74,7,0,0,23.69,0.000825,0.00033,c,7,3 - Processed foods
8901262151269,Amul Moti125ml,Amul,Cow milks,Milk,58.2,3,2,4.8,4.8,0,3,0.0925,0.037,c,3,1 - Unprocessed or minimally processed foods
8906059635014,Greek Yogurt Mango Flavour,Epigamia,Greek-style yogurts,,100,1.647059,1.176471,14.117647,14.117647,0,6.117647,0.117647,0.047059,c,4,
8906010090197,Dlecta Natural Cheddar,Dlecta,Cheddar cheese,"PASTEURIZED MILK, PAST STABILIZER (INS 509), MICROBIAL CULTU CONTAINS NO ADDED FLAVOUR&NO A CONTAINS MILK SURFACE TREATED STORED REFRIGERATED AT BETWEEN 2 USE WITHIN 3 DAYS OF OPENING MANUFACTURED & MARKETED BY DLEC SURVEY NO. 148/1&148/2, VILLAGE UMBRE TALUKA: KHALAPUR, DIST-RAIGAD-410200 MAHARASHTRA, INDIA. I WEB: WWW.d FOR SUGGESTIONS/COMPLAINTS PLEAS CONSUMER CARE EXECUTIVE AT MARKET EMAIL: consumercare@dlecta.com TEL: 022 42313090 CPCB REG. NO. BO-03-000-08-AAACC2407/22 BATCH NO.: LEROLOLATED ON THE BASS 200 ENERGY FOR AN AVERAGE ADULT MRP INCL OF ALL TAXES USP g DATE OF PACKAGING: 8 906010 090197 2 USE BY: - NN 1 F",387.26,29.5,15.61,6.78,0,0,23.66,0.00083,0.000332,c,7,
8906015720020,Big mishra pedha,Big mishra,"Sweet snacks, Dairy by-products","Milk Solids, Khoa & Sugar",567.9,32.3,0,52.7,0.95,1.25,10.1,0,0,c,3,3 - Processed foods
8902979051934,Chocolate Milkshake,Cavin's,Milkshakes,"Milk (86%), Sugar, Cocoa Solids (1.4%), Flavor (Nature Identical Flavoring Substances), Stabilizers (INS 415, INS 412, INS 407), Sequestrant (INS 451 (i)), iodized Salt, (Zinc, Vitamin A and D)",107.6,5.6,3.6,17.6,33,8,3,234.25,93.7,e,32,4 - Ultra processed food and drink products
8904011301601,Pasteurised Full Cream Milk,Aavin,"Cow milks, Whole pasteurised milks",Milk & Milk Solids,87,6,0,4.9,0,0,3.4,0,0,unknown,0,1 - Unprocessed or minimally processed foods
8901058869262,Toned Milk a+,Nestlé,Milks,Milk,60,3.1,2.4,5,4.1,0,3.1,0,0,unknown,0,1 - Unprocessed or minimally processed foods
8906059639906,Vanilla Milk Shake,,Vanilla milks,,106.111111,4,2.777778,14.444444,14.444444,0,3,0.125,0.05,e,16,
8901262150378,slim 'n' trim Skimmed Milk,Amul,Milks,Skimmed milk,35,0.1,0,5,5,0,3.5,0.1,0.04,b,-2,1 - Unprocessed or minimally processed foods
8908001631211,Fresh paneer,Aroma,Paneer,"MILK SOLIDS, INS-575, AND COMMON SALT ALLERGENS ADVICE: CONTAINS MILK,",252,18,12,4.9,4.6,0,17.1,0,0,c,4,3 - Processed foods
8906059639913,Strawberry Milk Shake,,Milkshakes,,71.666667,0.444444,0,13.888889,13.888889,0,3.333333,0.125,0.05,d,9,
8902433003707,galaxy milk chocolate smooth milk,mars International india pvt ltd,Chocolate milks,"Sugar, Milk solids, Cocoa butter, Cocoa solids, Edible vegetable fats &lt;5% (Sal fat, Palm oil), Humectant (422), Emulsifiers (322, 476). CONTAINS VEGETABLE FAT IN ADDITION TO COCOA BUTTER Contains Milk and Soy. May contain Barley, Wheat, Treenuts.",539,32.3,20.1,55.2,54.7,0.36,6.8,0.1875,0.075,e,23,4 - Ultra processed food and drink products
8906036670441,goodlife slim,nandini,Skimmed milks,"Milk Solids, Added Vitamin A & Added Vitamin D",39,0.5,0.3,5.1,5.1,0,3.5,0,0,b,0,1 - Unprocessed or minimally processed foods
8908003249469,spiced buttermilk,Akshayakalpa Organic,Buttermilks,"Water, Organic Cow Milk (Pasteurized). Salt (Himayalan Pink Salt), Organic Spices (green chilli, ginger, coriander), Starter Culture, Probiotic Culture",25,0.8,0.55,2.8,0,0,1.4,0.065,0.026,a,0,3 - Processed foods
8902133055655,Curd,sangam,Curd,PASTEURISED HOMOGENISED TONED MILK & ACTIVE LACTIC CULTURES,58.6,3,2.04,4.4,0,0,3.5,0.075,0.0301,b,1,
8904089919135,cow milk,Heritage,Milks,"Milk Solids (Cow Milk), Vitamin A Palmitate & Vitamin D (Ergocalciferol)",61.5,3.5,2.5,4.5,0,0,3,0.1,0.04,unknown,0,1 - Unprocessed or minimally processed foods
8901262152402,Butterscotch milkshake,Amul,Milkshakes,"Standardized milk, sugar, milk solids, stabilizers (407, 466), emulsifiers [460(i), 471], nature identical and artificial flavouring substances (butter scotch). Allergen Information: Contains milk.",141.111111,4.5,2.722222,21,21,0,4,0.13,0.052,e,15,4 - Ultra processed food and drink products
8908014665289,French Yogurt,Mamie Yova,Yogurts,"Pasteurized Milk, Water, Stabilizer (INS 1442), permitted starter cultures, Active permitted starter cultures: (L. delbrueikil subsp. Bulgaricus, S. thermophilus). Contains probiotic cultures: (Bifidobacterium and Lactobacillus acidophilus).",52.4,1.08,1.07,6.33,4.2,0,3.44,0.1475,0.059,b,1,4 - Ultra processed food and drink products
8901648014843,Fruit Yoghurt Mango,Mother Diary,Fruit yogurts,"Milk, Sugar (12%), Milk Solids, Mango Pulp-4%, Active Lactic Culture Thickening Agent TINS 1442), Dried Citrus Pulp, Nature-Identical Flavouring Substances and Synthetic Food Colours (INS 102 & INS 118)",132,4.6,3.2,18.5,18.5,0,4.1,0.1355,0.0542,c,8,4 - Ultra processed food and drink products
8901262150217,Amul Taaza milk 500ml,Amul,"Toned milks, Whole milks","Milk (Fat 3.0% minimum, SNF 8.5% minimum)",58.2,3,2,4.8,4.8,0,3,0.0925,0.037,c,3,1 - Unprocessed or minimally processed foods
8906016413112,Thick Shake Chocolate Flavour,Godrej Jersey,Chocolate milks,"Milk solids, Sugar, Cocoa solids (1.4%), Stabilizers and Emulsifiers (INS 407, INS 412 & INS 471), Sequestrants (INS 331(iii) & INS 339(ii), lodized Salt, Nature Identical Flavouring Substanca (Chocolate)",109,3,2.4,17.3,16.8,0,3.2,0.11025,0.0441,e,15,4 - Ultra processed food and drink products
0748927066692,Whey,Gold Standard,"Protein powders, whey powder","Protein Blend (93%) (Whey Protein Isolate, Whey Protein Concentrate, Hydrolysed Whey Protein) (Emulsifier: INS 3221), Cocoa Powder (Processed With Alkali), Artificial Flavours (Chocolate, Vanilla), Sweetener (INS 950).",384.868421,3.289474,1.644737,9.868421,0,0,78.947368,0.411184,0.164474,not-applicable,0,4 - Ultra processed food and drink products
8901262202046,Amul Lassi,Amul,Yogurt drinks,"Milk solids, water, sugar, thickener (440), artificial flavouring substances (rose), active culture. Allergen Information: Contains milk.",142,4,2.4,0,22.5,0,3.9,0.13,0.052,e,15,4 - Ultra processed food and drink products
8901262090469,T-Special Premium Dairy Whitener,Amul,"Dairies, Dairy-w, Dairy-whitener","Milk solids, sucrose",460,20,12,50,50,0,20,0.675,0.27,e,32,3 - Processed foods
8906016410029,Godrej Jersey Full Cream Milk,"Godrej, Jersey",Milks,"Milk solids, Vitamin A (Retinyl palmitate), Vitamin D2 (Ergocalciferol)",88,6,4.1,5.3,5.3,0,3.2,0.105,0.042,e,10,1 - Unprocessed or minimally processed foods
8906016781129,Desi Ghee,Sifti,"Butters, ghee",Milk Fat,897,99.7,64.8,0,0,0,0,0,0,e,20,2 - Processed culinary ingredients
8901262180146,Amul Malai Paneer,Amul,"Paneer, Cottage cheeses","Milk Solids, Citric Acid",312,24,14.4,4,4,0,20,0.06,0.024,c,7,3 - Processed foods
8906143891753,Whey Protein Cold Coffee,The Whole Truth,"Protein powders, whey powder","whey isolate, whey concentrate, coffee, dates, milk, monk fruit juice concentrate, bromelain and sunflower lecithin.",382.857143,2.857143,1.142857,18,11.428571,4.571429,70.857143,0.425714,0.170286,not-applicable,0,4 - Ultra processed food and drink products
8908003249728,Organic Cow Milk,Akshayakalpa Organic,UHT Milks,Cow Milk,62.2,3.4,2.38,4.7,4.7,0,3.21,0.12275,0.0491,c,3,1 - Unprocessed or minimally processed foods
8904037212721,Cow Ghee,Soul Flavor (Modicare),"Butters, Cow ghee",hdentMikFat Manutactured Under Mostygesic Condtions Untouched by Hand.,0,99.7,0,0,0,0,0,0,0,unknown,0,
8901262152341,Amul Kool Premium Kesar Flavour,Amul,Dairy drinks,"Toned milk, sugar, milk solids, artificial flavouring substances (kesar), colours (102,110).",91.111111,3.166667,1.944444,12.5,12.5,0,3.111111,0.108333,0.043333,e,13,4 - Ultra processed food and drink products
8906024482056,Dodla Ghee,Dodla,"Butters, ghee",Milk Fat 99.7%,897,99.7,63,0,0,0,0,0,0,unknown,0,2 - Processed culinary ingredients
8906059635021,Epigamia Greek Yogurt Strawberry,epigamia,"Fruit yogurts, Greek-style yogurts","Pasteurized double toned milk, processed strawberry pulp, stabilizer & thickener-pectin E440, acidity regulator-malic acid E296, thickener-pectin E440  Added Active Live Cultures: S.Thermophilus, L.Bacillus Delbruecki Subsp  CONTAINS PERMITTED NATURAL COLOUR (E160c/E163c)",110.66,1.96,0,17,0,0,6.25,0,0,unknown,0,4 - Ultra processed food and drink products
8908003249032,Organic Cow Milk,Akshayakalpa Organic,Milks,Cow Milk,61.5,3.5,2.4,4.2,4.2,0,3.3,0.11875,0.0475,c,3,1 - Unprocessed or minimally processed foods
8901262180429,High Protein Paneer,Amul,"Paneer, Cottage cheeses",,170,6,0,4,0,0,25,0,0,unknown,0,
8906016413259,Jersey Curd,,Curd,"Homogenized Pasteurized Toned Milk, Milk solids & Active Culture",60.6,3,2.4,5.2,5.2,0,3.2,0.08125,0.0325,b,2,1 - Unprocessed or minimally processed foods
8906084521597,Low Fat Paneer,Desi Farms,Paneer,"Milk & Milk Solids, Citric Acid",156,8,4.7,4,1.2,0,17,0.155,0.062,a,-1,3 - Processed foods
8906059636752,epigamia TURBO 50g protein yogurt,epigamia,Yogurts,,65,0.1,0,4,4,0,12,0.155,0.062,unknown,0,
8908003249834,Organic Plain Buttermilk,Akshayakalpa Organic,Buttermilks,,27.8,1.2,0.96,2.8,2.35,0,1.45,0.66,0.264,c,3,
5059883417059,Impact Whey Protein,My Protein,"Protein powders, whey powder","Whey Protein Concentrate (93.1%) (Emulsifiers: Soy lecithin & Sunflower lecithin), Natural & Nature Identical & Artificial Flavours (Mango), Natural Colour (Beta Carotene), Sweetener (Sucralose). ALLERGENS: Contains Milk and Soy. Manufactured in a facility which processes Oats, Wheat and Nuts. THIS CONTAINS SUCRALOSE. CONTAINS NON-CALORIC SWEETENER. INSTRUCTIONS FOR USE: Protein contributes to the growth & maintenance of muscle mass, so to reap the benefits of MYPROTEIN 4671 this product we recommend adding 30g (approx 1 scoop) to 250ml of water or milk, consume 30 minutes before and/or after your exercise. Recommended Usage: 30g (approx. 1 scoop) per day. IMPORTANT INFORMATION: This product is not to be used as a substitute for a varied diet. This product is intended to be used alongside an active lifestyle and a balanced diet.",115.5,1.75,1.07,3.44,1.41,0,21.5,0.128525,0.05141,not-applicable,0,4 - Ultra processed food and drink products
8906009440569,Saras Chhach,Saras,"Dairy drinks, Buttermilks",,31,1.5,0.8,2.1,2.1,0,2.4,0.075,0.03,b,0,
8906117360995,Country Delight Low Malai Milk,Country Delight,Milks,Milk,57,3,2,4.5,4.5,0,3.2,0.1125,0.045,b,1,1 - Unprocessed or minimally processed foods
8901262261425,Amul A2 Gir Cow Fresh Milk,Amul,"Whole milks, Cow milks",Milk,67,4,3,4.7,4.7,0,3,0.12,0.048,c,5,1 - Unprocessed or minimally processed foods
8908011774670,Srinivasa Full Cream Milk,Srinivasa,Milks,Milk & Milk Solids,85,6,3.5,4.8,0,0,3.4,0.3475,0.139,unknown,0,1 - Unprocessed or minimally processed foods
8901262060028,Spicy Garlic Cheese Spread,Amul,Cheese spreads,,276,20,13,12.8,12.8,0,11.2,2.25,0.9,e,23,
8906059636745,Turbo 17g Greek Yogurt,Epigamia,Yogurts,,65,0.071429,0,4,4,0,12.142857,0.155357,0.062143,a,-4,
0787099803988,Sid's Farm Skim Milk,Sid's Farm,Milks,Milk,41,0.3,0.2,5.7,5.1,0,3.6,0.125,0.05,b,0,1 - Unprocessed or minimally processed foods
8904124111272,Ananda Chach,Ananda,Buttermilks,"Milk Solids, Potable Water, Active Lactic Culture.",26,1,0.65,2.3,2.19,0,2.1,0.295,0.118,b,1,
8904057305106,Arun Ice Cream Shake,Arun,Milkshakes,"Milk Solids, Sugar, Water, Liquid Glucose, Fructose, lodised Salt, Humectant (422), Emulsifier (471), Stabilizers (410, 412 & 407), Color (133), Natural & Nature-Identical Flavoring Substances. Alls",203.5,9.1,1.6,26.7,26.7,0,3.7,0.198,0.0792,e,14,4 - Ultra processed food and drink products
8906019270026,Yakult Lite Mango,Yakult,"Dairy drinks, Fermented drinks","Water, Sugar, Skimmed Milk Powder, Glucose, Stabilizer (Pectin), Sweetener (Steviol Glycoside), Vitamin E. (7) OTHER 15% 15% Vitamin D. Probiotic-Lactobacillus casei strain Shirota,",36.923077,0.153846,0,7.692308,6.153846,0,1.230769,0.048077,0.019231,unknown,0,4 - Ultra processed food and drink products
8906051562837,Flexi creame analogue,Flexi,Dairy by-products,,248,25,0.68,3.47,1.46,0,1.2,0.233,0.0932,c,4,
8901548310403,DoodhShakti,Nutralite,Butters,"Butter (82.5%), Water, Common Salt, Emulsifiers (INS 471, INS 322), Preservatives (INS 202, INS 200), Acidity Regulator (INS 330), Nature Identical (Butter) Flavouring Substances, Probiotics (L. rhamnosus UALr-06, L. reuteri UALre-16), Starch, Vitamins, Sequestering Agent (INS 385), Antioxidant (INS 319), Natural Colour (INS 160a (ii)). ALLERGENS: CONTAINS MILK AND SOY. Contains probiotics* 10 CFU/g",632,70,48,0.1,0.04,0,0.5,2.4575,0.983,e,32,4 - Ultra processed food and drink products
8906020580565,Creamy Thick Curd,ID,Curd,,65.51,3.36,1.33,4.93,0,0,3.89,1.180075,0.47203,unknown,0,
8908024361393,High Protein Milk,Provilac,Milks,,64,0.16,0.08,5.2,5.2,0,10.4,0.075,0.03,b,2,
8906001020202,Go Cheese Slices,Gowardhan,"Cheeses, Cheese Slices",,285,24,15,2,0,0,14,2.5,1,e,20,
8949965715135,Heritage Cow Milk,Heritage,Cow milks,"Milk Solids (Cow Milk), Vitamin A Palmitate",58.8,3.2,2.1,4.5,2.1,0,3,0.1,0.04,c,3,1 - Unprocessed or minimally processed foods
8901826224002,Kheer,Verka,Dairy desserts,"Milk Solids, Sugar, Rice & Cardamom, CONTAINS PERMITTED CLASS II PRESERVATIVE (E 211)",114,3.4,2.2,17,17,0,4,0.1925,0.077,c,6,3 - Processed foods
8904089994293,Heritage Toned UHT Milk,Heritage,UHT Milks,"Milk Solids (Toned Milk), Vitamin A (Palmitate) & Vitamin D (Ergocalciferol)",58,3,2,4.5,0,0,3.1,0.1,0.04,unknown,0,1 - Unprocessed or minimally processed foods
8906045140843,Whey protein,Nutrabay,whey,MANUFACTURED IN INDU,357.22,0,0.67,5.66,0.00169,0,80.63,0,0,a,-6,
8904083301097,Pizza Cheese Mozzarella Diced,Milky Mist,Cheeses,,288.5,21,12.8,2.6,2.6,0,22.3,0.4825,0.193,c,8,
8908000794276,Shrikhand,,Dairy desserts,"Chakka, Sugar, Elaichi, Nutmeg",267,7,6.1,45.4,45.1,0,5.5,0.05975,0.0239,e,22,3 - Processed foods
8906159980007,Humpy Farms A2 Milk,Humpy Farms,Milks,Cow Milk,62,3.5,2,4.7,4.7,0,3,0.11,0.044,c,3,1 - Unprocessed or minimally processed foods
8906117360346,Country Delight Paneer,Country Delight,Paneer,"Buffalo Milk, Citric Acid (INS 330)",261,21.1,14.8,2.3,2.3,0,15.7,0.065,0.026,c,7,3 - Processed foods
8906117360018,Country Delight Curd,Country Delight,Curd,"Double Toned Milk, Active Lactic Culture",63,3,2.4,5.4,5,0,3.7,0.125,0.05,b,2,
8904221694784,Atom Whey Protein Creamy Strawberry,As It Is,"Protein powders, whey","WITH PROBIOTIC BLEND L-VALINE L-LYSINE AMINO ACID PROFILE PER SERVING IN GRAMS L-THREONINE 2.8 1.5 HIGH BIOLOGICAL VALUE DELIGHT YOURSELF L-METHIONINE L-PHENYLALANINE 0.8 L-TRYPTOPHAN 0.5 L-HISTIDINE 0.5 BCAA (Branched Chain Amino Acid) 5.8 NO ADDED SUGAR AUTHENTICATE WITH QR CODE & SCRATCH CODE EAA (Essential Amino Acid) 12.5 L-ARGININE 0.8 L-ASPARTIC ACID 2.8 L-CYSTEINE 0.4 L-ALANINE L-GLYCINE 1.4 0.5 15 1.3 0.8 ATOM Whey Protein comes with a power-packed combination of Whey Protein Isolate & Whey Protein Concentrate blended with DigeZyme & Probiotic Blend that makes it easy to digest & gentle on gut. The lip-smacking flavours make the overall experience of consuming whey a delightful one. Warning: Not intended for use by pregnant or lactating women. If you are on any medication, consult your doctor before use. Avoid this if you are allergic. Discontinue use and consult your doctor or health care professional if any adverse reaction occurs. Duration of Use: Consume at your discretion or as suggested by your healthcare professional CONTAINS NON-CALORIC SWEETENER FOR CALORIE CONSCIOUS | CONTAINS SUCRALOSE ALLERGEN INFORMATION: CONTAINS MILK & MILK PRODUCTS, MANUFACTURED IN A FACILITY THAT ALSO PROCESS SOY PRODUCTS Keep in cool & dark place, away from direct sunlight, once open",377.777778,2.777778,1.666667,13.055556,0,0,75,0,0,not-applicable,0,
8906117361138,Country Delight Shrikhand,Country Delight,Dairy desserts,"Chakka (57%), Mishri (42%), Almond Pieces (1%), Pistachio Pieces (1%), Nutmeg & Common Salt",291,6.7,4.8,50.6,46.7,0,7.1,0.0525,0.021,e,20,3 - Processed foods
8901262201902,Amul Stirred Fruit Yoghurt Pineapple,Amul,Fruit yogurts with fruit chunks,,138,3.7,2.3,20,20,0,5.5,0.175,0.07,c,6,
8906010090982,Chilli Cheese,D'lecta,Cheeses,"Cheese, Milk solids, Water, Chilli, Iodized salt, Stabilizers (INS 331 (iii), INS 339 (ii)), Preservative (INS 200 & INS 235)",277.54,21.36,12.62,14.14,0,0,8.4,3.9659,1.58636,e,29,3 - Processed foods
8904057395602,Curd,HATSUN,Curd,Pasteurized Toned Milk & Starter Culture Allergen Information: Contains Milk Made from Toned Milk,65,5.4,2.1,5.1,5.1,0,9.4,0,0,b,1,
8906019580224,Urja Lassi,Urja,"Flavoured buttermilks, Lassi","Milk Solids (Malai Curd), Potable Water, Sugar, Salt, Starter Culture, CONTAINS ADDED FLAVOUR(S) (NATURE IDENTICAL & ARTIFICIAL FLAVOURING SUBSTANCES-ROSE FLAVOUR) NO PRESERVATIVES.",134,3,1.8,24.8,24.8,0,1.9,0.18,0.072,e,18,4 - Ultra processed food and drink products
8908012987178,TruNativ Raw Whey Isolate Unflavored,TruNativ,whey powder,"Whey Protein Isolate (87%), Enzyme Blend DigeZyme",377.142857,2,0.571429,3.142857,0,0,86.857143,0.64,0.256,a,0,4 - Ultra processed food and drink products
8904083309178,LACTOSE FREE MILK,Milky Mist,Lactose-free milk,,58,3,1.9,5,5,0,3,0.1175,0.047,c,3,
8908002753226,Red Cow Gold Toned Milk,Red Cow,Milks,"Milk, Milk Solids & Water",64,3.6,2.5,4.8,0,0,3,0.1,0.04,unknown,0,1 - Unprocessed or minimally processed foods
8906027714154,Paneer,Govind,Paneer,"Standardized Milk, Citric Acid (INS 330)",318,24.84,16.02,7.36,7.36,0,16.2,0.241075,0.09643,c,10,3 - Processed foods
8901071732598,HERSHEY'S,Hershey's,Milkshakes,"Water, Milk Solids (#11%), Sugar, Mineral (Calcium carbonate), Emulsifiers (460), 466,471), Flavours (Artificial Flavouring Substances - Kaju Kathli and Butterscotch Ice cream), Stabilizers (415, 407), Sequestrant (339(i)), Mineral (Zinc Sulphate), Vitamin E (Acetate, Vitamin A (Acetate), Vitamin D2 (Ergocalciferol), Vitamin B1 (Thiamine Chloride Hydrochloride), Vitamin B2 (Riboflavin), Edible Common Salt, Synthetic Food Colour (110) and Cashew Paste (#0.002%) ALLERGEN INFORMATION: CONTAINS MILK AND NUT",88.333333,1.777778,1.388889,16.111111,16.111111,0,1.666667,0.143056,0.057222,e,18,4 - Ultra processed food and drink products
8906016415734,Buttermilk,"Godrej, Jersey",Buttermilks,"Water, Milks, Common salt, Spices & Condiments",23.4,1.4,1.1,1.5,1.3,0,1.1,0.745,0.298,c,4,3 - Processed foods
8904093300028,Paneer,Milky Mist,Paneer,Milk Solids & Vinegar. Allergen Information: Contains. Milk.,283,22,12,5.1,5.1,0,16.1,0,0,c,8,3 - Processed foods
8904083311010,Shredded Mozzarella Cheese,Milky Mist,Cheeses,"Pasteurized Milk, Microbial Culture, Microbial Enzyme, Iodized Salt.",288.6,21,12.8,2.6,2.6,0,22.4,0.4825,0.193,c,8,3 - Processed foods
8906137053242,PROBIOTIC CURD,Milma,Curd,Milk Solids (Toned milk) & Active Starter Culture.,60.6,3,2,4.6,4.6,0,3.8,0.125,0.05,b,1,
8901262153645,Half and Half Cream,Amul,Creams,"Milk solids, water, emulsifiers [4600), 464, 471, 472b, 472e].",162,15,9,4.2,4.2,0,2.5,0.0475,0.019,d,12,4 - Ultra processed food and drink products
8906036674081,Toned Milk,Nandini,Milks,,71,4.1,2.7,5.1,5.1,0,3.5,0.125,0.05,c,5,
8906153561707,Mango Lassi,"GoodLife, Nandini","Flavoured milks, Mango lassi","Milk Solids (Double Toned Milk Curd), Pasteurised Chilled Water, Sugar, Mango Pulp (6%), Stabilizers (INS 466, INS 451, INS 415, INS 440, INS 331), Acidity Regulator (INS 270), Synthetic Food Colour (INS 110, INS 102), Nature Identical & Artificial Flavours (Mango)",75,0.5,0.3,16,15.8,0,1.7,0.055,0.022,e,15,4 - Ultra processed food and drink products
8901058022384,Dahi,Nestlé,Curd,,53,3,2.4,4.1,2.3,0,2.9,0.09225,0.0369,b,1,
8906060691177,Paneer,Pragati,Paneer,"Milk, Milk Solids, Citric Acid & Common Salt",289,25,15,2,0,0,14,0,0,unknown,0,3 - Processed foods
8906043700148,Cow Milk,Omfed,Dairies,Milk,64,3.5,2.3,4.8,0,0,3.3,0.0925,0.037,b,1,1 - Unprocessed or minimally processed foods
4901488010320,Butter,Amul,Butters,"Butter, iodized salt, natural colour (annatto)",724,80,48,0,0,0,0,2.3875,0.955,e,30,4 - Ultra processed food and drink products
8908017853003,Barosi A2 Desi Cow Ghee,Barosi,"Milkfat, ghee",A2 Cow Milk Fat,900,99.9,73.8,0,0,0,0,0,0,e,20,
0748927065794,Gold Standard Whey (Vanilla Ice Cream Flavour),Optimum Nutrition,whey powder,"Protein Blend (93%) (Whey Protein Isolate, Whey Protein Concentrate, Hydrolysed Whey Protein) (Emulsifier: INS 322i), Artificial Flavours (Vanilla, Cream, Cookie, Waffle Cone), Thickeners (INS 466, INS 415), Sodium Chloride, Sweeteners (INS 955, INS 960).",387,3,2,13,3,0,77,0.8075,0.323,b,2,4 - Ultra processed food and drink products
8906133026233,Double Rich Chocolate Impact Whey Protein,Nakpro,"Bodybuilding supplements, whey powder",,368.888889,2.844444,1.555556,32.444444,0,0,53.333333,0,0,not-applicable,0,
5400119019149,Creme fraiche,Delhaize,Crèmes fraîches,"Creme (23% M.G.), eau, amidon modifié de mais, stabilisant (carboxyméthylcellulose)",215,20.2,14.1,5.1,3.2,0.3,2.3,0.1,0.04,d,14,4 - Ultra processed food and drink products
8902979052405,Cavins butterscotch milkshake,Cavin’s,Milkshakes,"Milk (89%) Sugar, Stabilizers (INS 415, INS 412, INS 407), Sequestering Agent (INS 452(i) Edible Common Salt, Cashew Powder (0.05%), and Emulsifier (INS 436). CONTAINS PERMITTED SYNTHETIC FOOD COLOUR (INS 1101 AND ADDED FLAVOUR NATURE IDENTICAL AND ARTIFICIAL (BUTTERSCOTCH FLAVOURING SUBSTANCES)",109,4,0,15,10.6,0,3.2,0,0,unknown,0,4 - Ultra processed food and drink products
8904057396739,Flaovoured Milk - Chocolate,Hatsun,"Flavoured milks, Sweetened beverages","Milk Solids (Double Toned Milk), Sugar, Cocoa Solids (1.7%) and Natural Vanila Extract CONTAINS ADDED NATURAL FLAVOUR",180,3,2,32,32,0,7,0,0,unknown,0,3 - Processed foods
8908001700184,Namaste India,Namaste India,Pasteurised milks,MILK,73.18,3.1,2.23,7.8,0,0,3.52,0.108331,0.043332,b,2,1 - Unprocessed or minimally processed foods
3073781051872,Queso,picon,Cheese spreads,,268,23,15.5,6,6,0,10,0.65,0.26,d,13,
8901826301574,Verka toned homogenized milk,Verka,Whole milks,"Milk SNF 8.5%, Milk Fat 3.0%",58.2,3,1.9,4.8,0,6.9,3,0,0,b,-4,1 - Unprocessed or minimally processed foods
8908000407008,Goat Cheese,Flanders Dairy Products,Goat cheeses,"Pasteurised Goat Milk, Lactic acid culture, common salt, permitted class 2 preservative",205,15,15,3.5,0,0,14,0,0,c,7,3 - Processed foods
7622201149437,Dairy milk milk chocolate,Mondelez,Dairies,,534,28.9,17.5,60.4,57.3,0,8.1,0.156,0.0624,e,31,
8906049972433,Sudha Shakti Milk,Sudha,Milks,Milk,72.3,4.5,0,4.95,0,0,3,0,0,unknown,0,1 - Unprocessed or minimally processed foods
8901058842142,a+ slim,Nestlé,UHT Skimmed milks,Skimmed Milk,34,0.2,0.1,5,5,0,3,0.125,0.05,b,-1,1 - Unprocessed or minimally processed foods
8904221699383,asitis,asitis,whey powder,,0,0,0,1,0,0,27,0,0,unknown,0,
8901262040051,Shrikhand Elaichi,Amul,Dairy desserts,,237,5,2.9,42,41,0,5.3,0,0,unknown,0,
8908014047023,Smoked Cheese,Soft spot,Cheeses,"Water, potato starch, coconut oil, cashews, corn starch, salt, vegan flavours, carrageenan, nutritional yeast, lactic acid, annatto",288,25.2,19.2,13.2,0,0,1.6,1.78,0.712,e,21,4 - Ultra processed food and drink products
8901262152945,Protein Lassi - Mango flavour,Amul,Yogurt drinks,"Milk solids, water, sweeteners (965, 960), mango fruit compound (2.3%), stabilizers (440, 418), acidity regulator (330), nature identical and artificial flavouring substances (mango), active culture, colours (160(b), 102, 110]. Allergen Information: Contains milk.",60,0.32,0.2,12.6,4,0,6,0.09652,0.038608,d,7,4 - Ultra processed food and drink products
8901719120732,Krack Jack,Parle,"Fermented milk products, Snacks, Sweet&saltycrackers","REFINED WHEAT FLOUR (MAIDA), REFINED OILS (PALMOLEIN AND PALM), SUGAR (19.1%), RAISING AGENTS [503( ii ), 500(ii) ,341(1), INVERT SUGAR SYRUP, IODISED SALT(0.9%), YEAST, ACIDITY REGULATORS [ 270, 296 1, FLOUR TREATMENT AGENTS [223, 1101(ii), 1100(1)1, EMULSIFIER OF VEGETABLE ORIGIN [472e]",489,19.9,9.4,70.5,19.6,0,6.8,0.9275,0.371,e,24,4 - Ultra processed food and drink products
8906064651474,Cheesy Sauce,Wingreens Farms,"Cheese sauces, Cheese spreads","Refined Sunflower Oil, Water, Sugar, Cheese Powder (3%), Liquid Glucose, Milk Solids, lodized Salt, Thickeners (INS 415 & INS 1442), Acidity Regulators (INS 260 & INS 330), Yeast Powder, Preservatives (INS 200 & INS 211), Antioxidant (INS 386), Nature-Identical Flavouring Substances.",492,50.5,8.5,8.3,6.5,0,1.1,2.16306,0.865224,e,25,4 - Ultra processed food and drink products
2000000136641,Amul Cheese Slices,Amul,"Cheeses, Processed cheese in slices","Cheese, milk solids, emulsifying salts (452, 339, 341, 331), iodized salt, class Il preservatives (200, 234)",311,25,16,1.5,0,0,20,3,1.2,e,20,4 - Ultra processed food and drink products
8906036676665,Nandini goodlife pista flavouring milk,Nandini,"Milks, Flavoured milks","Milk Solids & Sugar Contains Permitted Stabilizers ((INS 407, INS INS 466), Synthetic Food Colours (INS 102&S 133), Added Flavours (Nature Identical and Artificial Flavouring substances-Pista)",93,3.1,2,13.3,13.3,0,3,0,0,e,14,4 - Ultra processed food and drink products
8908013172269,Strawberries & Cream Protein Milk Shake,Phab,Milkshakes,,69.5,2,0.35,4.5,0.9,1.25,9,0.1875,0.075,b,0,
8902979005623,Cavins Rabdi Milkshake 170ml,Cavin's,"Dairy drinks, Sterilised flavoured standardized milk","Standardized milk, Sugar, Milk solids, Flavour (Nature Identical and Artificial (Rabdi & Condensed milk) Flavouring substance), Sequestrant (INS 339 (i)), Emulsifier (INS 471), Stabilizer (INS 407) Allergen Advice: Contains _milk_",241.5,0,0,0,0,0,0,0,0,unknown,0,4 - Ultra processed food and drink products
8906036674739,Special Toned Milk,nandini,"Pasteurised milks, Toned milks","Milk Solids, Added Vitamin A & Vitamin D Milk Fat: 4.0% (Min.), Milk SNF: 9.0% (Min.)",71,4.1,2.7,5.1,5.1,0,3.5,0,0,unknown,0,1 - Unprocessed or minimally processed foods
8901071732468,Milkshake vanilla Ice cream flavor,Hershey's,Flavoured milks,"Water, Milk Solids (#11%), Sugar, Mineral (Calcium carbonate), Emulsifiers (460(i),466, 471), Flavours (Artificial (Vanilla Ice cream & Vanilla) and Nature Identical Flavouring Substances), Stabilizers (415, 407), Sequestrant (339(ii)), Mineral (Zinc Sulphate), Vitamin E (Acetate), Vitamin A (Acetate), Vitamin D2 (Ergocalciferol), Vitamin B1 (Thiamine Chloride Hydrochloride), Vitamin B2 (Riboflavin) and lodized Salt ALLERGEN INFORMATION: CONTAINS MILK",90,1.777778,1.388889,16.666667,16.111111,0,1.666667,0.143056,0.057222,e,12,4 - Ultra processed food and drink products
8901622072012,Vijaya Vajra,Vijaya,UHT Milks,"Milk, Milk Solids Enriched with Vitamin A & D",49,1.6,1,5.1,5.1,0,3.5,0,0,unknown,0,1 - Unprocessed or minimally processed foods
8901018028531,Pasteurised Unsalted Cooking Butter,Nilgiris,"Pasteurized butters, Unsalted butter with 82% fat",_Milk_ Fat,722,80,51,0,0,0,0.5,0,0,unknown,0,2 - Processed culinary ingredients
8908011832004,Malai Paneer,Indiska Farms,Paneer,"Milk Solids, Citric Acid (E330) & Edible Common Salt.",225,22,0,1,0,0,13.3,0,0,unknown,0,3 - Processed foods
8901553111040,Rich milk,Keventer,Milks,Milk,76,4.6,3,5.07,0,0,3.05,0.08,0.032,unknown,0,1 - Unprocessed or minimally processed foods
8901262110068,Sagar Skimmed Milk Powder,Amul,Skimmed milk powder,Skimmed milk powder,357,1,0.5,52,52,0,35,1.25,0.5,unknown,0,3 - Processed foods
8906080810237,Skimmed Milk Powder,Farmer Fresh,"Skimmed milks, Milk powders",skimmed milk solids,361,1.5,0,52,0,0,35,0,0,unknown,0,1 - Unprocessed or minimally processed foods
89008430,Nescafe Iced Latte,Nescafe,"Flavoured milks, Iced coffees, Ready-to-Drink Coffee","Toned milk (87%), Sugar, Coffee (0.7%), Acidity regulator (340), Nature-Identical flavoring substances and Stabilizer (407). Contains Milk.",88,3.1,2.4,12.1,8.5,0,3,0.08225,0.0329,e,12,4 - Ultra processed food and drink products
8907848000129,Suprabhatam UHT Processed Toned Milk,Vijaya Telangana,Pasteurised milks,Milk Solids,58.2,3,0,4.7,0,0,3.1,0,0,unknown,0,1 - Unprocessed or minimally processed foods
8901262152303,Camel Milk,Amul,Milks,Camel Milk,90,4,2.6,7.6,7.6,0,4.4,0.225,0.09,e,11,
8901262152136,Milk Shake Double Chocolate,Amul,Chocolate milks,"Double toned milk, sugar, dark chocolate (7.5%), milk chocolate (1.9%), stabilizer (407), artificial flavouring substances (cocoa, vanilla). Allergen Information: Contains milk.",115,5,2.8,15.2,14.6,0,3.1,0.0925,0.037,e,15,4 - Ultra processed food and drink products
8904089916134,Goodness Standardised Milk,Heritage,Milks,"Milk Solids (Standardised Milk), Vitamin A Palmitate & Vitamin D (Ergocalciferol)",71.8,4.5,3,4.6,0,0,3.1,0.1,0.04,b,2,1 - Unprocessed or minimally processed foods
8906017290125,Vedica,Bisleri,Natural mineral waters,,0,1,1,0,0,0,0,0,0,a,0,1 - Unprocessed or minimally processed foods
8902579103170,Frooti,"Frooti, Parle Agro","Fruit juices, Sweetened beverages, Ready to serve fruit drink","WATER, SUGAR, MANGO PULP (11.2%), ACIDITY REGULATORS [INS 330, INS 331 (iii)], NATURE - IDENTICAL FLAVOURING SUBSTANCES (MANGO), STABILIZERS (INS 466, INS 415), PRESERVATIVE (INS 211), ANTIOXIDANT (INS 300), FOOD COLOUR (INS 110) AND ANTIFOAMING AGENT (INS 900a). (INS-INTERNATIONAL NUMBERING SYSTEM).",62.9,0,0,15.7,15.6,0,0,0.0635,0.0254,e,15,4 - Ultra processed food and drink products
8904272600154,Storia Tender Coconut Water,Storia,"Waters, Coconut waters",,20,0,0,5.1,0,0,0.1,0.0525,0.021,b,1,1 - Unprocessed or minimally processed foods
3948764011252,CocaCola,Coca Cola,"Colas, Sweetened beverages",,44,0,0,10.9,10.6,0,0,0.02125,0.0085,e,12,
8902080404094,Mango Slice,PepsiCo,Sweetened beverages,"CREDIENTS: WATER, SUGAR, *CONCENTRATED MANGO PULP & NIPHONSO MANGO PULP (14% MANGO PULP), ACIDITY REGULATOR (330), STABILIZERS (466, 440), FLAVOUR(NATURAL AND NATURE IDENTICAL FLAVOURING SUBSTANCES), PRESERVATIVE/202), COLOUR(110) 14% MANGO PULP IN RECONSTITUTED BEVERAGE",64,0,0,15.9,15.5,0,0,0.023,0.0092,e,15,4 - Ultra processed food and drink products
8902579001599,Frooti,,Sweetened beverages,"WATER, SUGAR, MANGO PULP (11.2%), ACIDITY REGULATORS (INS 330, INS 331(iii)], STABILIZER (INS 466) NATURE-IDENTICAL FLAVOURING SUBSTANCES (MANGO), PRESERVATIVE (INS 211), ANTIOXIDANT (INS 300) AND FOOD COLOUR (INS 110).",63.2,0,0,15.8,15.6,0,0,0.06525,0.0261,e,15,4 - Ultra processed food and drink products
8902346050560,Enerzal Orange Flavour,"Enerzal, FDC",Energy drink without sugar and with artificial sweeteners,"Sucrose (69%), Glucose (21%), Acidity Regulators (INS 330, INS 331(i), INS 339(i)), Nature Identical Flavouring Substance (Orange flavour), Sodium Chloride, Potassium Chloride, Magnesium Sulphate, Calcium Lactate",360,0,0,90,90,0,0,15.833333,0.95,e,40,4 - Ultra processed food and drink products
8901764032400,Sprite Lemon Lime flv Coke Brand 2ltr,"The Coca-Cola Company, कोका कोला क","Sodas, Carbonated waters","CARBONATED WATER, SUGAR, ACIDITY REGULATORS (330, 331(i)), PRESERVATIVE (211), FLAVOURS (NATURAL FLAVORING SUBSTANCES",49,0,0,12.2,11.7,0,0,25.65,10.26,unknown,0,4 - Ultra processed food and drink products
8901764042805,Thums Up,Coca-Cola,"Colas, Sweetened beverages","CARBONATED WATER, SUGAR, ACIDITY REGULATOR (338), CAFFEINE (81 mg/100 g), SWEETENER (960), COLOUR (150 d), FLAVOURS (NATURAL, NATURE-IDENTICAL & ARTIFICIAL (COLA) FLAVORING SUBSTANCES)",39,0,0,9.7,9.5,0,0,0.055,0.022,e,15,4 - Ultra processed food and drink products
8902080002771,Tropicana Fruitz,"Tropicana, Pepsico",Fruit juices,"WATER, SUGAR, CONCENTRATED MIXED FRUIT JUICE 2.5% (FROM APPLE, MANGO, GUAVA, ORANGE BANANA, APRICOT, PEACH) ACIDITY REGULATORS (330, 331(iii)), STABILIZERS (466, 440), FLAVOUR (NATURAL AND NATURE IDENTICAL FLAVOURING SUBSTANCES), PRESERVATIVE (202), COLOUR (160a(i)).",48,0,0,12,11,0,0,0.095,0.038,e,12,4 - Ultra processed food and drink products
8904132975408,campa cola,Campa,Colas,"CARBONATED WATER, SUGAR, COLOUR (150d), ACIDITY REGULATORS (338, 331 ()), PRESERVATIVE (211), CAFFEINE (9.4 mg/100 ml), NATURAL FLAVOURING SUBSTANCES  MARKETED BY: RELIANCE CONSUMER PRODUCTS LIMITED,  FLOOR-4, PLOT 298/302, COURT HOUSE, LOKMANYA TILAK MARG, KALBADEVI, GREATER MUMBAI, MAHARASHTRA-400002",42,0,0,10.6,10.6,0,0,0.025,0.01,d,9,4 - Ultra processed food and drink products
8901030818660,Boost,Hindustan Unilever Limited,Beverages,"Cereal extract (49%) [Barley, Wheat, Millet), Malted Barley (Extracted solids) (21%), Sugar, Wheat Flour (Atta) (6.5%) Milk Solids (6%), Minerals, Wheat gluten, Natural Colour (INS 150 Acidity Regulators (INS 501, INS 500(ii)], Edible lodized Salt, Cocoa powder Vitamins, Soy Protein Isolate (0.28%), Nature-identical flavouring substances CONTAINS PERMITTED NATURAL COLOUR AND ADDED FLAVOUR (NATURE IDENTICAL FLAVOURING SUBSTANCES). 500100 Tengah +Based on an independent study conducted in 2009, the number of shuttles completed by Boost consuming children (aged 7-105 increased by 25% compared to 8% increase in children who consumed endurance. Study published in J Nutr. 141:2017-2023, 2011 fortified chocolate beverage, in a 20 m shuttle test measuring we A Boost is a nourishing beverage to be consumed as a part of your daily diet and exercise plan. PET",369,2.5,2.2,80,35,2,7.5,1.125,0.45,e,20,4 - Ultra processed food and drink products
8902080364053,Mountain Dew,Pepsico,Sweetened beverages,,49,0,0,12.3,0,0,0,0.02,0.008,unknown,0,
8901764041259,Thums Up 300ml can,Coca Cola,"Colas, Sweetened beverages","Carbonated Water, Sugar, Acidity Regulator (338), Caffeine. Contains permitted natural colour (150d) and added flavours (natural, nature-identical and artificial flavouring substances (cola flavour)).",42.5,0,0,10.5,10.5,0,0,0.00125,0.0005,e,12,4 - Ultra processed food and drink products
8901888040350,Real fruit power mixed fruit 1ktr tpk,,Multifruit juices,"Water, Concentrated Mixed Fruit Juice (12.03%) [From Apple, Orange, Guava, Apricot, Mango, Banana, Lime, Passion Fruit, Pineapple], Sugar, Acidity Regulator (INS 330), Antioxidant (INS 300), Stabilizer (INS 440), Colours [INS 160 a (ii) & (iii)] and Flavours (Natural & Nature identical Flavouring Substances). THIS CONTAINS 60% MIXED FRUIT JUICE CONTENT. within 5 days",52,0,0,13.4,13.1,0,0.2,0,0,e,14,4 - Ultra processed food and drink products
8901764012303,Coca-Cola,Coke,"Colas, Sweetened beverages","CARBONATED WATER, SUGAR, ACIDITY REGULATOR (338), CAFFEINE (8.7 mg/100 g), COLOUR (150d), FLAVOURS (NATURAL FLAVOURING SUBSTANCES)",44,0,0,10.9,10.6,0,0,0.02125,0.0085,e,12,4 - Ultra processed food and drink products
8901764042508,Coke Brand Thumbs up 2ltr,coca cola,Sodas,,0,0,0,10,10,0,0,0,0,unknown,0,
8902080104345,Pepsi Brand Drink 2.25 l,Pepsico,Beverages,,43,0,0,10.9,21.8,0,0,0.0075,0.003,unknown,0,
8901030783241,Lipton Green Tea honey lemon,"Lipton, Unilever",Green teas,"GREEN TEA, NATURAL FLAVOURING SUBSTANCES.",352,0,0,83,51,0,5,0.00025,0.0001,unknown,0,4 - Ultra processed food and drink products
8906080601767,Swing Lush Lychee,Paper boat,Beverages,"WATER, SUGAR, LYCHEE JUICE CONCENTRATE (1%)*, APPLE JUICE CONCENTRATE (0.7%), FLAVOURS (NATURE - IDENTICAL AND NATURAL FLAVOURING SUBSTANCES), ACIDITY REGULATOR (CITRIC ACID), STABILIZERS (CARBOXY METHYL CELLULOSE AND GUAR GUM), ANTIOXIDANT ASCORBIC ACID) AND VITAMIN D2.",64,0,0,16,15.9,0,0,0,0,e,15,4 - Ultra processed food and drink products
8901764022272,Fanta Orange Flv 750ml,The Coca-cola company,"Sodas, Sweetened beverages, Fanta","CARBONATED WATER, SUGAR, ACIDITY REGULATOR (330), STABILIZERS (414, 445), PRESERVATIVE (211), COLOUR (110), FLAVOURS (NATURAL & NATURE-IDENTICAL FLAVORING SUBSTANCES).",52,0,0,13,13,0,0,0,0,e,14,4 - Ultra processed food and drink products
8901725100025,B Natural Mixed fruit 1ltr tpk,ITC Limied,Fruit juices,"Water, Sugar, Banana Puree (6.8%), Guava Pulp (6.6%), Pineapple Pulp (3.2%), Mango Pulp (2.3%), Pomegranate Juice (0.8%), Polydextrose (Dietary Fiber) (0.54%), Litchi Pulp (0.3%), Acidity Regulator (INS 330), Stabilizers (INS 440, INS 466), Nature Identical Flavouring Substances, Natural Flavours and Natural Flavouring Substances, Vitamins and Colours (INS 171, INS 110, INS 102). May Contain Milk, Nut and Soy. Source of Dietary Fibre*, Rich in Vitamin C, Source of Vitamin E",48,0,0,12.36,11.64,0.72,0.1,0.003,0.0012,e,14,4 - Ultra processed food and drink products
8901542016226,Glucon-D Regular,Glucon-D,"Energy drinks, Glucose","Dextrose (Glucose) (99.4%), Minerals (Calcium Phosphates) and Vitamin D₂.",360,0,0,90,0,0,0,0,0,not-applicable,0,4 - Ultra processed food and drink products
8902579002046,Appy fizz,Parle Agro,Apple soft drinks,"WATER, SUGAR, CARBONATING AGENT (INS 290) ACIDITY REGULATORS [INS 296, INS 331(iii), INS 330], STABILIZER (INS 440), FOOD COLOUR (INS 150d), PRESERVATIVE (INS 211), ANTIOXIDANT (INS 300), NATURE-IDENTICAL FLAVOURING SUBSTANCE (APPLE)",56,0,0,14,13.9,0,0,0,0,unknown,0,4 - Ultra processed food and drink products
8901888000347,Cranberry Juice By Real,Real,Fruit juices,"Water, Sugar, Concentrated Cranberry Juice (1.8%)^, Concentrated Apple Juice (0.79%)^, Acidity Regulator (INS 330), Flavours (Natural and Nature Identical Flavouring Substances).  Antioxidant (INS 300) and Colour [INS 163 (ii)].",57,0,0,14.3,14.3,0,0.1,0.01375,0.0055,unknown,0,4 - Ultra processed food and drink products
8902346050133,Enerzal Orange Flavour,FDC,Energy drinks,"Water, Sucrose (5.63%), Reconstituted to (10.5%) Orange Juice from Orange Juice Concentrate, Glucose (1.64%), Acidity Regulators [INS 330, INS 331(i), INS 339(i)], Nature Identical Flavouring Substance (Orange) and Natural Flavour, Sodium Chloride, Potassium Chloride, Magnesium Sulphate, Calcium Lactate & Colour(INS 110)",33,0,0,8.27,8.27,0,0,0.1775,0.071,d,9,4 - Ultra processed food and drink products
8854761951413,Real Almond Milk,"137 Degrees, 137 ดีกรี","Vegetables based foods, Almond-based drinks","Lait d'amande frais 95% Des amandes entières cultivées en Californie, aux Etats-Unis Extrait de fleur de tournesol 5%",33.333333,2.777778,0.277778,0.555556,0,0,1.111111,0.013889,0.005556,b,2,
19017648,The Coca Cola Company,Thumbs Up,"Artificially sweetened beverages, Colas, Sweetened beverages","CARBONATED WATER, SUGAR, ACIDITY REGULATOR (338) CAFFEINE (8.1 mg/100 g), SWEETENER (960), COLOUR (150 d), FLAVOURS (NATURAL, NATURE-IDENTICAL & ARTIFICIAL (COLA) FLAVOURING SUBSTANCES).",39,0,0,9.7,9.5,0,0,0,0,e,15,4 - Ultra processed food and drink products
8906080601934,Swing Juicier Drink Yummy Guava,Paper boat,"Fruit juices, Guava Juices","WATER, GUAVA PUREE (14%). SUGAR, IODISED SALT, ACIDITY REGULATOR (330), FLAVOURS (NATURE-IDENTICAL AND NATURAL FLAVOURING SUBSTANCES), STABILIZERS (466, 412) AND ANTIOXIDANT (300).",56,0,0,14,13.5,0,0,0.1825,0.073,unknown,0,4 - Ultra processed food and drink products
3948764012303,Coca cola 1ltr,,"Colas, Cold Drink","CARBONATED WATER, SUGAR, ACIDITY REGULATOR (338), CAFFEINE (8.7 mg/100 g). COLOUR (150d), FLAVOURS (NATURAL FLAVOURING SUBSTANCES).",44,0,0,10.9,10.6,0,0,21.25,8.5,unknown,0,4 - Ultra processed food and drink products
8904272600895,Storia Pomegranate 750ml,storia,Fruit-based beverages,"Water, Fruit Juice [Apple Concentrate 12% & Pomegranate Juice Concentrate 4%), Salt, Acidity Regulators [INS331(iii), INS330), Stevia INS960] and Antioxidant [INS300]. *Equivalent to 100% Fruit Juice (Reconstituted) CONTAINS ADDED NATURE IDENTICAL FLAVOURING SUBSTANCES (POMEGRANATE)",46,0,0,11.4,11.4,0,0,0.125,0.05,e,17,4 - Ultra processed food and drink products
8901030807176,Classic Malt,Horlicks,"Instant beverages, Sweetened beverages, Malt based beverages","Malt (66.7%) [Barley (32%), Wheat Flour (Atta), Wheat, Millet], Milk Solids (14%), Sugar, Wheat Gluten, Minerals, Edible lodized Salt, Soy Protein Isolate, Acidity Regulators [INS 501(ii), 500(ii)], Vitamins. Allergen Information: Contains Wheat, Barley, Milk & Soy.",377,2,1.4,79,46,0,11,1,0.4,unknown,0,4 - Ultra processed food and drink products
8904132948174,Campa (cola) 500ml pet,,Colas,,42,0,0,0,10.6,0,0,0.025,0.01,e,12,
8904132948198,Campa Lemon,"Campa Cola, Reliance Industries",Lemon soft drinks,"CARBONATED WATER, SUGAR, ACIDITY REGULATORS (330, 331) PRESERVATIVE (211), NATURE IDENTICAL FLAVOURING SUBSTANCES",46,0,0,11.5,11.5,0,0,0.0125,0.005,e,13,4 - Ultra processed food and drink products
8902080104024,Pepsi cola,Pepsico,"Colas, Sweetened beverages","CARBONATED WATER, SUGAR, COLOUR (150d) ACIDITY REGULATOR (338 CONT 10mg/100g), FLAVOUR (NATURAL FLAVOURING SUBSTANCES), STABILIZER (436 )",43,0,0,10.9,10.9,0,0,0.75,0.3,e,15,
8901207004421,Real fruits juss anar,Dabur,Fruit juices,"Water, Pomegranate Pulp (30%), Sugar, Liquid Glucose, Pomegranate Juice Concentrate (0.95%), Acidity Regulator (INS 330), Iodized Salt, Antioxidant (INS 300), Colour [INS 162(ii)], and Flavour (Natural Flavouring Substances)",54,0,0,13.5,13.5,0,0.1,0.000038,0.000015,e,14,4 - Ultra processed food and drink products
8850389100691,Mogu Mogu Strawberry Juice,Sappe Public Company Limited,Sweetened beverages,"water, strawberry juice from concentrate (25%), nata de coco (25%) (coconut water (97,8%), sugar, acidity regulator (ins 260)), sugar, nature identical flavour (strawberry), acidity regulators (ins 330, ins 327), preservatives (ins 202, ins 211), stabilizer (ins 418), artificial colours (ins 122, ins 124, ins 102), pete",56.25,0,0,13.75,13.4375,0.3125,0,0.125,0.05,e,12,4 - Ultra processed food and drink products
8901262152242,Amul Kool Badam Flv 180ml,amul,Beverages,,90.555556,3.111111,2,12.5,8,0,3.111111,7.62,3.048,e,29,
8904258700540,alphonso mango juice,Raw Pressery,"Fruit juices, Mango juice","ALPHONSO MANGO PULP (51%), WATER, FRUCTOSE, ANTIOXIDANTS [(VITAMIN C-INS 300), INS 224]",41.7,0,0,10.43,3.41,0.91,0.45,0.0026,0.00104,c,5,4 - Ultra processed food and drink products
8906080603303,Swing,Paper Boat,Juices and nectars,"WATER, SUGAR, POMEGRANATE JUICE CONCENTRATE (1.9%)&quot;, FLAVOURS (NATURE-IDENTICAL AND NATURAL FLAVOURING SUBSTANCES),ACIDITY REGULATOR (330), IODISED SALT, PRESERVATIVES (202) AND NATURAL  FOOD COLOURS (150d, 124, 122), AND VITAMIN D2. RECONSTITUTED 10% POMEGRANATE JUICE",52.8,0,0,13.2,13,0,0,0.1,0.04,e,14,4 - Ultra processed food and drink products
8901207037795,activ 100% Coconut water,Real,"Waters, Coconut waters","Water, Coconut Water Concentrate (9.0 %) and Preservatives (INS 202, INS 224) Allergen Information: Contains Sulphite Reconstituted 100% Coconut water content",20,0,0,5,4.6,0,0,0.0625,0.025,c,4,3 - Processed foods
8906080601774,Swing Juicier Drink,Paper Boat,"Beverages, Mango pulp, Mango syrups","WATER, SUGAR, MANGO PULP CONCENTRATE (6.5%)*, ACIDITY REGULATOR (CITRIC ACID), FLAVOURS (NATURE-IDENTICAL AND NATURAL FLAVOURING SUBSTANCES), STABILIZER (PECTIN), ANTIOXIDANT (ASCORBIC ACID) AND VITAMIN D2. *RECONSTITUTED 13% MANGO PULP CONTENT.",62.8,0,0,15.7,15.5,0,0,0.00825,0.0033,unknown,0,4 - Ultra processed food and drink products
3948764041259,Thumbs Up (Indian coke),Coca Cola Company,Sodas,,126,0,0,31.8,31.2,0,0,0,0,e,20,
8906080604751,Swing Coconut Water Drink,Paper Boat,"Waters, Coconut waters, Coconut Water Drink","WATER, COCONUT WATER CONCENTRATE (4.3%), SUGAR, MINERAL (POTASSIUM CHLORIDE) NATURE-IDENTICAL FLAVOURING SUBSTANCES, IODISED SALT, PRESERVATIVES (242, 202, 224), ACIDITY REGULATOR (CITRIC ACID) AND ANTIOXIDANT (ASCORBIC ACID).",25,0,0,6.2,6,0,0,0.05,0.02,c,6,4 - Ultra processed food and drink products
8904272601311,Coconut Water,storia,Coconut waters,Water and Coconut Water Concentrate (9.6%) (Equivalent to 100% Coconut water)(Reconstituted) CONTAINS PERMITTED CLASS II PRESERVATIVES (INS202),20,0,0,4.9,4.9,0,0.1,0.0525,0.021,c,4,3 - Processed foods
8901888005748,Real Masala Mixed Fruit Juice,Real,"Fruit-based beverages, Juices and nectars","Water, Sugar, Concentrated Mixed Fruit Juice (4%) [From Orange, Apple, Guava, Apricot, Mango, Banana, Passion Fruit, Lime, Lemon, Mango Pulp (3.3%), Acidity Regulator (INS 330), lodized Salt, Black Salt, Stabilizers (INS 440, INS 466, INS 418), Antioxidant (INS 300), Spices And Condiments (0.1%) [Chilli Powder, Cumin, Coriander, Black Pepper and Turmeric], Colours [INS 160 a (ii) & (iii)] and Flavours (Natural & Nature Identical Flavouring Substances).  THIS CONTAINS 23.3% MIXED FRUIT JUICE CONTENT.",49,0,0,12.2,12.2,0,0,0.275,0.11,e,11,4 - Ultra processed food and drink products
8904132975392,campa cola,Campa,"Colas, Sweetened beverages","CARBONATED WATER, SUGAR, ACIDITY REGULATORS (338, 331(iii), CAFFEINE (9.4 mg/100ml), COLOR (1500), PRESERVATIVE (211), NATURAL FLAVOURING SUBSTANCES",42,0,0,10.6,10.6,0,0,0.025,0.01,e,12,4 - Ultra processed food and drink products
89080528,Iced Latté,,"Coffees, Coffee drinks","Toned milk (55%), Water, Milk solids, Sugar, Coffee (0.6%), Thickeners (1440, 415), Acidity regulators (500(ii), 332(ii)), Nature-identical flavouring substances, Emulsifier (322(i)), Stabilizer (407) and lodized salt. Allergen Note: Contains Milk and Soy. FOR MRP (incl. of all taxes): - MFD. - USE BY - Lot No.: SEE BOTTOM PANEL",56,1.5,1.3,8.6,6.7,0,2.2,0,0,b,2,4 - Ultra processed food and drink products
8901764012808,Coca-Cola 1.25L,The Coca-Cola Company,Beverages,"Sugar, salt, caramel e120 , cola.",52,44,12,0,11,45,54,62.5,25,e,31,4 - Ultra processed food and drink products
90415470,Red bull energy drink 350ml,Red Bull,Energy drinks,Serve chilled Red Bul SA hot ENERGY DRINK Taurine. Vitalizes body and,7,2,4,3,2,5,7,8,3.2,e,15,
8901764031250,Sprite Lemon drink 300ml can,Sprite,"Sodas, Sweetened beverages","Carbonated Water, Sugar, Acidity Regulators (330, 331(iii)), Preservative (211), Sweetener(960), Flavours (Natural Flavouring Substances)",40,0,0,10,9.8,0,0,0.035,0.014,e,15,4 - Ultra processed food and drink products
8901764032806,Sprite,Sprite,"Lemon soft drinks, Sweetened beverages","CARBONATED WATER, SUGAR, ACIDITY REGULATORS (330, 331(iii)), PRESERVATIVE (211), FLAVOURS (NATURAL FLAVOURING SUBSTANCES).",49,0,0,12.2,11.7,0,0,0,0,e,13,4 - Ultra processed food and drink products
8901207050671,real,Dabur,Fruit-based beverages,"Water, Sugar, Mango Pulp (10%), Acidity Regulator (INS 330), Stabilizers (INS 412 & INS 466), Antioxidant (INS 300), Flavours (Nature Identical and Artificial Mango Flavouring Substances) and Colour (INS 110).",53,0,0,13.2,13.2,0,0.1,0,0,e,14,4 - Ultra processed food and drink products
8902080002337,Gatorade orange flv,Pepsico,"Artificially sweetened beverages, Energy drink without sugar and with artificial sweeteners, Sweetened beverages","WATER, ACIDITY REGULATOR (330), MINERAL SALTS, SEQUESTRANTS (452(i),385) FLAVOUR (NATURAL FLAVOURING SUBSTANCES), PRESERVATIVE(202), SWEETENERS (955, 960 a), STABILIZER (445), COLOUR (110)",0.8,0,0,0,0,0,0,0.092,0.0368,c,4,4 - Ultra processed food and drink products
8901725100117,B Natural Guava Juice 1ltr,,Fruit juices,"water , guava pulp , sugar , acidity regulators ( ins 330, ins 296 ), plydextrose , colour ( ins 150d, ins 124)",52,0,0,13.2,10.6,0,0.1,5,2,e,33,4 - Ultra processed food and drink products
8908001658065,Ocean Fruit drink Mango & Passion fruit Flv 500ml,Ocean,Beverages,"Water, Apple Juice Concentrate 18% (Equivalent to 12% Apple Juice). Sugar, Glucose, Minerals (E 329, E 508). Acidity Regulator (E 330, E 331), Nature Identical Flavouring Substances (Peach&Passion Fruit Flavour), Permitted Class II Preservative (E 202), Vitamins (B3, B5, B7).",42,0,0,10,10,0,0.5,0.0125,0.005,e,11,4 - Ultra processed food and drink products
8901542001703,Glucon D 500g cbd,Dabur,Energy drink without sugar and with artificial sweeteners,,360,0,0,90,0,0,0,0,0,e,10,
8904132975446,Campa lemon soda,,Sodas,"CARBONATED WATER, SUGAR, ACIDITY REGULATORS (331 331()), PRESERVATIVE (211), NATURE IDENTICAL FLAVOURING SUBSTANCES",46,0,0,11.5,11.5,0,0,12.5,5,unknown,0,4 - Ultra processed food and drink products
8904132973084,RAS KIK MANGO,CAMPA COLA,"Fruit juices, Sweetened beverages","WATER, SUGAR, MANGO CONCENTRATE (5.2%), ACIDITY REGULATORS (330, 331, STABILIZER (415), PRESERVATIVE (211) (1, 150d), NATURE IDENTICAL FLAVOURING SUBSTANCES MANGO JUICE CONTENT IS 10.4% IN FINAL",28,0,0,7,7,2.6,0,0.01275,0.0051,d,7,4 - Ultra processed food and drink products
8906080604652,Paper boat lychee 250ml pet,Paper boat,Beverages,,62.4,0,0,15.6,15.4,0,0,125,50,e,35,
8906098120601,Cloud9 Classic Energy Drink,Cloud9,"Beers, Energy drinks, Sweetened beverages","Carbonated Water, Sugar, Acidity Regulators INS330, INS331 Taurine, Maltodextrin, Caffeine, Vitamins (B5, B3, B6, & B12), Permitted Class II Preservative (INS211). CONTAINS ADDED FLAVOUR (NATURE IDENTICAL & ARTIFICIAL FLAVOURING SUBSTANCES, FRUIT AND PERMITTED NATURAL COLOUR INS150d).",46.8,0,0,11.7,11.7,0,0,0,0,not-applicable,0,4 - Ultra processed food and drink products
8850389100769,MANGO FLAVORED DRINK WITH NATA DE COCO,MOGU MOGU,"Fruit juices, Coconut-based drinks, Sweetened beverages, Juice","Water 66.62%, Nata De Coco 25%, Sugar 4%, Fructose 4%, Acidity Regulators (Citric Acid, Calcium Lactate), Artificial Flavor (Mango Flavor), Preservative (Sodium Benzoate), Stabilizer (Gellan Gum), Artificial Colors (Tartrazine (FD&C Yellow 5), Sunset Yellow (FD&C Yellow 6)).",41.5625,0,0,10.3125,10,0.3125,0,0.089844,0.027188,e,11,4 - Ultra processed food and drink products
8902080364343,Mountain dew 2ltr,"Pepsico, mountaindew",Beverages,"CARBONATED WATER, SUGAR, ACIDITY REGULATORS FLAVOUR INATURAL FLAVOURING SUBSTANCES, PRESERVATIVE (2 CAFFEINE (13 mg/100 g), STABILIZER (445), COLOUR (102)",49,0,0,12.3,12.3,0,0,0.02,0.008,e,13,4 - Ultra processed food and drink products
8902080364084,Mountain Dew,Pepsico,Sodas,,49,0,0,12.3,12.3,0,0,0,0,unknown,0,
8908000589292,Fizz Jeera Masala,Bindu,Carbonated waters,jeera,47,0,0,11.61,11.6,0,0.11,0,0,e,13,
90448249,The Red Edition Energy Drink,Redbull,"Energy drink with sugar, Sweetened beverages","Water, Sucrose, Glucose, Acidulant (Citric Acid), Carbon Dioxide, Taurine (0.4%), Acidity Regulator (Sodium Citrate), Natural Colour (Anthocyanins), Caffeine (30 mg/100 ml), Flavours (Natural & Artificial Watermelon Flavour), Vitamins (Niacin, B6, B2 & B12).",45,0,0,11,11,0,0,0.0875,0.035,e,12,4 - Ultra processed food and drink products
8901764012471,Coke,Coca-Cola,"Artificially sweetened beverages, Colas, Sweetened beverages","CARBONATED WATER, SUGAR, ACIDITY REGULATOR (338), CAFFEINE (8.7 mg/100 g) COLOUR (1500), FLAVOURS (NATURAL FLAVOURING SUBSTANCES).",41,0,0,10.9,10.6,0,0,0.02125,0.0085,e,12,4 - Ultra processed food and drink products
8901207004391,Real Fruit Power Mango,Dabur,Fruit juices,"Water, Blend of Mango Pulp (25%)^, [Including Alphonso Mango Pulp (0.5%)] Sugar, Acidity Regulator (INS 330), Stabilizer (INS 440), Antioxidant (INS 300), Flavour (Nature Identical Flavouring Substances) and Colour [INS 160 a(iii)]. ^THIS CONTAINS 25% MANGO JUICE CONTENT.",57,0,0,14.3,14.3,0,0,0.00375,0.0015,e,14,4 - Ultra processed food and drink products
8902080334179,Nimbooz,7up,Squeezed lemon juices,"WATER, SUGAR, CONCENTRATED LEMON JUICE (0.7%). ACIDITY REGULATORS (331), 296,330), FLAVOUR (NATURAL FLAVOURING SUBSTANCES), IODISED SALT, STABILIZER (445), PRESERVATIVE (202). EQUIVALENT TO 5% LEON JUICE (RECONSTITUTED) NUTRITIONAL INFO ATIONA Serve Size: 200 ml; 18 Energy Protein FOR MANUFACTURER DETAILS, in this pack SEE FIRST ONE LETTER/TWO Pe% RDA 100 ml Per Serve",42,0,0,10.6,10.6,0,0,0,0,e,12,4 - Ultra processed food and drink products
00001291,Afresh,Herbalife,Energy drinks,"Tea Powder (Orange Pekoe Extract, Green Tea Extract), Bulking Agent (Maltodextrin), Sweetener (Fructose), Nature identical favouring substance, Caffeine Powder",352,0,0,83,61,0,5,0.25,0.1,e,14,4 - Ultra processed food and drink products
8909106018280,Horlicks,"Hindustan, Unilever","Instant beverages, Sweetened beverages, Protein","Malt (66.7%) [Barley (32%), Wheat Flour (Atta), Wheat (49%), Millet), Milk Solids (14%), Sugar, Wheat Gluten, Minerals, Edible lodized Salt, Soy Protein Isolate, Acidity Regulators [INS 501(ii), INS 500(ii)], Vitamins. Allergen Information: Contains Wheat, Barley, Milk & Soy.",377,2,1.4,0,46,0,11,1000,400,unknown,0,4 - Ultra processed food and drink products
8908018251211,Artos Carbonated Water,Artos,Waters,"PURIFIED WATER, CARBON DIOXIDE (INS290), SUGAR, ACIDITY REGULATOR (NS 330), PRESERVATIVE (INS 211), CONTAINS PERMITTED NATURAL COLOUR (INS150D), AND ADDED FLAVOURS NATURAL NATURE IDENTICAL AND ARTIFICIAL FLAVOURING SUBSTANCES (GRAPE)",52,0,0,13,13,0,0,0,0,e,14,4 - Ultra processed food and drink products
8906080602726,Paper Boat Swing yummy Guava 600ml pet,paper boat,"Fruit nectars, Sweetened beverages","WATER, GUAVA PUREE (14%), SUGAR ACIDITY REGULATORS (330, 331 (iii)), IODISED SALT, FLAVOURS (NATURE-IDENTICAL AND NATURAL FLAVOURING SUBSTANCES), STABILIZERS (418,466) PRESERVATIVES (202, 242), ANTIOXIDANT (300), FOOD COLOUR (160a(iii)) AND VITAMIN D2 (ERGOCALCIFEROL)",55.6,0,0,13.9,13.5,0,0,0.2625,0.105,e,15,4 - Ultra processed food and drink products
8906024370155,Jeeru,,Sodas,,40,0,0,10,10,0,0,0,0,e,11,
8908001658058,Ocean Fruit drink crispy apple flavour,Ocean,Beverages,"Water, Apple Juice Concentrate 1.8% (Equivalent to 12% Apple Juice) Sugar, Glucose Minerals (E 329, E 508), Acidity Regulator (E 330, E 296, E 331, Nature Identical Flavouring Substances (Apple Fruit Flavour), Permitted Class II Preservative (E202), Vitamins (B3, B5, B7)",42,0,0,10,10,0,0.5,0.0125,0.005,e,11,4 - Ultra processed food and drink products
8903754000123,Gluco+ Strawberry Jelly Energy Drink,Tata,"Sweetened beverages, energy and soft drink",,41,0,0,10.2,10.2,0,0,0,0,e,12,
8901037010920,Desi Kahwa Green Tea,Girnar,"Green teas, Tea-based beverages","Green Tea, Spices & Herbs (35%) (Black Pepper, Ginger, Tulsi, Asafoetida, Clove, Cardamom, Cinnamon & Nutmeg), Rock Salt & Citric Acid (INS 330).",4,0,0,1,0,0,0,0.375,0.15,b,1,3 - Processed foods
8906080600586,Paper Boat Lychee Drink,,Beverages,"WATER, SUGAR, LYCHEE PULP (12%), APPLE JUICE CONCENTRATE (0.5%)*, ACIDITY REGULATORS [330, 332(ii), 331 (iii)], FLAVOURS (NATURE-IDENTICAL AND NATURAL FLAVOURING SUBSTANCES), STABILIZERS (CARRAGEENAN AND KONJAC FLOUR), ANTIOXIDANT (300) AND VITAMIN D2.",64,0,0,16,14,0,0,0,0,unknown,0,4 - Ultra processed food and drink products
8902080304349,7up 2.25,7up,Colas,,47,0,0,11.7,11.7,0,0,0.045,0.018,e,11,
8901764012501,Coke Brand Coca Cola 2ltr,Coca cola,"Colas, Sweetened beverages, 200","CARBONATED WATER, SUGAR, ACIDITY REGULATOR (338), CAFFEINE (8.7 mg/100 g), COLOUR (150d), FLAVOURS (NATURAL FLAVOURING SUBSTANCES).",44,0,0,10.9,10.6,0,0,0.02125,0.0085,e,12,4 - Ultra processed food and drink products
8901888030351,Pineapple,Real,"Pineapples, Pineapple juices",,34,0,0,8.533333,8.333333,0,0,0.008667,0.003467,unknown,0,
8906133402655,Little Joys Nutrimix Chocolate Flavour,Little Joys,"Beverages, Energy drink mix","Protein Blend (Skim Milk Powder, Milk Protein Concentrate, Pea Protein Isolate, Brown Rice Protein Concentrate, Almonds Powder, Walnut Powder & Moong Dal Protein), Sweetner Blend (Jaggery Powder & Dates Powder), Fiber Blend (Oats Fiber, Chia Seeds, Flax Seeds, Ragi Powder & Bajra Powder), Nature Identical Flavour (Chocolate), Algal DHA (Docosahexaenoic Acid), Digezyme® (a-amylase, Protease, Lipase, Cellulase and Lactase), Minerals (Calcium (Tribasic Calcium Phosphate), Phosphorous (Potassium Phosphate), Potassium (Potassium Phosphate), Sodium (Sodium Chloride), Magnesium (Magnesium Oxide), Zinc (Zinc Sulphate), Manganese (Manganese Sulphate), lodine, (Potassium Iodate). Selenium (Sodium Selenate), Chromium (Chromium Chloride)). Vitamins (Vitamin C (Ascorbic Acid), Vitamin E (D-alpha Tocopheryl Acetate), Vitamin B3 (Nicotinamide), Vitamin B5 (Calcium D-Pantothenate), Vitamin B6 (Pyridoxine HCI), Vitamin B2 (Riboflavin), Vitamin B1 (Thiamine HCI), Vitamin A (Retinyl Palmitate), Vitamin B9 (Folic Acid), Vitamin K2-7 (Menaquinone-7), Biotin (D-Biotin), Vitamin D3 (Cholecalciferol - Veg Lichen), Vitamin Store B12 (Cyanocobalamin). Allergens: Contains Milk, Nuts and Oats. ck has",361.764706,2.470588,0.735294,59.117647,44.117647,3.352941,26.470588,0,0,unknown,0,4 - Ultra processed food and drink products
8901036173459,Continental Xtra 200g Jar | Instant Coffee | South Indian Blend with Chicory,"CCL Products (India) Limited, Continental Coffee",Instant mix of chicory and coffee powder,"Coffee beans 70%, Chicory 30%",360,0,0,0,0,0,0,0,0,unknown,0,1 - Unprocessed or minimally processed foods
8901044600930,Rose Sharbat,Mapro,Beverages,"SUGAR, WATER, ROSE PETALS (2%), ACIDITY REGULATOR (CITRIC ACID), PRESERVATIVE (INS-211) CONTAINS PERMITTED SYNTHETIC FOOD COLOUR (INS-122) & ADDED FLAVOURS - NATURAL, NATURE IDENTICAL & ARTIFICIAL FLAVOURING SUBSTANCES (ROSE)",279,0,0,69.7,68.9,0,0,0.014875,0.00595,e,20,4 - Ultra processed food and drink products
8901207014147,Coconut Milk,Hommade,"Plant-based milk alternatives, Coconut milks and creams, Plant-based creams for cooking",,123,12,11.9,2.8,0,0,1,0.0285,0.0114,e,20,
8903754313056,Tata Gluco+ Orange,Tata,"Energy drinks, Brianna ®️ nutri choice Thin, Glucose-drink","Water, Sugar, Glucose, Concentrated Apple Juice, Acidity Regulator, Mineral Salts , Preservative , Emulsifier, Synthetic food colour, added flavour ( natural flavouring substances)",30.555556,0,0,7.611111,7.611111,0,0,0.094444,0.037778,d,8,4 - Ultra processed food and drink products
8901063146280,Winkin cow thick Lassi classic 180ml,Britannia,"Fermented milk drinks, Yogurts",,62,1.2,0.8,11.6,11.6,0,1.2,0.19925,0.0797,e,15,
8906048501450,Protinex creamy vanilla,Protinex,"Beverages, Protein powders","Skimmed milk powder, Maltodextrin, Soy protein isolate, Minerals (Di calcium phosphate, Ferric pyrophosphate, Zinc sulphate, Potassium iodide), Nature identical flavouring substances, Stabilizer (Guar gum), Vitamins (Choline bitartrate, Ascorbic acid, dl-alpha tocopheryl acetate, Nicotinamide, Retinyl acetate, Ergocalciferol, Thiamine hydrochloride, Calcium pantothenate, Riboflavin, Pyridoxine hydrochloride, Folic acid, d-Biotin), Sweetener (INS 955).",370,1.3,0.7,55,13,0,34,0.9,0.36,not-applicable,0,4 - Ultra processed food and drink products
8901648001775,Lassi,,Yogurt drinks,,76,1.7,1.2,13.5,13.5,0,1.8,0,0,unknown,0,
8901071732451,Hershey's milk shake almond flavor,Hershey's,"Milks, Flavoured milks","Water, Milk Solids (#11%), Sugar, Emulsifiers (4600), 466, 471), Mineral Calcium carbonate) Flavours (Nature Identical Flavouring Substances) Sequestraint (339) Thickeners (415, 407), Mineral (Zinc Sulphate), Vitamin E (Acetate), Vitamin A (Acetate) Vitamin D2 (Ergocalciferol), Vitamin B1 (Thiamine Chloride Hydrochlonde), Vitamin B2 (Riboflavin), Edible Common Salt and Almond Paste (#0.002%)",88.333333,1.777778,1.388889,16.111111,16.111111,0,1.666667,0.143056,0.057222,e,18,4 - Ultra processed food and drink products
8906059635090,Greek yogurt,epigama,"Yogurt drinks, Greek-style yogurts","Greek Yogurt (Pasteurized Double Toned Milk, Milk Solids, Stabilizer (Pectin), Permitted Lactic Acid Cultures), Processed Blueberry Pulp (Sugar, Water, Blueberry Fruit, Stabilizer (Pectin), Natural Flavouring Substances (Blueberry), Natural Color (INS 163 (ii)), Lemon Juice Concentrate) Total Fruit Content: 1.68% Active Live Cultures: S.Thermophilus, L.Bacillus delbrueckii subsp. Bulgaricus ALLERGENS: Contains milk. Manufactured in a facility processing nuts & cereals containing gluten.",94.117647,1.882353,1.176471,12.941176,12.941176,0,6.470588,0.129412,0.051765,e,14,4 - Ultra processed food and drink products
8906080600357,paper boat orange pch,Paper Boat,Orange nectars,"WATER, SUGAR, ORANGE JUICE CONCENTRATE#, ACIDITY REGULATOR (TRISODIUM CITRATE AND CITRIC ACID), FLAVOURS (NATURE-IDENTICAL AND NATURAL), STABILIZERS (CAROB BEAN GUM AND CARRAGEENAN), ANTIOXIDANT (ASCORBIC ACID) AND VITAMIN D2 (ERGOCALCIFEROL). #RECONSTITUTED 20% ORANGE JUICE",60,0,0,15,13.9,0,0,0.155,0.062,e,15,4 - Ultra processed food and drink products
8908001658041,Ocean Fruit drink Peach passion fruit flavour 500ml,O'cean,Energy drink without sugar and with artificial sweeteners,de mark and does ot represent its true nature. No. of servings 2. Serving S particles may appear due to presence of minerals. FLAVOURING SUBSTANCES). CONTAINS FRUIT READY TO SERVE FRUIT BEVERAGE NUTRITIONAL UOM APPROX. VALUES FACTS Energy Carbohydrate Total Sugar Added Sugar Protein - Total Fat - Cholesterol Sodium Potassium Magnessium* Kcal g g g ca ca ca ca ca ge ge PER (100 ML) 42 10 RDA(%) PER SERVING (250 ML) 5.25 19.23 10 10 50 0.5 2.31 0 0 ថខū · -%RDA not established. -%RDA calculated on the basis of,42,0,0,10,10,0,0.5,0.0125,0.005,e,11,4 - Ultra processed food and drink products
8901030824937,Horlicks Lite Regular Malt 450g pet,Horlicks,"Instant beverages, Unsweetened beverages, Malt based beverage","Cereal Extract (65%) [Barley (37%), Wheat (15%), Malted Barley (12%), Wheat Malt (1%) , Milk Solids (17%), Corn Solids (Hydrolyzed), Minerals, Soy Protein Isolate, Wheat Gluten, Nature Identical Flavouring Substances, Vitamins, Edible Iodized Salt, Non-Caloric Sweetener [INS 950), Natural Flavour",367,2.1,1.5,74,45,0,13,1,0.4,unknown,0,4 - Ultra processed food and drink products
8901888005366,Apple Juice no added sugars+ no added preservatives,,"Fruits, Apple juices",,48,0,0,12,12,0,0,0.1,0.04,d,7,
8904258700465,Raw Pressery Valencia Orange,Raw Pressery,Orange juices,"VALENCIA ORANGE JUICE (99.8%), CITRUS FIBER, ANTIOXIDANTS [(INS 224), VITAMIN C-INS 300] CONTAINS NATURALLY OCCURING SUGARS",46,0.04,0,10.75,8.76,0,0.64,0.0105,0.0042,unknown,0,4 - Ultra processed food and drink products
8904132976443,nimbu pani,Ras Kik,Beverages,"WATER, SUGAR, LEMON JUICE CONCENTRATE, IODIZED SALT, PRESERVATIVE (211), ACIDITY REGULATORS (331),330 ), ANTIOXIDANT (300), NATURE IDENTICAL FLAVOURING SUBSTANCES.",45.3,0,0,11.3,11.3,0,0,0.354,0.1416,e,14,4 - Ultra processed food and drink products
8904335603894,Protein shake cold coffee,Yoga bar,"Beverages, Protein shakes","Milk Solids(86.6%),Milk Protein Concentrate(7.9%),Sweeteners (Maltitol,Steviol glycosides), Soluble Coffee Powder(045), Nature-ldentical Flavouring Substances, Natural Flavours and Natural Flavouring Substances, Acidity Regulator(Trisodium orthophosphate), Stabilizer (Carragenan).",83,1,0.7,10.6,5.7,0,10.4,0.3375,0.135,not-applicable,0,4 - Ultra processed food and drink products
8901764052279,Limca lime lemon drink 750ml,Coca-Cola,"Sodas, Carbonated soft drinks without fruit juice with sugar and artificial sweeteners","CARBONATED WATER, SUGAR, ACIDITY REGULATORS (330, 331()), STABILIZERS (414,471), PRESERVATIVE (211), FLAVOURS (NATURAL, NATURE-IDENTICAL & ARTIFICIAL (LEMON) FLAVORING SUBSTANCES).",44,0,0,11.1,10.7,0,0,0,0,e,12,4 - Ultra processed food and drink products
8906019270019,Yakult,Yakult,"Yogurt drinks, fermented-milk-drinks-with-sugar","Ingredients Water, Sugar, Skimmed Milk Powder, Glucose, Probiotic-Lactobacillus case strain Shirota (LcS), CONTAINS ADDED NATURAL & NATURAL IDENTICAL FLAVOURS ALLERGEN INFORMATION: CONTAINS MILK",50,0.1,0,11.5,10.5,0,0.8,0,0,e,13,4 - Ultra processed food and drink products
8902080364565,Mountain Dew,MEWATI 🔔,"Sodas, Sweetened beverages","CARBONATED WATER, SUGAR, ACIDITY REGULATORS (330, 331), FLAVOUR (NATURAL FLAVOURING SUBSTANCES), PRESERVATIVE (211), CAFFEINE (1,3 mg/100 g), STABILIZERS (445), COULOUR (102)",49,0,0,12.3,12.3,0,0,0.02,0.008,e,13,4 - Ultra processed food and drink products
8902979051071,Rose Lassi,Cavin's,Yogurt drinks,"Standardized Milk Curd, Water, Sugar, Emulsifier (INS 460(i) & INS 466), Flavour (Nature Identical Flavouring Substance), Mineral & vitamin Premix(Zinc, Vitamin A & D)",99.166667,2.055556,1.388889,18.111111,17.277778,0,2.055556,0.070833,0.028333,e,18,4 - Ultra processed food and drink products
8908001658034,Ocean Fruit drink pink guava fruit flavour,Ocean,Beverages,,42,0,0,10,10,0,0.5,0.0125,0.005,e,11,
8901764092329,Maaza,Cocacola,Sweetened beverages,"Water, sugar, mango pulp (10.7%), acidity regulators (E330, E331(iii)), stabilizer (E466), antioxidant (E300), preservative (E202), colour (E160a(i)), added mango flavour (nature-identical and artificial flavouring substances), contains fruit",60,0,0,15,13,0,0,0,0,unknown,0,4 - Ultra processed food and drink products
8906024484142,badam flavored milk,DODLA,"Flavoured milks, Double-toned milks","Milk Solids, Sugar & Water. Contains Permitted Synthetic Food Colours (INS 102 & INS 110) And Added Nature-identical Flavour (Badam)",81,1.5,0.9,13.6,13.6,0,3.3,0.1,0.04,e,11,4 - Ultra processed food and drink products
8901888005410,Real activ 100% mixed fruit juice,"Dabur, Real",Multifruit juices,"water , apple juice concentrate (7.24%) , orange juice concentrate (5.24%) , banana puree(3.7%), mango pulp(3.5%) , apricot puree concemtrate(2.3%) , pineapple juice concentrate(1.85%), flavours(natural flavouring substance) , grape juice concentrate(0?05%), vitamin c & stabilizer (ins 440)",47.5,0,0,11.7,11.4,0,0,0.00375,0.0015,e,13,4 - Ultra processed food and drink products
8901262130325,Amul Pro Chocolate 500g pp,Amul,Sweetened beverages,"Malt extract (42%), sugar, milk solids (13%), colours (150c, 162), cocoa solids (2%), artificial flavouring substances (milk caramel, cocoa chocolate, malted milk, emulsifiers (322, 471), vitamins, minerals, DHA, raising agent [500(ii)], iodized salt. Allergen Information: Contains barley, milk.",365,3.3,1.5,75.8,64.8,0,8,0.5,0.2,e,16,4 - Ultra processed food and drink products
8901030985973,Horlicks chocolate delight flavour 500g pet,Horlicks,"Instant beverages, Sweetened beverages",,360,2,1.9,81,0,5,7,0.8725,0.349,unknown,0,
8901030986048,Chocolate Delight flavour,Horlicks,Beverages,,360,2,2,81,46,0,7,0.875,0.35,e,18,
8902080013296,Tropicana Orange Delight juice 1ltr,Tropicana,Orange juices,,50,0,0,12.4,12,0,0.1,0,0,unknown,0,
8902080002320,Gatorade blue bolt flv 500ml,Gatorade,Artificially sweetened beverages,,1,0,0,0,0,0,0,0.1175,0.047,b,0,
8904132976351,Energy Drink Berry Kick,Campa,Colas,,42,0,0,10.5,10.5,0,0,0,0,unknown,0,
8904132973114,Raskik mango,Raskik,Beverages,,58.8,0,0,14.7,14.7,0,0,0.03475,0.0139,e,15,
8906059637285,Turbo Protein Milkshake,Epigamia,"Milkshakes, Protein shakes",,55.2,0.08,0,3.6,3.6,0,10,0.21,0.0712,not-applicable,0,
8904132975507,Campa Orange Flavour,Campa,"Sodas, Carbonated fruit soft drink with sugar, Cold dr, Cold drink","CARBONATED WATER, SUGAR ACIDITY REGULATOR (330) BLITERS (414, 445) COLORS (110, 122), PRESERVATIVE (211), NATURAL AND NATURE IDENTICAL FLAVOURING SUBSTANCES MARKETED BY: RELIANCE RETAIL LTD. 3RD FLOOR COURT HOUSE LOKMANYA TILAK MARG DHOBI TALAO, MUMBAI, MAHARASHTRA-400002 Issai Lic. No. 10012022001275 NET QUANTITY 500 ml 戲 YOUR CITY CLEAR RECYCLABLE BOTTLE 8 904132 975507 Regn.No. HPSPCB/KN-29/CTO/BOTH/RENEW/RC/2022/6961844(ID-15519) Pkg Mu Mtd By: KRIS FLEXIPACKS(P) LTD..",48,0,0,12,12,0,0,0.05,0.02,e,13,4 - Ultra processed food and drink products
8908000682856,English jeera,Kaycee,"Artificially sweetened beverages, Carbonated soft drinks without fruit juice with sugar and artificial sweeteners",CARBONATED WATER INGREDIENTS CARBONATED WATER. SUGAR. ACIDITY REGULATOR (330) SALT. SWEETENERS (951. 950) AND PRESERVATIVE(211) CONTAINS PERMITTED NATURAL COLOUR(1506) AND ADDED RAVOUR NATURAL FLAVOURING SUBSTANCES.) CONTAINS NO FRUIT CONTAINS ARTIFICIAL SWEETENERS AND FOR CALORIE CONSCIOUS. THIS CARBONATED WATER CONTAINS AN ADMIXTURE OF ASPARTAME AND ACESULFAME POTASSIUM. NOT RECOMMENDED FOR PHENYLKETONURICS: FOR CHILDREN: PREGNANT AND LACTATING MOTHERS. CONTAIN NON-CALORIC SWEETENER,4,0,0,1,1,0,0,0.2125,0.085,c,6,4 - Ultra processed food and drink products
8908000682085,Kaycee English Lime & Lemon,Kaycee English,"Artificially sweetened beverages, Sodas","CARBONATED WATER, SUGAR, ACIDITY REGULATORS (330, 331), CAFFEINE, SWEETENERS (951, 950) AND PRESERVATIVE (211). CONTAINS PERMITTED SYNTHETIC FOOD COLOUR (102) AND ADDED FLAVOUR (NATURAL FLAVOURING SUBSTANCES).",16,0,0,3.9,3.9,0,0,0,0,d,8,4 - Ultra processed food and drink products
8904132975491,Orange Flavoured,Campa,Sodas,,48,0,0,12,12,0,0,0.05,0.02,e,13,
8908002584103,Export Quality flavoured tea,Lamsa,"Teas, Tea-flavoured",Tea leaf,116,0,0,5,0,0,20,0,0,unknown,0,1 - Unprocessed or minimally processed foods
5061013949910,Energy Ultra Rosà,"Monster, Monster Energy","Carbonated drinks, Artificially sweetened beverages, Energy drinks","CARBONATED WATER, ACID (CITRIC ACID), FLAVOUR ENHANCER (ERYTHRITOL), TAURINE (0.4%), ACIDITY REGULATOR (SODIUM CITRATES), FLAVOURINGS, PANAX GINSENG ROOT EXTRACT (0.08%), PRESERVATIVES (SORBIC ACID, BENZOIC ACID), SWEETENERS (SUCRALOSE, ACESULFAME K), CAFFEINE (0.03%), L-CARNITINE L-TARTRATE (0.015%), VITAMINS (B3, B5, B6, B12), PURPLE SWEET POTATO CONCENTRATE, INOSITOL.",3,0,0,0,0,0,0,0.2,0.08,unknown,0,4 - Ultra processed food and drink products
8904089974844,Heritage Milk Shake,Heritage,"Milks, Chocolate milks, Milkshakes","Toned Milk, Sugar, Cocoa Powder, Emulsifier and Stabilizers (INS 471, INS 412, INS 407), Acidity Regulator (INS339) CONTAINS ADDED FOOD COLOUR INS1500) AND ADDED NATURAL FLAVOURING SUBSTANCES. Allergen Information: Contains milk.",101.5,3.5,2.1,14.1,8.5,0,3.4,0,0,c,4,4 - Ultra processed food and drink products
8901042954677,Badam drink mix,MTR,Almond-based drinks,,382.4,4.8,0.4,80,76,1.1,4.8,0.1325,0.053,e,13,
8906027713935,Lassi,,Yogurt drinks,,117,2.7,0,20.7,16,0,2.4,0,0,unknown,0,
8901764022401,Fanta Orange Flv 2L,Coca-Cola Company,"Sodas, Sweetened beverages","CARBONATED WATER, SUGAR, ACIDITY REGULATOR (330), STABILIZERS (414,445) PRESERVATIVE (211), COLOUR (110), FLAVOURS (NATURAL & NATURE-IDENTICAL FLAVOURING SUBSTANCE)",56,0,0,14,13.7,0,0,0.05575,0.0223,e,14,4 - Ultra processed food and drink products
8903363006592,TeaCountry Green tea,,Green teas,,347,0.1,0,63,1.7,0,23.5,0,0,unknown,0,
8906019270002,Yakult,Yakult,"Fermented milk drinks, Yogurts","Water, Sugar, Skimmed Milk Powder, Glucose, Stabilizer (Pectin), Sweetener (Steviol Glycoside), Vitamin E, Vitamin D, Probiotic-Lactobacillus casei strain Shirota, CONTAINS NATURAL & NATURAL IDENTICAL FLAVOURS",36.923077,0,0,7.692308,6.153846,0,1.230769,0.048077,0.019231,e,11,4 - Ultra processed food and drink products
8902246015942,Energy Drink 250ml,Hurricane,"Energy drinks, Sweetened beverages","WATER, SUGAR, CARBON DIOXIDE, ACIDULANT  (CITRIC ACID), TAURINE (595mg), CONTAINS NATURAL AND NATURE IDENTICAL FLAVOURS, ACIDITY REGULATOR (INS 331 (iii)), CONTAINS COLOUR (CARAMEL INS 150A), PERMITTED CLASS II PRESERVATIVE (INS 202), CAFFEINE (57.5mg), ANTIOXIDANT (INS 300), INOSITOL (30mg), VITAMIN B3 (7mg), VITAMIN B5 (4.2mg), VITAMIN B6 (0.95mg), VITAMIN B12 (0.5µg)",42,0.1,0,10.5,10.1,0,0.1,0.22,0.088,unknown,0,4 - Ultra processed food and drink products
8902080002528,Sting Blue Current,PepsiCo,Sodas,"CARBONATED WATER, SUGAR, ACIDITY REGULATORS (330, 331), FLAVOUR (NATURAL AND NATURE IDENTICAL FLAVOURING SUBSTANCES), SEQUESTRANTS (452(i), 385), CAFFEINE (29 mg/100 ml), PRESERVATIVES (211, 202), SWEETENERS (955, 950), COLOUR (133)",27,0,0,6.8,6.8,0,0,0.0775,0.031,e,11,4 - Ultra processed food and drink products
8901207043185,mixed fruit vitamin boost,real fruit power,Multifruit juices,"Water, Sugar, Mixed Fruit Concentrate (1.6%)^ [Apple conc., Orange conc., Guava puree, Mango puree conc., Apricot puree conc., Banana puree, Lime juice conc., Guava puree conc., Passion fruit conc. & Pineapple conc.], Apple juice Concentrate (1.6%), Guava Pulp (2.16%), Mango Pulp (3%), Banana Puree (1%)^, Acidity Regulator (INS 330), Stabilizer (INS 440), Antioxidant (INS 300), Colours [160 a (ii) & 160 a (iii)] and Flavours (Natural and Nature Identical Flavouring Substances) and Vitamins.",50,0,0,12.4,12.4,0,0,0.02,0.008,unknown,0,4 - Ultra processed food and drink products
8901764211256,Original Ginger Ale,Schweppes,"Artificially sweetened beverages, Sodas, Sweetened beverages, Ginger Ale","CARBONATED WATER, SUGAR, ACIDITY REGULATOR (330), PRESERVATIVE (211) COLOUR (150d), FLAVOURS (NATURAL FLAVOURING SUBSTANCES).",36,0,0,9.1,9,0,0,0.0095,0.0038,e,10,4 - Ultra processed food and drink products
8902080002085,Tropicana Orange Delight 180ml,Tropicana,"Orange juices from concentrate, Sweetened beverages","WATER, CONCENTRATED ORANGE JUICE (8.2%), SUGAR, ACIDITY REGULATOR (E 330), iodised salt, STABILIZERS (E 440), FLAVOUR (NATURAL AND NATURE IDENTICAL FLAVOURING SUBSTANCES), COLOUR(E 160a(i)),ORANGE JUICE 45% (RECONSTITUTED) BEVERAGE",50,0,0,12.4,12,0,0.1,0.085,0.034,e,11,4 - Ultra processed food and drink products
8901888005397,Real active 100% orange juice,"Dabur, Real",Orange juices,,44,0,0,11,11,0,0,0.01875,0.0075,c,6,
8901888006370,Real Orange Fruit juice,Real,Orange juices,"Water, Sugar, Concentrated Orange Juice (6.45%). Acidity Regulator (INS 330), lodized Salt, Flavours (Natural and Nature Identical Flavouring Substances), Stabilizer (INS 466). Antioxidant (INS 300) and Colour [INS 160a (iii)]",50,0,0,8.2,11.8,0,0.2,0,0,unknown,0,4 - Ultra processed food and drink products
8906080602092,Swing Mixed Fruit Medley,Paper Boat,Fruit juices,"WATER, SUGAR, MANGO PULP (1%)* 0ml serving, APPLE JUICE CONCENTRATE ORANGE JUICE CONCENTRATE (0.6%)* %RDA per ACIDITY REGULATOR (CITRIC ACID), IODISED SALT FLAVOURS (NATURE-IDENTICAL AND NATURAL), STABILIZERS (CARBOXY METHYL CELLULOSE AND GUAR GUM) AND ANTIOXIDANT (ASCORBIC ACID) &quot;RECONSTITUTED 13% MIXED FRUIT JUICE 35% 0% 181 no GMOS** **no bio engineered ingredients. FOR MANUFACTURING DATE 2% MRP (INCL. OF ALL TAXES), energy USE BY DATE AND BATCH NUMBER: SEE BELOW Fi 260209 0",52.8,0,0,13.2,12.9,0,0,0.07,0.028,unknown,0,4 - Ultra processed food and drink products
8902080001521,Slice,"Slice, Pepsico",Fruit-based beverages,,50,0,0,12.5,10,0,0,0,0,e,11,
8901207014321,Coconut water,Real,Coconut waters,,18,0,0,4.5,4.5,0,0,0,0,unknown,0,
8906059639890,Chocolate Milk Shake,Epigamia,"Milks, Chocolate milks","Skimmed Milk (80%), Sugar, Water, Milk Solids, Cocoa Powder (1.5%), Emulsifier & Stabilizers [INS 471, INS 407, INS 412], Flavour (Natural Flavouring Substances), Acidity Regulator [INS 339 (ii), Edible Common Salt, Vitamin A & Vitamin D.",80,0.277778,0,16.111111,15,0,3.333333,0.125,0.05,e,11,4 - Ultra processed food and drink products
8901453000024,Rooh Afza,hamdard,Waters,"Sugar syrup 87.8%, {Sugar, Water, Acidity regulator (INS 330)} Distillate of (Nilofer, Dhaniya, Khas, Gulab, Kasni, Chhareela, Gaozaban, Pudina, Sandal Safaid, Gajar, Munakka) 4.5% Pineapple Juice 2.5%, Orange Juice 1.0%, preservative (INS 211), Distillate of Kewada and Gulab used as natural flavoring agent",414,0,0,103.5,0,0,0.5,0,0,unknown,0,
8902080304028,7up lemon 250ml,Pepsico,Lemon soft drinks,"CARBONATED WATER, SUGAR, ACIDITY REGULATORS (330, 331, 296). FLAVOUR (NATURAL FLAVOURING SUBSTANCES), PRESERVATIVE (211). Stabilizer (436)",47,0,0,11.7,11.7,0,0,0.045,0.018,e,13,4 - Ultra processed food and drink products
8901058004120,Milo,Milo,Chocolate milks,,80,2.5,1.9,11.4,8.1,0,2.9,0.1225,0.049,e,10,
8902080105045,Pepsi,"Pepsi, PepsiCo Inc.",Carbonated waters,"CARBONATED WATER, SUGAR, COLOUR (150d), ACIDITY REGULATOR (338), CAFFEINE (10 mg/100g), FLAVOUR (NATURAL FLAVOURING SUBSTANCES), STABILIZER (436).",43,0,0,10.9,10.9,0,0,0.0075,0.003,e,12,4 - Ultra processed food and drink products
8904145912377,Pedia Sure Vanilla Delight Flavour,"Abbott, PediaSure","Dietary supplements, Milk powders, Non-rehydrated","SKIM MILK POWDER, MALTODEXTRIN, SUCROSE, EDIBLE VEGETABLE OIL (SOY OIL, HIGH OLEIC SUNFLOWER OIL), LACTOSE, FRUCTO-OLIGOSACCHARIDE (FOS) (1.9%), MEDIUM CHAIN TRIGLYCERIDE (MCT) OIL, FLAVORING(S) (NATURE IDENTICAL AND ARTIFICIAL FLAVORING SUBSTANCES - VANILLA), L-ARGININE HCL, MINERALS VITAMINS, M-INOSITOL, TAURINE, L-CARNITINE LACTOBACILLUS ACIDOPHILUS (0.001%) CONTAINS MILK",454,15,4.14,64.74,37,0,14.1,0.4525,0.181,not-applicable,0,4 - Ultra processed food and drink products
8901764051128,Gluco Charge,Limca,"Artificially sweetened beverages, Sodas, Lemon juice concentrates, Sweetened beverages","WATER, SUGAR, GLUCOSE (2.2%), LEMON JUICE (5.5%) (RECONSTITUTED FROM LEMON JUICE CONCENTRATE), ACIDITY REGULATOR (331(iii)), MINERALS (SODIUM, POTASSIUM, CHLORIDE), ANTIOXIDANT (300), SWEETENER (955), LEMON FLAVOURS (NATURE-IDENTICAL FLAVOURING SUBSTANCES).",30,0,0,7.6,7.4,0,0,0.1425,0.057,unknown,0,4 - Ultra processed food and drink products
8902080205042,Mirinda can 330ml,,"Sodas, Sweetened beverages","CARBONATED WATER, SUGAR, ACIDITY REGULATORS (330, 331), STABILIZERS (1450, 445 (iii)), FLAVOUR (NATURAL FLAVOURING SUBSTANCES), SWEETENERS (955, 960 a), PRESERVATIVE (211), COLOUR (110). CONTAIN NON-CALORIC SWEETENERS THIS CARBONATED WATER CONTAINS AN ADMIXTURE MORNI",27,0,0,6.8,6.8,0,0,0,0.006,e,11,4 - Ultra processed food and drink products
8939115680314,RO RE Energy Drink,RO RE,Energy drinks,"Carbonated Water, Sugar, (Citric acid), Carbon Dioxide, Acidity Regulator (INS 331, INS 300), Class || Preservative (INS 211) , permitted natural colours (INS E150, INS 102), and flavour (natural identical flavouring substances) Niacin (B3), Pantothenic Acid (B5), B2, B6, B12)",46,0,0,10.9,10.9,0,0,0,0,unknown,0,4 - Ultra processed food and drink products
8904132953437,Campa lemon flv can,,Sodas,"carbonated water, sugar, acidity regulators (330, 331iii), preservative (211), nature identical flavouring substances",46,0,0,11.5,11.5,0,0,0,0,unknown,0,4 - Ultra processed food and drink products
5056784900093,Orange Dreamsicle,Monster,"Energy drinks, Enter","CARBONATED WATER, SUCROSE, GLUCOSE SYRUP, ACID (CITRIC ACID), TAURINE (0.4%), ACIDITY REGULATOR (SODIUM CITRATES), FLAVOURINGS, PANAX GINSENG ROOT EXTRACT (0.08%), PRESERVATIVES (POTASSIUM SORBATE, SODIUM BENZOATE), L-CARNITINE L-TARTRATE (0.04%), CAFFEINE (0.03%), SWEETENERS (SUCRALOSE STEVIOL GLYCOSIDES FROM STEVIA), VITAMINS (B3, B6, B2, B12), SODIUM CHLORIDE, INOSITOL, GUARANA SEED EXTRACT (0.002%), COLOURS (E 110, E129), MALTODEXTRIN.",27.48566,0,0,6.9,6,0,0,0.1875,0.075,e,10,4 - Ultra processed food and drink products
8906017291368,Pop,Bisleri,Sodas,"CARBONATED WATER, SUGAR, ACIDITY REGULATORS (330, 331 (i)), PRESERVATIVE (211) STABLER (440) COLOUR (110), FLAVOUR (NATURE DENTICAL FLAVOURING SUBSTANCES)",47,0,0,11.8,11.5,0,0,0.00975,0.0039,e,13,4 - Ultra processed food and drink products
8906080604539,Paper Boat Mixed Fruit,Paper Boat,Fruit juice mixed - apple base standard,"Water, Mango Pulp 7.8%, Apple Puree Concentrate 6.9% (Reconstituted 21% Apple Juice), Apple Juice Concentrate 6.5% (Reconstituted 45% Apple Juice), Orange Juice Concentrate 3.6% (Reconstituted 24% Orange Juice), Guava Puree 2.4%, Flavours (Natural and Nature-Identical Flavouring Substances), Lychee Pulp 0.1%, Lemon Juice Concentrate.",25.411765,0,0,6.352941,6.176471,0,0,0.002941,0.001176,d,7,4 - Ultra processed food and drink products
8908019517217,VS Mani & Co Filter Coffee,VS Mani & Co,Coffee drinks,"Coffee-chicory mixture (coffee 80%, chicory 20%), Purified water, Preservative (INS 211).",22.5,0,0,5.5,0,0,0,0.18125,0.0725,b,2,3 - Processed foods
8906080603266,Coconut Water Drink,Paper Boat,Coconut waters,"WATER, SUGAR, COCONUT WATER CONCENTRATE (3.9%)&quot;, MINERAL SALT (POTASSIUM CHLORIDE), FLAVOURS (NATURE - IDENTICAL AND NATURAL FLAVOURING SUBSTANCES), ACIDITY REGULATOR (CITRIC ACID), IODISED SALT AND PRESERVATIVES (202, 224). *RECONSTITUTED 50% COCONUT WATER DRINK.",30.8,0,0,7.7,7.5,0,0,0,0.018,d,8,4 - Ultra processed food and drink products
8909106040168,Horlicks,Hindustan Unilever Ltd.,Sweetened beverages,"Malt (66.7%) [Barley (32%), Wheat Flour (Atta), Wheat, Millet], Milk Solids (14%), Sugar, Wheat Gluten, Minerals, Edible lodized Salt, Soy Protein Isolate, Acidity Regulators [INS 501(ii), INS 500(ii)], Vitamins. Allergen Information: Contains Wheat, Barley, Milk & Soy.",377,2,1.4,79,46,0,11,1,0.4,e,18,4 - Ultra processed food and drink products
8901207050893,Green Apple,"Real, dabur",Apple juices,"Water, Sugar, Apple Juice (22%) (Reconstituted from Apple Juice Concentrate), Acidity Regulators (INS 296, INS 330, INS 334& INS 331)), Flavours (Natural & Nature Identical Flavouring Substances), Iodized Salt, Stabilizer (INS 466), Sweetener (INS 960) & Colours (INS 102 & INS 133).",46,0,0,11.2,11.2,0,0,0.025,0.01,e,17,4 - Ultra processed food and drink products
8801037006391,Maxim Mocha gold,Dongsuh Foods Corp,"Coffees, Dehydrated beverages","Coffee [maxim mocha gold mild (roasted bean: peru 35%, columbia 20%)], sugar, non-dairy creamer (corn syrup, hydrogenated vegetable oil, casein, dipotassium phosphate, tricalcium phosphate).",416.666667,13.333333,13.333333,75,50,0,0,0.208333,0.083333,unknown,0,4 - Ultra processed food and drink products
8901262151429,Amul kool Cofe,Amul,Beverages,,200,9,5.8,23.8,23.8,0,6,0.2,0.08,e,18,
8901764052408,Limca 2ltr pet,Coca Cola,"Sodas, Limca",,44,0,0,11,11,0,0,0,0,e,12,
0841541000025,Soy beverage,Soy Milky,Fruit and soy beverages,"Purified Water, Soybean (20%)",39,1.8,0.3,1.3,0.5,0.3,4.2,0.024,0.0096,b,-4,1 - Unprocessed or minimally processed foods
8901764175022,Maaza Refresh Mango Drink,"Coca cola, Maaza",Sweetened beverages,"WATER, MANGO PULP (11.3%), SUGAR ACIDITY REGULATORS (330, 331(iii), STABILIZER (466), ANTIOXIDANT (300) SWEETENER (960), COLOUR(110), MANGO FLAVOUR (NATURE-IDENTICAL & ARTIFICIAL FLAVOURING SUBSTANCES).",44,0,0,11,10.7,0,0,0.05525,0.0221,e,16,4 - Ultra processed food and drink products
8901764362606,Minute maid,"Coca-Cola, Coca-Cola Company",Beverages with orange,"WATER, SUGAR, ORANGE JUICE (10.5%) (RECONSTITUTED FROM ORANGE JUICE CONCENTRATE & ORANGE PULP CELLS), ACIDITY REGULATORS (330, 331(iii)), ANTIOXIDANT (300), COLOURS (110, 102), ORANGE FLAVOURS (NATURAL, NATURE-IDENTICAL AND ARTIFICIAL FLAVOURING SUBSTANCES).",52,0,0,13.1,11.5,0,0,0.024,0.0096,e,14,4 - Ultra processed food and drink products
0717273501782,Apple cider vinegar,American garden,"Sauces, Ciders, Cider vinegars","Water and apple cider vinegar, 5% acidit",31,0,0,0,0,0,0,0.02,0.008,not-applicable,0,2 - Processed culinary ingredients
8901030825651,Horlicks Chocolate Delight flavour 200g pet,,"Beverages, Instant beverages",,370,2,0,78,14,0,10,0,0,unknown,0,
8902080013265,Tropicana Guava Juice (25),Tropicana,Fruit juices,"WATER, *GUAVA PULP (22%), SUGAR ACIDITY REGULATOR(330), FLAVOUR (NATURAL AND NATURE IDENTICAL FLAVOURING SUBSTANCES), ANTIOXIDANT(300), COLOUR (160a(i)) *22% GUAVA PULP IN BEVERAGE",57,0,0,14.4,13.5,0,0,0.0075,0.003,e,14,4 - Ultra processed food and drink products
8901207024559,Real Fruit Power Alphonso Mango Nectar,Dabur,"Fruit nectars, Fruit juices","Water, Alphonso Mango Pulp (22 %)&quot;, Sugar, Acidity Regulator (INS 330), Stabilizer (INS 440), Antioxidant (INS 300), Colour [INS 160 a (iii)] and Flavours (Natural Flavouring Substances).",60,0,0,15.1,15.1,0,0.1,0.0075,0.003,e,15,4 - Ultra processed food and drink products
8901725100063,B Natural apple juice 1ltr tpk,ITC,Apple juices,"Water, Apple Juice (15%), Sugar, Polydextrose (Dietary Fiber) (0.95%), Acidity Regulator (INS 296), Nature Identical Flavouring Substances, Vitamins, Stabilizers (INS 415, INS 466), Colour (INS 150d) and Natural Flavours and Natural Flavouring Substances. May Contain Milk, Nut and Soy.",49,0,0,12.64,11.9,0.74,0,0.01225,0.0049,e,13,4 - Ultra processed food and drink products
8901764122613,Minute maid gritty guava,Minutes Maid Gritty Guava,Fruit juices,,48,0,0,12.1,12.1,0,0,0.03125,0.0125,d,7,
8904272600543,Storia pomegranate 180ml pet,Storia,"Fruit juices, fruit-based",sugar,45,0,0,11.2,11.2,0,0,0.15,0.06,e,13,3 - Processed foods
8902080002290,7up,PepsiCo,"Artificially sweetened beverages, Sodas, Carbonated waters","Carbonated Water, Acidity Regulators, Flavour (Natural Flavouring Substances), Sweeteners, Preservatives, non-caloric sweeteners, mixture of aspartame,sucralose and acesulfame potassium",1.2,0,0,0,0,0,0,0,0,c,4,4 - Ultra processed food and drink products
8904132952621,Lemon Flavoured 2ltr,Campa,"Sodas, Lemonades","CARBONATED WATER, SUGAR, ACIDITY REGULATORS (E 330,E 331(iii)), PRESERVATIVE (E 211), NATURE IDENTICAL FLAVOURING SUBSTANCES",46,0,0,11.5,11.5,0,0,0.0125,0.005,e,13,4 - Ultra processed food and drink products
8901030949630,Women's Plus,Horlicks Unilever,Cereals-based beverages,"Cereal Extract (46%) [Barley, Wheat, Malted Barley, Wheat Malt], Milk Solids (37%), Maltodextrin, Minerals, Edible lodized Salt, Nature Identical Flavouring Substances, Vitamins, Non-Caloric Sweetener (INS 950). Allergen Information: Contains Wheat, Barley & Milk. May Contain Traces of Soy.",360,3,1.5,68.2,28,2,15,1.625,0.65,unknown,0,4 - Ultra processed food and drink products
8906080600180,Paper Boat Apple Drink 150ml,Paper Boat,Apple juices,"WATER, SUGAR, APPLE PUREE CONCENTRATE (4.7%), ACIDITY REGULATOR (TRISODIUM CITRATE AND MALIC ACID) STABILIZERS (CAROB BEAN GUM AND CARRAGEENAN), FLAVOURS (NATURE-IDENTICAL AND NATURAL), ANTIOXIDANT (ASCORBIC ACID AND VITAMIN D2 (ERGOCALCIFEROL)",55.2,0,0,13.8,13,0,0,0.1465,0.0586,e,14,4 - Ultra processed food and drink products
8906080603938,Swing+ Slurpy Mango,Paper Boat,Fruit-based beverages,"WATER, SUGAR, MANGO PULP CONCENTRATE (6.3%)#, ACIDITY REGULATOR (330), FLAVOURS (NATURE-IDENTICAL AND NATURAL FLAVOURING SUBSTANCES), STABILIZERS (466, 415), PRESERVATIVES (202, 242), FOOD COLOURS (102, 110) AND VITAMIN D2 (ERGOCALCIFEROL). ' #RECONSTITUTED 13% MANGO JUICE.",62.8,0,0,15.7,15.5,0,0,0.008,0.0032,e,15,4 - Ultra processed food and drink products
8901030987403,Lipton GREEN TEA CLEAR & LIGHT 250 g,Lipton,Green teas,"protein :-  1.026 g Fat:- 0.083 g Carbohydrates:- 3.857 g Sugar :- 0.033 g Common salt :-0.004 g Fiber :- 0g Fruits, vegetables, legumes:- 0%",6.3938,0.083,0,0.3857,0.33,0,1.026,0.000004,0,b,0,3 - Processed foods
8901071732796,soya drink,sofit,Soy-based drinks,,34.444444,1.666667,0.166667,1.777778,0,1.111111,3.222222,0.045556,0.018222,b,-4,
8901888006578,Cranberry,Real,Cranberry juices,,56,0,0,13.6,12.9,0,0,0.01225,0.0049,d,8,
8906080600616,Alphonso Mango,paper boat,"Fruit juices, Mango beverage",,58.4,0,0,14.6,14.4,0,0,0.1825,0.073,d,9,
8904258701547,Almond Milk,Raw Pressery,Unsweetened plain almond-based drinks,,32,2.292,0.44,1.84,0,0.81,1.06,0.02085,0.00834,unknown,0,
8901542008931,Glucon-D,300,Energy drink with sugar,,368,0,0,92,45,0,0,0,0,unknown,0,
8902080002733,Tropicana Fruitz Mixed Fruit Magic,Tropicana,Multifruit juices,"WATER SUGAR CONCENTRATED MIXED FRUIT JUICE 25% (FROM APPLE MANGO GUAVA, ORANGE BANANA, APRICOT PEACH ACIDITY REGULATORS (330 331)), STABILIZERS (466, 440), FLAVOUR (NATURAL AND NATURE IDENTICAL FLAVOURING SUBSTANCES PRESERVATIVE (202), COLOUR (160a(i)))",48,0,0,12,11,0,0,0.095,0.038,e,12,4 - Ultra processed food and drink products
8902080013395,Tropicana Mixed Fruit Delight 1ltr Juice,Tropicana,Multifruit juices,,49,0,0,12.3,12,0,0,0,0,unknown,0,
8904258700243,Raw Valencia Orange Juice 250ml Imp,RAW Pressery,Orange juices,,23,0.02,0,5.375,4.38,0.07,0.32,0.00525,0.0021,unknown,0,
8906097598241,Fast&Up Reload,Fast&Up,Mineral waters,,2.88,0.009,0,0.6,0,0,0.1,0.18,0.072,a,0,1 - Unprocessed or minimally processed foods
8901764031182,Sprite,,Sodas,,49,0,0,12.2,11.7,0,0,0,0,unknown,0,
8901071732802,Sofit Soya Chocolate Flavor Drink,"Hershey's, Sofit",Chocolate soy-based drinks,"WATER, SOYABEANS ($13.6%), SUGAR, COCOA SOLIDS (0.8%), MINERAL (TRICALCIUM PHOSPHATE), OLIGOFRUCTOSE DIETARY FIBRE) (0.37%), EMULSIFIER (460), 466), ACIDITY REGULATOR (500 (i)), FLAVOURS (NATURE IDENTICAL & ARTIFICIAL VANILLA) FLAVORING SUBSTANCES), EDIBLE COMMON SALT, MINERAL (ZINC SULPHATE), VITAMIN E (ACETATE), VITAMIN A (ACETATE), VITAMIN B1 (THIAMINE MONONITRATE), VITAMIN B2 RIBOFLAVIN) AND VITAMIN B12 (CYANOCOBALAMIN)",77.222222,1.666667,0.166667,12.222222,10.555556,1.222222,3.222222,0.291667,0.116667,e,11,4 - Ultra processed food and drink products
8901725008307,B Natural Select Tender Coconut Water,B Natural,"Coconut-based drinks, Coconut waters","Water, Concentrated Tender Coconut Water (9.2%) [Tender Coconut Water, Preservative (202)]",21,0,0,5.2,5.2,0,0,0.075,0.02,c,5,
8906066202292,Keya Lemon Juice,Keya,Lemon juice,"Lemon Juice, Preservative (INS 224)",27.5,0.09,0,6.67,5.78,0,0.1,0.0115,0.0046,unknown,0,3 - Processed foods
8908015703492,Masala Chai,The Pahadi Story,"Teas, Masala Chai","Premium Black Tea, Ginger, Cinnamon, Clove, Cardamom, Black Pepper.",312,5.37,0,59.85,1.98,0,6.05,0,0,unknown,0,1 - Unprocessed or minimally processed foods
8229300996734,Mokto Mojito,"Mokto, Stallion Drinks",Sodas,"PURIFIED WATER, CARBON DIOXIDE (INS290), SUGAR, ACIDITY REGULATOR (INS 330), SALT STABILIZERS (INS 414, INS 445), CONTAINS PERMITTED SYNTHETIC FOOD COLOUR (INS 102,133) PERMITTED CASS I PRESERVATIVE (INS 211), AND ADDED NATURAL AND NATURE IDENTICAL FLAVOURING SUBSTANCES",60.28,0,0,15.07,13.5,0,0,0.05,0.02,e,15,4 - Ultra processed food and drink products
8902979005319,Maa Guva juice,Cavinkare,Fruit juices,"Water, Sugar, Guava pulp (10%), Acidity regulators (INS 330, INS 331 (iii)), Thickener (INS 466), Flavour (Nature Identical Flavouring substances), lodized salt, Antioxidant (INS 300), Synthetic Food Colour (INS 129)",71.55,0.04,0,17.67,17.43,0,0.13,0.09083,0.036332,unknown,0,4 - Ultra processed food and drink products
8908001658591,o'cean fruit drink,o'cean,Beverages,"Water, DI Apple Juice Concentrate 1.8% (Equivalent to 12% DI-Apple Juice) Sugar, Glucose, Minerals (E 329, E 508), Acidity Regulator (E 330, E 331), Nature Identical Flavouring Substances (Pineapple Flavour), Permitted Class I Preservative (E 202). Vitamin C, Vitamins (B3, B5, B7). CONTAINS ADDED PINEAPPLE FLAVOUR (NATURE IDENTICAL FLAVOURING SUBSTANCES).",42,0,0,10,10,0,0.5,0.0125,0.005,e,11,4 - Ultra processed food and drink products
8901117289963,prolyte ORS Nimbu Paani Flavour,CiplaHealth,Dietary drink for sport,,241.071429,0,0,60.267857,0,0,0,0,0,unknown,0,
8906080604676,Paper boat Indigo exclusive mango basil,Paper boat,"Canned fruits in juice, Fruit juices","Water, Mango Pulp (51%) Apple Juice Concentrate (7%). Flavours (Natural and Nature-Identical Flavouring Substances), Lemon Juice Concentrate, Dried Basil Leaves.",50.4,0,0,12.6,11.9,0,0,0.00625,0.0025,e,12,4 - Ultra processed food and drink products
8906088701667,NUTTY HAZLENUT INSTANT COFFEE,COLOMBIAN BREW COFFEE,"Beverages, Coffees, Instant coffees","Coffee Beans, Flavourings",17,0,0,30,0,0,10,0,0,unknown,0,4 - Ultra processed food and drink products
8903754000826,Grand Cold Coffee,Tata,Beverages,"Double Toned Milk (80%), Water, Sugar, Instant Coffee (0.8%), Nature-Identical Flavouring Substances, Stabilizers (INS 471, INS 412, INS 407), Acidity Regulator [INS 339(1)] Sterilized Double Toned Flavoured Milk. ALLERGENS: Contains Milk",154,4.7,3.5,22.5,19.6,0,5.4,0.3925,0.157,e,10,4 - Ultra processed food and drink products
8908014378462,Epicos Lemon,Epicos,Sweetened beverages,"CARBONATED WATER, SUGAR, LEMON JUICE CONCENTRATE (EQUIVALENT TO LEMON JUICE 2.5%), ACIDITY REGULATOR (330), ANTIOXIDANT (300), CONTAINS PERMITTED PRESERVATIVES CLASS-II (211) CONTAINS PERMITTED SYNTHETIC FOOD COLOUR ADDED FLAVOUR (NATURE IDENTICAL FLAVOURING SUBSTANCES (LEMON).",43,0,0,10.8,10.5,0,0,0,0,unknown,0,4 - Ultra processed food and drink products
8901030966033,Bru Cold Coffee Hazelnut,Bru,Beverages,"DOUBLE TONED MILK (79%), SUGAR, MILK SOLIDS, COFFEE (1%), STABILIZERS (INS 460 INS 466&INS 407), ACIDITY REGULATOR (INS 340 (ii) & FLAVOURS (NATURE IDENTICAL FLAVOURING SUBSTANCES).",92.173913,0,1.565217,0,11.608696,0.086957,3.782609,0.11413,0.045652,unknown,0,4 - Ultra processed food and drink products
8906099093270,Orawet Apple,Orawet,Beverages,"Water, Sugar, Apple Juice Concentrate (1.75%), Dextrose, Sodium Citrate (0.29%), Acidity Regulator (INS 296), Potassium Chloride (0.15%), Sodium Chloride (0.125%), Flavour (Nature Identical Flavouring substances, Antioxidant (INS 300), Colour (INS 150 a) *Reconstituted 10% apple juice.",36.8,0,0,9.2,9.2,0,0,0.2925,0.117,e,12,4 - Ultra processed food and drink products
8909081006197,Coconut Water with Litchi,"B Natural, ITC",Coconut waters,"Water, &quot;Concentrated Tender Coconut Water (9.5%) [Tender Coconut Water, Preservative (202)]. Litchi Pulp (1.3%), Nature Identical Flavouring Substances, Vitamin and Acidity Regulator (330) A Equivalent to 99% Reconstituted Tender Coconut Water May contain Milk, Nut, Soy and Sulphite",22,0,0,5.6,5.6,0,0,0.05,0.02,c,6,4 - Ultra processed food and drink products
8906080602634,Swing Jeera,Paper boat,Beverages,"CARBONATED WATER, SUGAR, IODISED SALT, ACIDITY REGULATOR (330), FOOD COLOUR (150D) FLAVOURS (NATURE-IDENTICAL FLAVOURING SUBSTANCES), ANTIOXIDANT (300), PRESERVATIVE (211) AND CUMIN POWDER.",46,0,0,11.5,22.5,0,0,712.5,285,unknown,0,4 - Ultra processed food and drink products
8903754393058,Lychee Zap,Tata Gluco+,Beverages,"Water, Sugar, Glucose (3.2%) Concentrated Apple Juice (1.7%), Mineral Salts, Acidity Regulator (INS 330), Preservative (INS 202), Sweetener (INS 960), Emulsifier (INS 445), Natural Flavouring Substance, Nature Identical Flavouring Substance.",42,0,0,10.5,10.5,0,0,0.095,0.038,e,16,4 - Ultra processed food and drink products
8901207038624,mixed fruit,,Beverages,,49,0,0,12.3,12.3,0,0,0.035,0.014,e,13,
8908015692147,Coconut Water,Coco Charge,Coconut waters,"TENDER COCONUT WATER(100%), BIO-PRESERVATIVE (INS 234)",19.27,0,0,4.64,4.07,0,0.18,0.060425,0.02417,c,4,
8901138008116,"Himalaya Re-Hydrate Electrolyte Drink, Orange Flavor",Himalaya Wellness Company,Energy drinks,,31,0,0,7.6,7.6,0,0,0.2925,0.117,d,9,
8908002949025,Torino Orange Flavour Aerated Beverage,Torino is sold by MEGATRENDS,Carbonated fruit soft drink,"WATER, SUGAR (12gm/100ml), CARBON DIOXIDE (0.432g/100ml), ACIDITY REGULATOR (INS 330) & STABILISING AGENTS (INS 414, INS 445), PERMITTED CLASS II PRESERVATIVES (INS 211), CONTAINS PERMITTED SYNTHETIC FOOD COLOURS (INS 110) & ADDED ORANGE FLAVOUR. (NATURAL & NATURE IDENTICAL FLAVOURING SUBSTANCES)",45,0,0,12,0,0,0,0,0,unknown,0,4 - Ultra processed food and drink products
5000108478119,Quaker White Oats,Quaker,Rolled oats,100% flocons d'avoine,374,8,1.5,60,1.1,9,11,0,0,a,-4,1 - Unprocessed or minimally processed foods
8901499008169,Chocos,Kellogg's,Breakfast cereals filled with chocolate,"Multigrain Flour Mix (64.8%) (Wheat Flour (Atta) (55.8%), Sorghum (Jowar) Flour (3%), Rice Flour (3 Corn Meal (3%)), Sugar, Cocoa Solids (5.3%), Minerals, Cereal Extract, lodized Salt, Colours (INS 150a, INS 150d), Edible Vegetable Oil (Palmolein), Flavours (Nature Identical & Artificial (Cream)), Vitamins, Antioxidant (INS 307b). ALLERGEN DECLARATION: CONTAINS WHEAT & BARLEY. MAY CONTAIN SOY, MILK, OATS & NUTS.",373,3,1.2,81,27.5,7,9,0.625,0.25,d,13,4 - Ultra processed food and drink products
8901491103794,Oats,"Pepsico, Quaker",Rolled oats,"ROLLED OAT FLAKES ALLERGEN ADVICE: MAY CONTAIN WHEAT, BARLEY.",407,9.5,1.9,68.5,1.8,10,11.8,0.02375,0.0095,a,-3,1 - Unprocessed or minimally processed foods
8901499010513,"Muesli Fruit, Nut & Seeds",Kellogg's,Mueslis with fruits,"multigrain (66.4%) (wheat (24.6%), corn grits (15.7%) rice (10.1%), rolled barley (8 %), rolled oats (8%)), candied & dry fruits, nut & seed (21%) (candied papaya (6%), candied cranberry (4%), Raisins (4%), almonds (4%), pumpkin Seeds (3%), sugar. Cereal Extract, wheat bran, lodized Salt, vitamins, Flavour (Artificial (Coconut)), Minerals and Antioxidants (INS 320, INS 307b)",955,5.1,0.9,80,21.8,6.4,8.1,0.35,0.14,c,7,4 - Ultra processed food and drink products
8901088068734,Saffola Masala Oats - Classic Masala,Saffola,"Rolled oats, Oat","Rolled Oats (73.9 %), Maltodectrin, Salt, Spices and Condiments (34%) (Onions, Tumeric, Pepper, Cumin, Garlic, Fenugreek, Clove, Nutmeg, Red Chili), Dried Vegetables (Carrots (1.15%), Onions Flakes (1.15%), Green Peas(0.69%)), Sugar, Starch, Hydrolysed Vegetable Protein, Wheat Powder, Flavour Enhancers NS 627,631), Anlioxidant (320).  CONTAINS ADDED FLAVOUR-NATURAL AND NATURE IDENTICAL FLAVOURING SUBSTANCES.",365.789474,7.631579,1.842105,70.526316,6.052632,9.736842,8.684211,5.222368,2.088947,e,19,4 - Ultra processed food and drink products
8904043551548,Modern 100% Whole Wheat Bread,Modern,Wholemeal sliced breads,"Whole Wheat Flour (Atta) (57.3%), Sugar, Gluten, Yeast, Edible Vegetable Oil (Refined Sunflower Oil), lodized Salt, Milk Solids, Oat Flour, Soya Flour, Preservatives (282, 200), Malt Product, Flour Treatment Agents (510, 1100(i)), Acidity Regulators (341(1), 260), Emulsifier (471) and Antioxidant (300).",264.444444,2.73,1.33,43.54,3.67,6.4,8.78,0.97425,0.3897,b,2,4 - Ultra processed food and drink products
8904335604150,Yoga Bar Millet Muesli,Yoga Bar,Mueslis,"Whole Grains 58.0% (Millets 26.0% (Ragi 16%, Jowar 10%), Rolled Oats 22%, Brown Rice Flakes), Corn Flakes (Corn Grits, Unrefined Sugar, Iodized Salt, Malt Extract, Soy Lecithin), Nuts & Seeds 9.5% (Flax, Pumpkin, Almond), Rice Crispy, Dehydrated Fruits 4.8% (Raisins, Cranberry), Jaggery Syrup, Honey, Rice Bran Oil, Natural Flavors (Almond, Rosemary Extract), Himalayan Pink Salt.",367.5,6.25,1,73,12.25,9.5,9.25,0.704375,0.28175,b,2,4 - Ultra processed food and drink products
8908005144632,Muesli dark chocolate cranberry,Yoga bar,Mueslis,"Whole Grains 66% {Rolled Oats, Rice Flakes, Quinoa Flakes), Dark Chocolate Paste 12% (Sugar, Edible Vegetable Fat, Cocoa Solids, Soy Lecithi &Natural Flavours), Seeds & Nuts 10.8% (Chia. Flax. Almond, Pumpkin). Dehydrated Fruits 6.5% (Raisins. Cranberry 2.5%). Dates Syrup. Cocoa Powder. Rice Br Oil, Natural Flavours, Jaggery Syrup. Cocoa Mass. Himalayan",437,13.3,4.9,67,6.7,9.4,12.3,0.2265,0.0906,c,6,4 - Ultra processed food and drink products
8901088068741,Masala Oats - Peppy Tomato,Saffola,"Breakfasts, Oat","Rolled Oats (75%), maltodexrin, Spices and Condiments (5.8%) (Onion, Pepper, Garlic, Coriander, Cumin, Fenugreek, Ginger, Turmeric, Cinnamon, Clove), Salt, Sugar, Dried Vegetables (Carrot (0.7% ), French Beans (0.5%), Tomato (0.3 %), Hydrolysed vegetable Protein, Wheat Powder, Flavour Enhancer (627, 631), Antioxidant (320). CONTAINS ADDED FLAVOUR - NATURAL AND NATURE IDENTICAL FLAVOURING SUBSTANCES.",363.157895,7.631579,1.315789,70,7.368421,10,8.684211,4.789474,1.915789,e,19,4 - Ultra processed food and drink products
8901491103800,Oats,Quaker,Rolled oats,Rolled Oats Flakes,407,9.5,1.9,68.5,1.8,10,11.8,0.02375,0.0095,a,-3,1 - Unprocessed or minimally processed foods
8906136651968,High Protein Oats Chocolate,Pintola,"Breakfast cereals, Oat","Oats (43%), Protein Blend (26%) (Texturized Soy Protein, Soy Protein Isolate, Whey Protein Concentrate); Dry Fruit, Nut & Seeds (12%) (Raisins, Almonds, Pumpkin Seeds, Chia Seeds); Organic Jaggery (10%), Cocoa Solids (7%), Jowar Flakes, Himalayan Pink Salt.",392,8,2.1,54.6,14,9.6,25,0.325,0.13,b,2,4 - Ultra processed food and drink products
8901499023339,"Muesli Fruit, Nut & Seeds",Kellogg's,"Seeds, Mueslis with nuts","MULTIGRAIN MIX (66%) {CORN GRITS (18.3%), WHEAT (16.5%), RICE (9.7%), ROLLED BARLEY (8%), ROLLED OATS (8%), RAGI MILLET FLOUR (3.5%), RICE FLOUR, CORN MEAL, REFINED WHEAT FLOUR (MAIDA)}, CANDIED FRUITS, DRY FRUITS, NUT & SEED (21%) {CANDIED PAPAYA (5%), ALMONDS (3.5%), PUMPKIN SEEDS (3.5%), CANDIED CRANBERRY (3%), BLACK CURRANTS (3%), BLACK RAISINS (3%)}, SUGAR, CEREAL EXTRACT, WHEAT BRAN, HONEY, OLIGOFRUCTOSE, IODIZED SALT, COCOA SOLIDS VITAMINS, COLOURS (INS 140, INS 150d), FLAVOURS {NATURE IDENTICAL & ARTIFICIAL (COCONUT)}, ANTIOXIDANT (INS 307b) AND MINERAL.  ALLGEN DECLARATION: CONTAINS WHEAT, BARLEY, OATS, NUT (ALMONDS), SULPHITE MAY CONTAIN OTHER NUTS, SOY AND MILK. SOME CANDIED AND DRY FRUITS CONTAIN SULPHITE TO MAINTAIN COLOUR",382,5.2,0.9,79,21.6,6.5,8.1,0.325,0.13,c,5,4 - Ultra processed food and drink products
8904043552644,Modern Sandwich Supreme Bread,Modern,White breads,,254,2.1,1.37,51,6.72,0,7.9,1.1675,0.467,c,7,
8901088068758,Saffola Masala Veggie Twist Oats,Saffola,Oat,"Bled Oats (73.6%), Maltodextrin, lodised Salt, Dried Vegetables Carot (1.6%). Green Peas (1.15%), French Beans (0.7%), Onion Pader Sugar, Desiccated Coconut Powder, Spice & Condiments 30%) (Chilly. Turmeric, Ginger, Cardamom, Cinnamon, Curry ves Garlic), Milk Solids, Tomato Powder (1.2%), Hydrolysed hrtable Protein, Yeast Extract, Acidity Regulator (INS 330), Rovour Enhancers (INS 631, INS 627), Colour (INS 100), are-identical Flavouring Substances.",376,9.9,3.4,69.2,5.1,12.4,8.8,5.7075,2.283,e,22,4 - Ultra processed food and drink products
8901491702188,Oats,Quaker,Rolled oats,,407.5,9.5,2,68.5,1.75,10,11.75,0.02375,0.0095,a,-3,
8901088213608,Saffola Oats,"Saffola, Marico",Rolled oats,Rolled Oats,369,8,1.6,66.8,0.5,10.4,12.6,0.0125,0.005,a,-5,1 - Unprocessed or minimally processed foods
8901499010483,Kelloggs Muesli,Kellogg's,"Cereal flakes, Mueslis with fruits","Multigrain (66.4%) ,Wheat (24.6%),Corn Grits (15.7%), Rice(10.1%), Rolled Barley (8%), Rolled Oats (8%) ,Candied & Nuts & Dry Fruits & Seed(21%) {Candied Papaya (6%),Candied Cranberry(4%),Raisins(4%),Almonds(4%),Pumpkin Seeds(3%)},Sugar,Cereal Extract,Wheat Bran,Iodized Salt,Vitamins & Minerals,Anti Oxidants(INS 320,INS 307b)",397.5,6,0.75,80,16,5,8,0.15,0.06,c,4,3 - Processed foods
8906113490887,Tata Soulfull Millet Muesli,Tata Soulfull,Mueslis with nuts,"Millets (26%) [Jowar (13.6%), Ragi (6.6%), Bajra (5.8%)], Rolled Oats (25%) Wheat Flakes (15%), Corn Flakes (5%), Dried Cranberry (5%), Refined Sugar, Black Raisins (5%), Dried Papaya (3.29 Almond (3%), Rice (2.8%), Invert Sugar Syrup, Honey, Malt Extract, Edible Vegetable Oil (Palmolein) Emulsifier (INS 322), Strawberry Powder, lodised Salt, Colour (INS 162), Natural Flavour, Anticaking Agent (INS 170(i)), Acidity Regulator (INS 330), Antioxidant (INS 320).",400,6.4,1,76.3,19.7,10.8,9.3,0.38675,0.1547,b,2,4 - Ultra processed food and drink products
8908009059185,Zero Maida Whole Wheat Bread,The Health Factory,"Bread loaves, Whole wheat bread","Fresh Whole Wheat Flour, Yeast, Wheat Gluten, Rice Bran Oil, Cane Sugar, Iodised Salt, Cultured Wheat Flour, Cultured Sweet Potato, Cultured Glucose",241.4,1.32,0.2,43.97,4.1,6.31,13.41,0.8524,0.34096,a,-1,4 - Ultra processed food and drink products
8904335601869,Yoga bar 23G protein muesli + choco almond + cranberry,Yoga bar,Mueslis,"Whole Grains 48% (Rolled Oats, Brown Rice Flakes, Quinoa Flakes), Protein Blend (Soy and Whey Protein Isolate), Dehydrated Fruits, Nuts and Seeds 17% (Dates, Cranberry, Raisins, Almonds, Pumpkin and Chia Seeds), Dark Chocolate (Cocoa, Cocoa Butter, Sugar, Sunflower Lecithin), Jaggery, Rice Bran Oil, Probiotics (Bacillus Coagulans SNZ1969, 150 million CFU Per Serve).Contains Added Natural Flavour: Rosemary Extract and Chocolate.",386,10.7,3,53.1,20.2,7.5,23,0.224,0.0896,c,9,4 - Ultra processed food and drink products
8908005144618,Yoga Bar Super Muesli 0% Added Sugar,Yoga Bar,Mueslis,"Whole Grains 50% (Rolled Oats, Brown Rice Flakes, Jowar Flakes), Seeds 24% (Pumpkin, Sesame, Watermelon, Chia, Flax), Natural Plant Based Dietary Fibre (Fructo-oligo Saccharides), Almonds 8%, Whole Milk Powder, Rice Bran Oil, Probiotics (Bacillus coagulans SNZ1969*). *500 million cfu per serving  CONTAINS ADDED NATURAL FLAVOUR (ROSEMARY EXTRACT, CARAMEL)",370,10.5,1.75,60,0,15.1,15,0.133125,0.05325,a,-5,3 - Processed foods
8906127550850,High protein super oats chocolate,Alpino,"Mueslis, Rolled oats","Rolled Oats (61%), Unsweetened Peanut Butter (26%), Alpino Supernatural (TM) Peanut Protein, Cocoa Powder, Nuts & Seed Mix (Chia Seeds, Almonds, Raisins, Sunflower Seeds), Monk Fruit Extract",457.77,18.6,3.1,51.34,5,11.6,22,0.0331,0.01324,a,-2,4 - Ultra processed food and drink products
8901499010742,Chocos Crunchy Bites,Kellogg's,"Chocolate cereals, Food","REFINED WHEAT FLOUR (MAIDA) (41%), SUGAR, CORN MEAL, WHEAT BRAN, CHOCO CRÈME (5.2%) {SUGAR, EDIBLE VEGETABLE OIL (PALM KERNEL OIL), COCOA SOLIDS, EMULSIFIER (INS 476)), INVERT SYRUP, IODIZED SALT, FLAVOURS (NATURE IDENTICAL & ARTIFICIAL (MARSHMALLOW & VANILLA)), COCOA SOLIDS (0.3%), MINERALS, COLOUR (INS 150d), VITAMINS, ANTIOXIDANT (INS 320). ALLERGEN DECLARATION: CONTAINS WHEAT. MAY CONTAIN SOY, MILK, OATS, BARLEY & NUTS.",390,3.1,1.1,84.9,31,30,4,0.45,0.18,d,11,4 - Ultra processed food and drink products
8904335601951,100% Rolled Oats,Yoga Bar,Rolled oats,100% Golden Rolled Oats. Net weight: Lot No.: MRP: (incl. of all taxes) USPR: Date of Mfg.: Use by: 1 kg OT14E24A 490.00 Rs.0.49/9 MAT D,387.5,8.25,1.75,66.5,1.75,10,12.5,0.02375,0.0095,a,-4,
8901088155496,Saffola oats,Saffola,Rolled oats,Rolled Oats,369,8,1.6,66.8,0.5,10.4,12.6,0,0,a,-5,1 - Unprocessed or minimally processed foods
8901088034593,SAFOLA ACTIVE - MULTI-SOURCE EDIBLE OIL,Saffola,"Rice bran oils, Soybean oils","PHYSICALLY REFINED RICE BRAN OIL, REFINED SOYA BEAN OIL, ANTIOXIDANTS (INS 319, 330), VITAMINS, ANTI FOAMING AGENT (INS 900a).",900,100,22,0,0,0,0,0,0,c,9,4 - Ultra processed food and drink products
8902710500752,Nutty Fruity Muesli,Baggry’s,"Mueslis, Breakfast cereals diet with dried fruits fortified with vitamins and chemical elements",,380,4.4,0.8,79.8,19.4,7.3,8.9,0.665,0.266,c,8,
8901725016838,Aashirvaad Superior MP Atta,"Aashirvaad, ITC","Wheats, Whole wheat flours",WHOLE WHEAT,338,1.3,0.3,76,3.6,10.4,10.7,0,0,b,-5,1 - Unprocessed or minimally processed foods
8901499008244,Chocos Moons & Stars,Kellogg's,Breakfast cereals,"Wheat Solids (54.2%) Wheat Flour (29.6%), Wheat Flour (24 mole Sugar, Corn Flour, Cocoa Solids (5.6%), Minerals Malt Extract, Edible Vegetable Oil (Palmolein) iodized Salt, Colour (INS 150d), Vitamins Antioxidant (INS 320). CONTAINS PERMITTED NATURAL COLOUR ADDED FLAVOURS (NATURE IDENTICAL",390,3,1.3,83.9,30,3.5,8.6,0.4,0.16,d,14,4 - Ultra processed food and drink products
8901088055772,Oats,Saffola,"Rolled oats, Oat",Rolled Oats Allergen Advice: Contains Oats. May contains traces of other Cereals containing gluten. 100% Wholegrain,369,8,1.6,66.8,0.5,10.4,12.6,0.0125,0.005,a,-8,1 - Unprocessed or minimally processed foods
8906120100137,Chia seeds,Farmley,"Cereal grains, Chia",Chia Seeds,490,31,4.2,44,0,33.4,16.5,0.045,0.018,unknown,0,1 - Unprocessed or minimally processed foods
8904335601890,Yoga bar High Protein Muesli+,Yoga bar,"Mueslis, Dietary supplements, Oat","Whole Grains 45% {Rolled Oats, Millets 22% [Ragi Flakes (Ragi, Jaggery), Jowar Flakes (Jowar, Jaggery)]}, Texturized Soya Protein Flakes, Dark Chocolate Paste 13% (Sugar, Edible Vegetable Fat, Cocoa Solids, Soy Lecithin & Natural Flavours), Dehydrated Fruits (Raisins, Cranberry 1%), Nuts & Seeds (Chia, Almond 1.5%, Pumpkin), Dates Syrup, Peanut Protein, Cocoa Powder, Natural Flavours, Rice Bran Oil, Jaggery Syrup, Probiotics (Bacillus Coagulans SNZ 1969, 15 Billion CFU/g).",386,10.7,3.9,53.1,20.2,7.5,23,0.224,0.0896,not-applicable,0,4 - Ultra processed food and drink products
8901499010728,Kellogg's chocos,Kellogg's,Breakfast cereals,,373,3,1,0,0,0,9,0,0,unknown,0,
8901499008183,Corn Flakes Original,Kellogg's,Corn flakes,"corn grits 87.7%, sugar, malt extract, iodized salt, vitamins, INS320",380,1,0.666667,87,8.333333,2.666667,6.666667,1.25,0.5,d,12,3 - Processed foods
8901499009043,kelloggs chocos multigrain,Kellogg's,Breakfast cereals filled with chocolate,,373,3,1.2,81,27.5,7,9,0.625,0.25,d,13,
8901063325036,Britannia toastea 250gm,Britannia,"Rusks, Toaste","REFINED WHEAT FLOUR (MAIDA) (71%), SUGAR, REFINED PALM AND PALMOLEIN OIL, SEMOLINA (SUJI) (1.8%), YEAST, VITAL GLUTEN, COLOUR (150a), INVERT SUGAR SYRUP, IODISED SALT, EMULSIFIERS (472e, 471), SPICE (0.3%) (GREEN CARDAMOM SEEDS), BREAD IMPROVER (STARCH, SOYA FLOUR, IMPROVERS [1100(i), 1104, 1102]), WHEAT FIBER, NATURE IDENTICAL & ARTIFICIAL (MILK) FLAVOURING SUBSTANCES AND ANTIOXIDANT (300). (Numbers in brackets as per International Numbering System) CONTAINS WHEAT AND SOY",432,8,3.7,80.9,20.8,0,9.2,0.5325,0.213,d,16,4 - Ultra processed food and drink products
8904043554716,Crem Treat Vanilla Crem bun,"Bimbo, Modern",Bread rolls,"Refined Wheat Flour (Maida), Bun Icing (Sugar, Edible Vegetable Fat (Interesterified), Humectant (422), Stabilizer (412), Preservative (200), Turmeric Extract, Artificial Flavouring Substances (Vanilla and Butterscotch]&quot;, Sugar, Glazed Fruit (3.68%) [Papaya, Sugar, Acidity Regulator (330), Preservative (211), Food Colour (129)], Edible Vegetable Fat (Interesterified), Gluten, Yeast, lodized Salt, Soya Flour, Preservative (282), Emulsifier (4810).",356.7,11.93,7.56,55.5,24.58,3.84,6.9,0.588,0.2352,e,19,4 - Ultra processed food and drink products
8906136651951,Pintola High Protein Oats Dark Chocolate,Pintola,"Breakfast cereals, Bodybuilding supplements","Oats (43%), Protein Blend (26%) {Texturized Soy Protein, Soy Protein Isolate, Whey Protein Concentrate}; Dry Fruit, Nut & Seeds (12%) (Raisins, Almonds, Pumpkin Seeds, Chia Seeds}; Organic Jaggery, Cocoa Solids (7%), Jowar Flakes, Himalayan Pink Salt. Allergen Information: Contains Oats, Nuts, Soy & Milk.",392,8,2.1,54.6,14,9.6,25,0.325,0.13,not-applicable,0,4 - Ultra processed food and drink products
8901088129800,Masala Oats,Saffola,Oat,"Rolled Oats (69.3%), Maltodextrin, Salt, Dried Vegetables (Carrot (1.5%), Green Peas (1%), French Beans (0.7%), Onion Powder and Sugar, Refined Rice Bran oil, Desiccated Coconut Powder (2.1%), Spices & Condiments (1.6%) (Chilly, Turmeric, Ginger, Cardamom, Cinnamon, Curry Leaves, Garlic), Milk Solids, Tomate Hydrolysed Vegetable Protein, Yeast Extract, Anticaking Agent (INS 551), Acidity Regulator (INS 330), Flavour Enhancers (INS 627, INS 631). CONTAINS PERMITTED NATURAL COLOUR (INS 100) AND ADDED FLAVOURS - NATURAL AND NATURE IDENTICAL FLAVOURING SUBSTANCES.",340,7.2,1.3,71.8,5.7,12.9,9.9,6.005,2.402,d,18,4 - Ultra processed food and drink products
8906001388609,Brown Sliced Brown Bread,English Oven,Wholemeal breads,"WHEAT FLOUR [ATTA (50%)], REFINED WHEAT FLOUR [MAIDA (50%)], WATER, YEAST, SUGAR, IODIZED SALT, WHEAT GLUTEN, EDIBLE BRAN VEGETABLE OIL (PALM), CLASS II PRESERVATIVE (282), MALT POWDER, WHEAT IMPROVERS [170 (i), 510, 923, 1100], ACIDITY REGULATOR (260), EMULSIFIERS [471, 472e, 481 (i)] AND ANTIOXIDANT (300)",265.75,0.928571,0,50.928571,0,7.928571,9.45,0,0,unknown,0,4 - Ultra processed food and drink products
8901063341500,White bread,Britannia,Breads,,250,1.2,0,52.4,0,0,7.4,0,0,unknown,0,
8906007280693,Rice Bran Oil,Fortune,Rice bran oils,RICE BRAN OIL,900,100,31,0,0,0,0,0,0,d,13,2 - Processed culinary ingredients
8906080349652,"Murmura, Kurmura",Vijay,"Rices, Puffed rice, Vegetables from Spain, Roasted-rice","Roasted Rice, Salt",400,1.5,0,87,1.6,0,8,0.25,0.1,b,-2,3 - Processed foods
8901499010704,Chocos,Kellogg's,Breakfast cereals,"Multi grain flour mix, sorghum, rice flour, Sugar",384,2.6,1,83.3,24,0,9.6,0,0,unknown,0,3 - Processed foods
8901499009623,Chocos Fills,Kellogg's,"Breakfast cereals filled with chocolate, Unfortified diet chocolate breakfast cereals","Multi Grain Flour Mix (Rice Flour, Whole Oats Flour, Whole Wheat Flour), Choco Cream (Sugar, Edible Vegetable Oil (Sunflower Oil, Palm Oil), Cocoa Solids (63%), Milk Solids, Emulsifier (INS 322(i))). Sugar, Cocoa Powder (5.6%), Iodized Salt, Vitamins",432,14,4.8,72,30.5,5,7,0.75,0.3,d,18,4 - Ultra processed food and drink products
8906001387114,Multi Grain High Fibre Bread,English Oven,Multigrain sliced breads,"REFINED WHEAT FLOUR (MAIDA), WATER, MULTIGRAIN MIX (20% - OAT FLAKES, SUNFLOWER, LINSEED, SESAME SEED, SOYA GRIT, MELON SEEDS), YEAST, SUGAR, EDIBLE VEGETABLE OILS (PALM), WHEAT GLUTEN, EDIBLE COMMON SALT, MALT FLOUR, BROKEN WHEAT, SOYA FLOUR, CLASS II PRESERVATIVE (282), ACIDITY REGULATOR (260), EMULSIFIERS [471,472e, 481 (0)1, IMPROVERS [1700), 510, 923, 1100] AND ANTIOXIDANT (300). (NUMBERS IN BRACKETS ARE AS PER INTERNATIONAL NUMBERING SYSTEM) ALLERGEN DECLARATION: PRODUCT CONTAINS WHEAT FLOUR (GLUTEN), SEEDS, OATS, SOYA FLOUR AS ALLERGENS.",310.55,3.09,1.1,54.31,4.74,10.27,11.21,1.0875,0.435,b,1,4 - Ultra processed food and drink products
0641837433199,Protein Oats,Doctor's Choice,Rolled oats,"Rolled Oats (40.4%), Protein Blend (27.25%) (Texturized Soy Protein, Soya Protein Isolate. Whey Protein Concentrate), Dry Fruits. Nut & Seeds (14.5%) (Raisins, Almonds, Pumpkin Seeds. Chia Seeds), Jaggery, Cocoa Solids (7%), Jowar Flakes, Natural and Nature Identical Flavour, Himalayan Pink Salt. *Amino Acids Profile: L-Arginine 1.68g, L-Leucine 1.93g, L-Valine 1.06g, L-Cystine 0.16g, Glycine 1.07g, Histadine 0.76g, Serine 1.34g, Aspartic Acid 3.19g, Glutamic Acid 7.51g, Threonine 0.97g. Alanine 1.14g, Proline 0.99g, Lysine 1.64g, Tyrosine 0.66g. Methionine 0.85g, Iso Leucine 0.92g, Phenyl Alanine 1.23g. Tryptophan 0.25g. CATEGORY: Breakfast Cereals. ALLERGEN ADVICE: Contains Milk, Nuts & Soy. N",393.47,8.15,2.08,55.01,14.52,9.75,27.04,0,0.13278,c,6,4 - Ultra processed food and drink products
8906136651982,High Protein Muesli,Pintola,Mueslis,,390,8,1.6,56,17,10,24,0.395,0.158,c,6,
8901537074354,brown rice,Daawat,Brown Basmati rices,,350,2.5,0,75,0,0,9.7,0,0,b,-4,
8901491702546,Oats Multigrain,Quaker,Oat,Oat flakes,407,9,1.8,71,2.2,12,11.1,0.2925,0.117,a,-6,1 - Unprocessed or minimally processed foods
8901042967325,MTR POHA 60 g,MTR,Breakfast cereals,,249,7.2,3,40.3,2.7,1.8,4.8,0.8,0.32,c,7,
8901499006936,Kellogg's Chocos,Kellogg's,"Breakfast cereals, Chocos",,387,2.9,1.2,83.6,30,5,9,0.825,0.33,d,16,
8904335600336,Muesli+,Yoga Bar,Mueslis,"60% Whole Grains (Rolled Oats, Brown Rice Flakes, Quinoa Flakes). 17% Dried Fruits (Raisins. Apricots. Cranberry. Blackcurrants). 14% Seeds & Nuts (Pumpkin, Almonds, Chia. Flax). Strawberry Powder. Date Syrup, Jaggery, Rice Bran Oil, Himalayan Pink Salt",417.5,9.5,2,70,4.75,7.5,13,0.153125,0.06125,a,-3,3 - Processed foods
8906112662414,Rolled oats,True Elements,"Rolled oats, Oat",Rolled Oats,410.9,10,2.9,68.3,0,9.5,12,0.0135,0.0054,b,-5,
8901499010711,Kellogg'sCHOCOS,Kellogg's,Chocolate cereals,,387,2.9,1.2,83.6,30.5,5,9,0.33,0.132,d,12,
8901499010476,Muesli 0% Added Sugar,Kellogg's,Mueslis,"MULTIGRAIN MIX (79.5%), WHEAT (19.9%), CORN GRITS & CORN MEAL (D6.7%), RICE (13.9%), ROLLED BARLEY (13%), ROLLED OATS (10%), RAGI MILLET FLOUR (3%), SORCHUM MILLET DOWARI FLOUR (3%), DRY FRUITS, NUT & SEED (17.3%), BROWN RAISINS (8.3%), BLACK CURRANTS (3%), ALMONDS (3%), PUMPKIN SEEDS (3%), CEREAL EXTRACT, OLIGOFRUCTOSE, WHEAT BRAN, IODIZED SALT, VITAMINS, ANTIOXIDANT (INS 307b) AND MINERAL",382,5.2,0.8,77.6,10.7,6.4,9.3,0,0,a,0,3 - Processed foods
8906008811131,suji semolina rawa 500g,fortune,"Wheat semolinas, Semolina",Wheat Semolina,367,0.9,0.2,76.7,1.3,0.9,9.95,0.2,0.08,a,0,1 - Unprocessed or minimally processed foods
8906112662803,Muesli,True Elements,Mueslis with fruits,"Rolled Oats (35.4%), Wheat Flakes (25.6%), Millets (18.3% - Jowar), Seeds (13% - Flax, Pumpkin), Almonds (5.3%), Freeze Dried Fruits (2.3% - Chikoo, Fig, Pineapple), Rosemary Extract.",425.4,10.9,3.5,68.1,0,11.5,13.5,0,0,a,-2,1 - Unprocessed or minimally processed foods
8908009059178,Super Multi Grain Bread - Zero Maida Bread,The Health Factory,Multigrain sliced breads,,238.17,1.53,0.22,43.19,4.41,7.37,12.91,0.8753,0.36591,a,-1,
8901499008190,Corn flakes,Kellogg's,Corn flakes,"Corn Grits (87.7%), Sugar, Malt Extract, iodized Salt, Vitamins, Minerals and Antioxidant (INS 320).",378,1,0.6,86.9,9.2,2.5,6.7,1.225,0.49,d,12,3 - Processed foods
8906020580121,Malabar Parota,iD,Cereals and their products,"Refined Wheat Flour (Maida)(60%), RO-Purified Water, Edible Vegetable Oil (Rice Bran Coconut Oi, Sesame Oil and Soyabean Oi) and Iodised Salt.",300,14.35,4.06,36.7,0.5,1.85,9.71,0.5057,0.20228,c,5,3 - Processed foods
8901725121747,Superior MP Atta,"Aashirvaad, ITC",Whole wheat flours,WHOLE WHEAT,338,1.3,0.3,76,3.6,10.4,10.7,0.00375,0.0015,a,-4,1 - Unprocessed or minimally processed foods
8904004411003,Rusky,Haldiram's,Rusks,,418,6.93,3.05,81.86,16.3,0.78,7.16,0.9615,0.3846,d,16,
8904335600343,chocolate cranberry museli,yoga bar,"Chocolate cereals, Mueslis","58% Whole Grain (Rolled Oats, Brown Rice Flakes, Quinoa Flakes). 14% Seeds & Nuts (Pumpkin. Almonds, Chia, Flax), 11% Dried Fruits (Cranberry. Raisins). Dark Chocolate (Cocoa. Cocoa-Butter, Sugar. Soy Lecithin), Date Syrup. Jaggery. Rice Bran Oil, Cocoa Powder, Apple Fiber, Himalayan Pink Salt. CONTAINS ADDED NATURAL FLAVOURS: CHOCOLATE, ROSEMARY EXTRACT.",437.5,13.25,5,67,6.75,9.5,12.25,0.22625,0.0905,c,6,4 - Ultra processed food and drink products
8908009059154,Whole Wheat Bread,The Health Factory,Breads,"Chakki Fresh Atta (Whole Wheat Flour), Yeast, Wheat Gluten, Rice Bran Oil (Edible Vegetable Oil), Cane Sugar, Iodised Salt, Cultured Wheat Flour, Cultured Sweet Potato, Cultured Glucose.",241.49,1.33,0.14,43.91,4.13,6.31,13.47,0.8678,0.34712,a,-1,4 - Ultra processed food and drink products
3154230805458,HERTA TARTE EN OR Pâte Feuilletée LOT 2+1 OFFERTE,"HERTA, Tarte en or","Pies, Salted pies, Puff pastry sheets, Frozen baking mixes, Refrigerated baking mixes","Farine de BLÉ, Eau, Huiles végétales (palme, colza), GLUTEN de BLÉ, Alcool, Sel, Jus de citron concentré, Levure désactivée. Peut contenir : LAIT, SOJA, MOUTARDE.",383.1,20,9.2,42,1.9,1.4,6.5,1.2,0.48,d,18,4 - Ultra processed food and drink products
8901063343450,Brown Bread,Britania,Breads,,248,1.5,0.4,51.6,1.9,3,7.9,1.405,0.562,c,7,
8906112661332,Chia Seeds,True Elements,"Cereal grains, Chia",Chia Seeds,508.6,31.5,4.8,39,0,34,17.1,0.025,0.01,unknown,0,1 - Unprocessed or minimally processed foods
8901499008893,Kellogg's Corn flakes original,Kellogg's,Corn flakes,"Corn grits (90%) , sugar , cereal extract , iodized salt , vitamins , antioxidant (INS 307b) , minerals",378,1,0.6,86.9,9.2,0,6.7,1,0.4,c,8,
8901499009135,Corn Flakes Original,Kellogg's,Corn flakes,,378,1,0.6,86.5,9.2,2.5,6.7,1.225,0.49,d,12,
8901088772433,Saffola Masala Millets,Saffola,Breakfast cereals,"Multigrain Mix (64.5Millet (41.1%) (Sorghum Milles, Pearl Millet Flakes}, Oats Flakes], Potato Flakes, Seasonmugar, lodised Salysed Vegetable Protein, Spices and Condiments&quot;, Starch, Acidity Malic acid), Potassium Chloride, Flavour enhancers (627, 631), Yeast ext sat Fiber], Dehydrated Vegetables (8.2%) [Carrot (2.8%), Onion (2.6%), French beans (...). Green Peas (0.5%)], Refined Rice bran Oil, Natural & Nature Identical Flavouring Substance, Masala Mix *Contains Turmeric, Coriander, Black Pepper, Cinnamon and Clove",377.142857,8.857143,1.714286,70.285714,5.714286,8.285714,8,3.214286,1.285714,d,17,4 - Ultra processed food and drink products
8901088213974,Creamy Oats,Saffola Oats,Breakfast cereals,,370,8,1.5,66.75,0.5,10.5,12.5,0.0125,0.005,a,-5,
8904335600800,Rolled Oats,Yoga bar,"Rolled oats, 6.3 Oat products",100% Golden Rolled Oats.,387,8.4,1.7,66.5,1.7,10,12.6,0.02375,0.0095,a,-5,
8906136651975,High Protein Muesli,Pintola,Mueslis,"Whole Grains (34%) (Rolled Oats, Ragi Flakes, Jowar Flakes, Quinoa Flakes, Brown Rice Flakes); Protein Blend (24%) {Texturized Soy Protein, Soy Protein Isolate}; Dry Fruits, Nuts & Seeds (22%) (Black Raisin, Cranberry, Almonds, Flax Seeds, Pumpkin Seeds); Organic Jaggery, Cocoa Powder (7%), Dates, Rice Bran Oil, Himalayan Pink Salt.",390,8,1.7,56,17,10,24,0.395,0.158,c,5,3 - Processed foods
8901063338555,100% Whole Wheat Bread,Britannia,Wheat breads,,245,2,0.6,50.7,1.5,4.4,8.3,0,0,a,-5,
8904043902326,Poha Flaked Rice,Tata Sampann,"Rices, Flaked rice",,722,2.6,0,162.8,0.1,15.2,12,25.5,10.2,unknown,0,
8901491103787,Flocon d'avoine pour poridg,"Pepsico, Quaker",Rolled oats,,407,9.5,2,68.5,0,0,11.8,9.5,3.8,e,26,
0690225101103,India gate super Basmati rice 1.5 kg,KRBL limited,Basmati rices,basmati rice,344,0.5,0,77,0,0.0014,6.7,0.2625,0.105,unknown,0,1 - Unprocessed or minimally processed foods
8901741000927,Wai Wai instant noodles,Wai Wai,"Cereals and their products, Instant noodles",,495,21.5,9.7,60.5,2.1,0,10.7,4.2,1.68,unknown,0,
8410179007496,Spaghetti,Borges,"Cereals and their products, Spaghetti",,359,1.5,0,72,0,2.9,13,0,0,unknown,0,
8901499010773,Chocos Moons and Stars,Kellogg's,Extruded cereals,"Wheat Solids (54.2%) (Wheat Flour (Atta) (29.6%), Refined Wheat Flour (Maida) (24.6%)), Sugar, Corn Flour, Cocoa Solids (5.6%), Minerals, Cereal Extract, Edible Vegetable Oil (Palmolein), lodized Salt, Colour (INS 150d), Vitamins, Antioxidant (INS 320). CONTAINS PERMITTED NATURAL COLOUR & ADDED FLAVOURS (NATURE IDENTICAL & ARTIFICIAL CREAM FLAVOURING SUBSTANCES) CONTAINS GLUTEN. MAY CONTAIN TRACES OF TREENUT.",390,3,1.333333,84,30,3.666667,8.666667,1,0.4,d,16,4 - Ultra processed food and drink products
8906008350500,Oats,Manna,Rolled oats,Oats,402,10,2,67,2,14,11,0,0,unknown,0,1 - Unprocessed or minimally processed foods
8904320002565,OATS,Disano,"Rolled oats, Oat",Rolled Oats,398,7.38,1.31,65.07,1,14.1,17.83,0.000013,0.000005,a,-10,1 - Unprocessed or minimally processed foods
8901499011466,Corn Flakes Real Almond Honey,Kellogg's,Corn flakes,,409,6.7,4,81.9,30,1.8,6.2,1.075,0.43,e,21,
8904335600756,Yoga bar oats dark chocolate,,Breakfast cereals,"Oats 52%, Seeds & Dry Fruits 11% (Chia Seeds, Pumpkin, Black Raisins). Raw Sugar, Cocoa Powder, Dehydrated Dates Powder, Rice Bran Oil, Himalayan Pink Salt. Contains Added Natural Flavour: Rosemary Extract, Chocolate. Commodity: 6.3 Breakfast Cereal (Proprietary Food) Allergen Advice: CONTAINS OATS, which are processed in a plant where products containing gluten are manufactured.",413,10.9,2.6,67.6,18.1,10,11.2,0.148,0.0592,c,7,4 - Ultra processed food and drink products
8901499010230,Oats,Kellog's,"Rolled oats, Oat",Oats,379,9,1.7,67.8,1.3,10,11.6,0.0175,0.007,a,-7,1 - Unprocessed or minimally processed foods
8903363007636,Nutri Delite 2 in 1s,Nutri Delite,Extruded cereals,"WHEAT SOLIDS(46%)[REFINED WHEAT FLOUR (MAIDA)(33.3%), WHOLE WHEAT FLOUR (ATTA)(12.6%)] SUGAR, CORN FLOUR, OAT FLOUR, RICE FLOUR, COCOA POWDER(2.6%), LIQUID GLUCOSE, WHEAT BRAN, PALMOLEIN OIL, MALT EXTRACT, IODISED SALT, ARTIFICIAL FLAVOURING SUSTANCES - CHOCOLATE, VANILLA, HONEY, CALCIUM CARBONATE, SOYA LECITHIN (INS 322 (i)), MINERALS AND VITAMINS, NATURAL COLOUR (INS 150d), TOCOPHEROL (INS 307b)",387.5,2.9,1.2,81.6,32.7,0,6.5,0.28,0.112,d,15,4 - Ultra processed food and drink products
8906076132640,Whole Wheat Loaf,The Baker’s Dozen,Sliced breads,"Whole Wheat Flour (Atta) (52%), Sourdough (3%) (Whole Wheat Flour, Water, Salt), Yeast, Vinegar, Sunflower Oil, Sugar, Fermented Wheat Flour, lodized Salt, Gluten, Flour Treatment Agent (INS 1100 (i)). Allergen Declaration: Contains Wheat & Soy. PROCESSED IN A FACILITY THAT HANDLES KNOWN ALLERGENS.",253,2,0.3,49,11,10,10,1.0625,0.425,c,6,4 - Ultra processed food and drink products
8906127551086,Alpino Super Oats Chocolate,Alpino,"Breakfast cereals, Oat","ROLLED JUMBO OATS (51.6%) NATURAL PEANUT BUTTER (22%)[PEANUTS] PROTEIN BLEND (15.2%) [TEXTURIZED SOYA PROTEIN &SOYA NUGGETS] DRY FRUITS & NUTS (6.0%) [ALMOND SLICE, RAISINS, SUNFLOWER SEEDS] COCOA POWDER (5.0%) MONK FRUIT POWDER. SWEETENER STEVIA POWDER] ANTIOXIDANT [ROSEMARY EXTRACT]",451,16.5,3.8,56,6.3,11,25,0.10625,0.0425,a,-7,1 - Unprocessed or minimally processed foods
8901499008343,CornFlakes Almond Honey,Kellogg's,Corn flakes,,409,8.7,4,81.9,30,1.8,6.2,1.075,0.43,e,21,
8901499010216,Corn Flakes1.20 kg,Kellogg's,Corn flakes,"Corn Grits (90%), Sugar, Cereal Extract, Iodized Salt, Vitamins, Minerals and Antioxidant (INS 307b). CONTAINS GLUTEN. MAY CONTAIN TRACES OF TREENUT.",378,1,0.6,86.9,9.2,2.5,6.7,1.225,0.49,d,12,3 - Processed foods
8904335602071,Yoga Bar Oats+ Choco Almond,Yoga Bar,Oat,"Whole Grain 40% (Oats), Dehydrated Fruits, Seeds & Nuts 31% (Dates, Almonds, Raisins, Pumpkin & Chia Seeds), Protein Blend 15% (WPI + Soy Protein), 10.7% Cocoa Powders, Rice Bran Oil, Himalayan Pink Salt. Probiotics (Bacillus Coagulans SNZ 1969)",323,7.2,0,48,14.7,14,23.5,0.2,0.08,unknown,0,3 - Processed foods
8906113490894,Soulfull Millet muesli,Tata,Mueslis,"Rolled Oats (35%), Whole Wheat Flakes (20%), Millets (16%) [Ragi (9.7%), Jowar (6.3%)], Refined Sugar, Corn Flakes (5%), Invert Sugar Syrup, Almond (3%), Raisins (3%), Honey (1.3%), Malt Extract, Wheat Bran, Edible Vegetable Oil (Palmolein), Emulsifier (INS 322(i)), lodised Salt, Anticaking Agent (INS 170(i)), Natural Flavour, Antioxidant (INS 320). ALLERGENS: Contains Nut, Oats, Soy, Wheat.",405,5.7,1.6,80,16,8.7,8.8,0.4625,0.185,c,7,4 - Ultra processed food and drink products
8903553002458,udad papad,Ram Bandhu,"Papadum, Papadium",,0,0,0,54,1.4,0,23,4420,1768,unknown,0,
8906001381143,Whole Wheat Bread,English Oven,Breads,"Whole Wheat Flour (Atta-87%)*, Sugar, Wheat Gluten, Yeast, Iodised Salt, Edible Vegetable Oil (Rice Bran), Wheat Bran, Class II Preservative (282), Malt Powder, Emulsifiers [471, 472e 481 (1)], Improvers (170(i), 510, 923, 1100] and Antioxidant (300).",281,2.03,0.47,50.15,5.61,9.97,10.59,1.185,0.474,a,0,4 - Ultra processed food and drink products
8901088759533,Masala Oats Classic Masala,Saffola,Breakfast cereals,,365.789474,7.631579,1.842105,70.526316,6.052632,9.736842,8.684211,5.222368,2.088947,e,22,
8904335600329,Dark Chocolate And Cranberry Muesli,Yoga Bar,"Mueslis, Rolled oats (small)",,408,11.6,3.4,69,14.9,10,12,0.28575,0.1143,c,8,
8908001032049,Everyday Milk Bread,Everyday,Breads,"Refined wheat flour, Sugar, Yeast, Iodised Salt, Refined Palmolein Oil, Soya Flour, Emulsifier (INS 476, 471, 481 (1)), Preservative (INS 282), Condensed Milk, Antioxidant (INS 300), Improver (INS 1100). Acidity Regulator (INS 260).",242,2,0.8,50,20,0,6,1.275,0.51,d,14,4 - Ultra processed food and drink products
8901499009289,Cornflakes Almond Honey (Kellogg's),Kellogg's,Corn flakes,"Corn Grits (61.7%), Sugar, Sliced Almonds (9.0%), Cereal Extract, Dextrose, Honey (1.6%) , Iodized Salt, Vitamins, Minerals, Colour (INS 150d) & Antioxidants (INS 320). CONTAINS PERMITTED NATURAL COLOUR & ADDED FLAVOUR (NATURE-IDENTICAL FLAVOURING SUBSTANCES)",410,6.666667,4,82,25,1.666667,6.333333,1.083333,0.433333,e,20,4 - Ultra processed food and drink products
8906113490801,Masala Oats and Millets,Tata Soulfull,"Millet, Rolled oats","Rolled Oats (50%), Foxtail Millet (Navane) (20%), Mixed Masala Powder (20%) (Maltodextrin, lodised Salt, Mixed Spices, Refined Sugar), Natural Flavor, Hydrolyzed Vegetable Protein, Anticaking Agent(INS 551),Stabilizer (INS 414), Nature-Identical Flavor Substances, Flavor Enhancers (INS 627, INS 631)), Jowar (5%) Dried Vegetables (Carrots-1.2%, Onion-0.8%, Peas-0.6%), Palm oil, Dried Coriander Leaves (0.2%), Antioxidant (INS 320)",400,10.4,4.1,64.6,6.3,10.8,11.3,4.75,1.9,e,22,4 - Ultra processed food and drink products
8906008811902,Pro Immunity Multi-source Edible Oil,Fortune,"Sunflower oils, Rice bran oils","Physically Refined Rice Bran Oil (80%), Refined Sunflower Oil (20%), Permitted Antioxidants TBHQ (E-319) & Citric Acid (E-330), Permitted antifoaming agent DMPS (E-900a), Vitamins A & D",900,100,28,0,0,0,0,0,0,d,12,4 - Ultra processed food and drink products
8901088002530,Tasty+,Saffola,Refined cereal oils,"PHYSICALLY REFINED RICE BRAN OIL, REFINED CORN OIL, ANTIOXIDANTS (INS 319, 330), VITAMINS, ANTI FOAMING AGENT (INS 900a)",900,100,21,0,0,0,0,0,0,c,8,4 - Ultra processed food and drink products
8904132928657,Oats,Aarambh,"Rolled oats, Oat",Rolled Oats,428,9.1,1.8,68.9,1.3,10.7,12.2,0.01425,0.0057,a,-8,1 - Unprocessed or minimally processed foods
8903363008770,Oats,Nutri Delite,Rolled oats,Rolled oats,407,9.7,1.8,67.7,0.9,0,12.1,0.00675,0.0027,a,-4,1 - Unprocessed or minimally processed foods